customer_id,recency_days,frequency,monetary,recency_score,frequency_score,monetary_score,rfm_total,segment
12636.0,738.0,1,141.0,1,1,1,3,Lost
17592.0,738.0,1,148.3,1,1,1,3,Lost
17087.0,737.0,1,221.53,1,1,1,3,Lost
15833.0,737.0,1,80.4,1,1,1,3,Lost
13526.0,737.0,2,1182.0000000000005,1,2,3,6,At Risk
14654.0,737.0,1,246.85999999999999,1,1,1,3,Lost
17056.0,737.0,1,128.60000000000002,1,1,1,3,Lost
17818.0,737.0,1,124.78000000000002,1,1,1,3,Lost
14106.0,736.0,1,214.79999999999998,1,1,1,3,Lost
17909.0,736.0,1,110.05000000000001,1,1,1,3,Lost
14980.0,736.0,1,150.67999999999998,1,1,1,3,Lost
12934.0,736.0,1,181.65,1,1,1,3,Lost
16301.0,736.0,1,107.33,1,1,1,3,Lost
17606.0,736.0,1,87.30000000000001,1,2,1,4,Lost
14347.0,736.0,1,82.60000000000001,1,2,1,4,Lost
16192.0,735.0,1,351.3,1,1,2,4,Lost
15999.0,735.0,1,20.4,1,1,1,3,Lost
16645.0,735.0,1,160.39,1,1,1,3,Lost
14750.0,735.0,1,112.03000000000002,1,1,1,3,Lost
17271.0,735.0,1,204.29999999999995,1,1,1,3,Lost
15794.0,735.0,2,777.0000000000001,1,2,2,5,Lost
14979.0,734.0,1,429.66,1,1,2,4,Lost
16541.0,734.0,1,424.03,1,1,2,4,Lost
17151.0,734.0,1,231.9,1,1,1,3,Lost
14468.0,733.0,1,204.23999999999998,1,1,1,3,Lost
16410.0,733.0,1,130.32000000000002,1,1,1,3,Lost
16277.0,733.0,1,188.69,1,1,1,3,Lost
14717.0,732.0,1,81.30000000000001,1,2,1,4,Lost
14003.0,732.0,1,209.41,1,1,1,3,Lost
15479.0,732.0,1,147.39999999999998,1,1,1,3,Lost
13905.0,732.0,1,312.6500000000001,1,1,1,3,Lost
14955.0,732.0,1,163.77000000000004,1,1,1,3,Lost
14574.0,732.0,1,143.7,1,1,1,3,Lost
16964.0,732.0,2,207.85,1,2,1,4,Lost
14123.0,732.0,1,436.1799999999999,1,1,2,4,Lost
18162.0,731.0,1,371.50999999999993,1,1,2,4,Lost
12443.0,731.0,1,485.31,1,1,2,4,Lost
13025.0,731.0,1,323.3900000000001,1,1,1,3,Lost
17441.0,731.0,1,293.35,1,1,1,3,Lost
15924.0,730.0,1,102.82,1,2,1,4,Lost
17178.0,730.0,1,432.95999999999987,1,1,2,4,Lost
15162.0,730.0,1,312.9,1,1,1,3,Lost
13204.0,730.0,1,966.6600000000002,1,2,3,6,At Risk
13114.0,730.0,1,234.38,1,1,1,3,Lost
12487.0,730.0,1,285.29999999999995,1,1,1,3,Lost
16459.0,729.0,1,71.79,1,1,1,3,Lost
15642.0,729.0,1,105.78000000000003,1,1,1,3,Lost
17296.0,729.0,1,338.13,1,1,1,3,Lost
13498.0,729.0,1,327.38,1,1,1,3,Lost
15302.0,729.0,1,308.00000000000006,1,1,1,3,Lost
15085.0,729.0,1,347.53999999999996,1,1,2,4,Lost
15209.0,729.0,1,178.98,1,1,1,3,Lost
16901.0,728.0,1,204.26000000000002,1,1,1,3,Lost
16663.0,728.0,1,165.0,1,1,1,3,Lost
12979.0,728.0,1,517.6999999999999,1,1,2,4,Lost
17487.0,727.0,1,160.55,1,1,1,3,Lost
13768.0,726.0,2,875.97,1,2,3,6,At Risk
17910.0,725.0,1,261.69999999999993,1,1,1,3,Lost
14977.0,725.0,1,31.929999999999996,1,1,1,3,Lost
13087.0,725.0,1,313.64000000000004,1,1,1,3,Lost
17066.0,725.0,1,228.34,1,1,1,3,Lost
15534.0,725.0,1,162.25,1,1,1,3,Lost
17318.0,724.0,1,157.32999999999998,1,1,1,3,Lost
12992.0,724.0,1,93.35000000000001,1,2,1,4,Lost
15672.0,724.0,1,45.300000000000004,1,1,1,3,Lost
17067.0,724.0,3,454.5400000000001,1,2,2,5,Lost
17012.0,724.0,1,360.6099999999999,1,1,2,4,Lost
16064.0,724.0,1,109.31000000000003,1,1,1,3,Lost
15188.0,724.0,1,310.43,1,1,1,3,Lost
14042.0,724.0,1,431.97999999999996,1,1,2,4,Lost
16280.0,724.0,1,238.05,1,1,1,3,Lost
15499.0,723.0,1,158.64999999999995,1,1,1,3,Lost
13289.0,723.0,1,307.95,1,1,1,3,Lost
12941.0,723.0,1,377.4900000000002,1,1,2,4,Lost
16605.0,723.0,1,60.48,1,1,1,3,Lost
17833.0,722.0,1,338.46000000000004,1,1,1,3,Lost
16195.0,722.0,1,323.25,1,1,1,3,Lost
16694.0,722.0,1,98.30000000000001,1,2,1,4,Lost
18186.0,722.0,1,329.58,1,1,1,3,Lost
18201.0,722.0,1,447.53000000000003,1,1,2,4,Lost
14095.0,722.0,1,2.95,1,2,1,4,Lost
18012.0,722.0,1,115.3,1,1,1,3,Lost
16439.0,721.0,1,310.70000000000005,1,1,1,3,Lost
17927.0,721.0,1,294.0,1,1,1,3,Lost
17103.0,721.0,1,424.29999999999995,1,1,2,4,Lost
16908.0,721.0,1,252.58999999999997,1,1,1,3,Lost
15409.0,720.0,1,131.25,1,1,1,3,Lost
13847.0,719.0,1,310.71999999999997,1,1,1,3,Lost
13111.0,718.0,1,321.88000000000005,1,1,1,3,Lost
14969.0,703.0,1,906.2300000000001,1,2,3,6,At Risk
15324.0,700.0,1,140.22000000000003,1,1,1,3,Lost
18115.0,697.0,1,9.7,1,1,1,3,Lost
17945.0,696.0,3,360.3499999999999,1,3,2,6,At Risk
13622.0,695.0,1,658.95,1,1,2,4,Lost
17352.0,695.0,1,36.25,1,1,1,3,Lost
14137.0,695.0,1,332.7,1,1,1,3,Lost
16304.0,694.0,1,381.65999999999997,1,1,2,4,Lost
12860.0,692.0,1,54.22,1,1,1,3,Lost
15413.0,691.0,5,6798.719999999999,1,3,4,8,Loyal
13907.0,691.0,1,136.8,1,1,1,3,Lost
14892.0,690.0,1,202.35,1,1,1,3,Lost
12470.0,689.0,1,211.95,1,1,1,3,Lost
16867.0,689.0,1,76.74,1,1,1,3,Lost
15697.0,689.0,1,246.75,1,1,1,3,Lost
15375.0,689.0,1,60.959999999999994,1,1,1,3,Lost
13315.0,688.0,1,310.26000000000005,1,1,1,3,Lost
14983.0,688.0,1,183.20000000000002,1,1,1,3,Lost
13457.0,688.0,2,148.22,1,2,1,4,Lost
17875.0,687.0,1,167.10000000000002,1,1,1,3,Lost
14207.0,687.0,1,157.8,1,1,1,3,Lost
17794.0,686.0,2,147.3,1,2,1,4,Lost
14274.0,685.0,1,256.59999999999997,1,1,1,3,Lost
16822.0,685.0,1,181.39000000000004,1,1,1,3,Lost
14879.0,684.0,1,185.06000000000003,1,1,1,3,Lost
13036.0,684.0,1,307.1,1,1,1,3,Lost
14070.0,684.0,1,321.59999999999997,1,1,1,3,Lost
14519.0,683.0,2,203.14000000000004,1,2,1,4,Lost
18199.0,683.0,1,344.74999999999994,1,1,2,4,Lost
14751.0,683.0,2,126.45000000000002,1,2,1,4,Lost
14376.0,682.0,1,215.45999999999995,1,1,1,3,Lost
12439.0,682.0,2,1142.8800000000003,1,2,3,6,At Risk
15959.0,681.0,3,542.8899999999998,1,3,2,6,At Risk
12404.0,681.0,1,63.24,1,1,1,3,Lost
12570.0,681.0,1,77.52,1,1,1,3,Lost
16481.0,681.0,1,453.38,1,1,2,4,Lost
12466.0,681.0,1,56.73,1,1,1,3,Lost
16291.0,681.0,1,117.72,1,1,1,3,Lost
16047.0,681.0,1,107.14,1,1,1,3,Lost
12869.0,681.0,1,337.6700000000001,1,1,1,3,Lost
12606.0,681.0,1,21.0,1,1,1,3,Lost
16051.0,681.0,1,188.44,1,1,1,3,Lost
14380.0,681.0,1,48.96,1,1,1,3,Lost
12555.0,681.0,1,129.23,1,1,1,3,Lost
12846.0,681.0,1,15.58,1,1,1,3,Lost
17982.0,680.0,1,138.17999999999998,1,1,1,3,Lost
14831.0,679.0,3,1676.5699999999997,1,3,3,7,At Risk
14613.0,679.0,1,76.32000000000001,1,1,1,3,Lost
15487.0,679.0,1,231.32000000000002,1,1,1,3,Lost
16137.0,679.0,1,422.69999999999993,1,1,2,4,Lost
16802.0,678.0,2,582.6100000000004,1,2,2,5,Lost
16673.0,678.0,1,171.13,1,1,1,3,Lost
15588.0,677.0,1,579.6,1,1,2,4,Lost
13511.0,676.0,1,282.76,1,1,1,3,Lost
15338.0,676.0,1,277.9299999999999,1,1,1,3,Lost
14637.0,676.0,1,106.67999999999999,1,1,1,3,Lost
13392.0,676.0,1,91.14,1,2,1,4,Lost
15317.0,676.0,1,129.75,1,1,1,3,Lost
18175.0,675.0,1,176.10000000000002,1,1,1,3,Lost
13628.0,675.0,1,310.14,1,1,1,3,Lost
12848.0,675.0,1,208.00000000000003,1,1,1,3,Lost
13553.0,674.0,1,499.5999999999997,1,1,2,4,Lost
13757.0,674.0,1,195.55,1,1,1,3,Lost
12396.0,673.0,1,931.4300000000003,1,2,3,6,At Risk
14545.0,673.0,1,349.25,1,1,2,4,Lost
13009.0,672.0,1,234.0,1,1,1,3,Lost
17328.0,672.0,1,104.7,1,1,1,3,Lost
14151.0,672.0,2,679.4499999999998,1,2,2,5,Lost
13234.0,672.0,2,346.5,1,2,2,5,Lost
18267.0,672.0,1,269.37,1,1,1,3,Lost
16082.0,669.0,1,106.75,1,1,1,3,Lost
18070.0,668.0,1,314.09999999999997,1,1,1,3,Lost
13119.0,668.0,1,134.9,1,1,1,3,Lost
15082.0,668.0,1,93.35000000000002,1,2,1,4,Lost
15892.0,668.0,1,128.20000000000005,1,1,1,3,Lost
14884.0,668.0,1,120.60000000000001,1,1,1,3,Lost
17810.0,668.0,2,373.15999999999997,1,2,2,5,Lost
17294.0,668.0,2,467.78999999999996,1,2,2,5,Lost
17319.0,668.0,1,29.1,1,1,1,3,Lost
16530.0,667.0,1,48.349999999999994,1,1,1,3,Lost
16436.0,667.0,3,319.13999999999993,1,3,1,5,Lost
15176.0,667.0,1,988.0400000000002,1,2,3,6,At Risk
12776.0,667.0,1,55.5,1,1,1,3,Lost
16577.0,666.0,1,379.99999999999994,1,1,2,4,Lost
17575.0,666.0,1,171.7,1,1,1,3,Lost
13442.0,666.0,3,419.87000000000006,1,2,2,5,Lost
15765.0,666.0,1,370.6299999999999,1,1,2,4,Lost
17780.0,666.0,3,346.55999999999995,1,3,2,6,At Risk
14072.0,666.0,1,390.85,1,1,2,4,Lost
15293.0,665.0,1,247.49999999999997,1,1,1,3,Lost
14190.0,665.0,1,79.9,1,1,1,3,Lost
17108.0,663.0,1,174.95,1,1,1,3,Lost
15964.0,662.0,1,269.21000000000004,1,1,1,3,Lost
15359.0,662.0,8,181.35,1,4,1,6,At Risk
14943.0,662.0,1,107.62,1,1,1,3,Lost
14989.0,661.0,1,342.4,1,1,2,4,Lost
17778.0,661.0,1,197.7,1,1,1,3,Lost
17662.0,661.0,2,412.9200000000001,1,2,2,5,Lost
17136.0,661.0,1,231.67999999999995,1,1,1,3,Lost
15371.0,661.0,1,59.400000000000006,1,1,1,3,Lost
18285.0,660.0,1,427.0,1,1,2,4,Lost
15662.0,660.0,2,283.73,1,2,1,4,Lost
14244.0,660.0,1,366.4200000000001,1,1,2,4,Lost
18153.0,658.0,1,246.21999999999997,1,1,1,3,Lost
13604.0,658.0,1,717.62,1,1,2,4,Lost
17721.0,658.0,1,307.21000000000004,1,1,1,3,Lost
15693.0,658.0,1,37.5,1,1,1,3,Lost
14783.0,658.0,1,307.3,1,1,1,3,Lost
13191.0,657.0,1,164.69000000000005,1,1,1,3,Lost
12416.0,656.0,1,202.56,1,1,1,3,Lost
15928.0,655.0,1,293.53,1,1,1,3,Lost
14602.0,655.0,1,205.35999999999996,1,1,1,3,Lost
17439.0,655.0,1,325.74,1,1,1,3,Lost
17195.0,654.0,1,562.9799999999998,1,1,2,4,Lost
14726.0,654.0,1,116.50000000000001,1,1,1,3,Lost
14091.0,653.0,2,9530.079999999998,1,2,4,7,At Risk
16388.0,653.0,1,186.04999999999998,1,1,1,3,Lost
13490.0,653.0,1,154.25,1,1,1,3,Lost
15295.0,653.0,1,207.04,1,1,1,3,Lost
14558.0,653.0,3,655.5,1,3,2,6,At Risk
13469.0,652.0,1,82.4,1,2,1,4,Lost
16118.0,652.0,1,4376.25,1,1,4,6,At Risk
13765.0,652.0,1,352.82099999999997,1,1,2,4,Lost
13944.0,652.0,1,200.42999999999998,1,1,1,3,Lost
17207.0,651.0,1,292.62000000000006,1,1,1,3,Lost
14402.0,651.0,1,285.59999999999997,1,1,1,3,Lost
15943.0,649.0,2,271.28999999999996,1,2,1,4,Lost
18046.0,649.0,1,189.63,1,1,1,3,Lost
15477.0,649.0,1,368.4,1,1,2,4,Lost
14131.0,648.0,1,168.22000000000003,1,1,1,3,Lost
17305.0,648.0,1,2135.46,1,2,3,6,At Risk
17209.0,648.0,3,595.7,1,3,2,6,At Risk
16273.0,647.0,2,318.34,1,2,1,4,Lost
17116.0,647.0,1,389.78,1,1,2,4,Lost
16731.0,647.0,1,170.29999999999998,1,1,1,3,Lost
17638.0,646.0,2,842.4,1,2,2,5,Lost
18148.0,646.0,1,112.85000000000001,1,1,1,3,Lost
15927.0,646.0,1,106.54000000000002,1,1,1,3,Lost
13793.0,646.0,1,96.0,1,2,1,4,Lost
18152.0,645.0,1,426.68999999999994,1,1,2,4,Lost
16285.0,645.0,1,176.89999999999995,1,1,1,3,Lost
13879.0,645.0,1,395.50000000000006,1,1,2,4,Lost
15875.0,645.0,1,108.51999999999998,1,1,1,3,Lost
14018.0,644.0,1,367.15,1,1,2,4,Lost
17577.0,644.0,2,348.75,1,2,2,5,Lost
12568.0,644.0,1,70.0,1,1,1,3,Lost
15929.0,643.0,1,594.0,1,1,2,4,Lost
18253.0,642.0,1,317.88,1,1,1,3,Lost
15631.0,641.0,1,596.6700000000002,1,1,2,4,Lost
16534.0,641.0,1,635.9000000000002,1,1,2,4,Lost
14369.0,641.0,2,469.1299999999999,1,2,2,5,Lost
18029.0,641.0,1,433.77,1,1,2,4,Lost
15250.0,640.0,1,60.0,1,1,1,3,Lost
13454.0,640.0,1,219.87000000000003,1,1,1,3,Lost
17488.0,640.0,1,336.5,1,1,1,3,Lost
12495.0,640.0,1,357.40000000000003,1,1,2,4,Lost
16537.0,640.0,1,23.35,1,1,1,3,Lost
13641.0,640.0,5,1016.4700000000003,1,3,3,7,At Risk
17907.0,640.0,1,291.75999999999993,1,1,1,3,Lost
13413.0,639.0,6,429.44000000000005,1,3,2,6,At Risk
15558.0,638.0,1,202.67999999999998,1,1,1,3,Lost
12954.0,638.0,1,162.45000000000002,1,1,1,3,Lost
17065.0,637.0,2,194.7,1,2,1,4,Lost
12692.0,636.0,1,110.95,1,1,1,3,Lost
15941.0,636.0,1,405.0,1,1,2,4,Lost
13724.0,636.0,1,213.01,1,1,1,3,Lost
16911.0,635.0,2,255.24999999999991,1,2,1,4,Lost
13688.0,634.0,1,375.5,1,1,2,4,Lost
13543.0,633.0,2,1439.61,1,2,3,6,At Risk
18051.0,633.0,7,2282.28,1,4,4,9,Loyal
13530.0,633.0,1,402.98,1,1,2,4,Lost
12366.0,633.0,1,500.24,1,1,2,4,Lost
13612.0,632.0,1,818.2900000000003,1,2,2,5,Lost
14604.0,632.0,1,143.86,1,1,1,3,Lost
17568.0,632.0,1,374.44999999999993,1,1,2,4,Lost
17479.0,632.0,1,389.26,1,1,2,4,Lost
17933.0,631.0,1,114.69000000000001,1,1,1,3,Lost
18131.0,631.0,1,222.95999999999998,1,1,1,3,Lost
18187.0,631.0,1,724.8900000000001,1,1,2,4,Lost
13902.0,631.0,5,34095.26000000001,1,3,4,8,Loyal
13128.0,630.0,1,263.5,1,1,1,3,Lost
15496.0,630.0,1,146.14000000000001,1,1,1,3,Lost
15760.0,630.0,2,13916.34,1,2,4,7,At Risk
16452.0,630.0,2,332.16999999999996,1,2,1,4,Lost
14832.0,629.0,1,322.69,1,1,1,3,Lost
16508.0,629.0,1,240.95000000000002,1,1,1,3,Lost
17916.0,628.0,2,43.870000000000005,1,2,1,4,Lost
12533.0,627.0,2,1367.8899999999996,1,2,3,6,At Risk
17587.0,627.0,1,176.71,1,1,1,3,Lost
12796.0,627.0,1,381.0,1,1,2,4,Lost
17285.0,627.0,2,407.9399999999999,1,2,2,5,Lost
14928.0,627.0,1,223.90999999999997,1,1,1,3,Lost
16397.0,627.0,1,123.13000000000002,1,1,1,3,Lost
12368.0,627.0,1,917.7000000000002,1,2,3,6,At Risk
14596.0,626.0,1,222.2199999999999,1,1,1,3,Lost
13896.0,625.0,1,388.55000000000007,1,1,2,4,Lost
16970.0,625.0,1,71.4,1,1,1,3,Lost
16077.0,625.0,1,2300.4,1,1,4,6,At Risk
12742.0,625.0,1,1201.52,1,1,3,5,Lost
13445.0,625.0,1,241.89999999999998,1,1,1,3,Lost
16296.0,625.0,4,1313.6700000000005,1,3,3,7,At Risk
16615.0,625.0,1,291.5,1,1,1,3,Lost
16578.0,625.0,1,156.6,1,1,1,3,Lost
12918.0,625.0,1,10953.5,1,1,4,6,At Risk
13459.0,624.0,2,1160.4099999999999,1,2,3,6,At Risk
12663.0,624.0,2,239.4,1,2,1,4,Lost
17072.0,624.0,1,273.35,1,1,1,3,Lost
16002.0,624.0,1,169.20999999999998,1,1,1,3,Lost
16741.0,624.0,1,173.06,1,1,1,3,Lost
15698.0,623.0,1,46.2,1,1,1,3,Lost
16090.0,623.0,1,180.55999999999997,1,1,1,3,Lost
14330.0,623.0,1,200.63000000000002,1,1,1,3,Lost
15911.0,623.0,8,1700.2400000000016,1,4,3,8,Loyal
18166.0,623.0,1,175.5,1,1,1,3,Lost
14074.0,622.0,1,219.4,1,1,1,3,Lost
15848.0,621.0,1,137.99,1,1,1,3,Lost
13825.0,621.0,2,255.58999999999997,1,2,1,4,Lost
14378.0,621.0,1,131.24999999999997,1,1,1,3,Lost
13053.0,621.0,1,127.64999999999999,1,1,1,3,Lost
15231.0,620.0,1,250.25999999999996,1,1,1,3,Lost
14809.0,620.0,2,686.76,1,2,2,5,Lost
14771.0,620.0,2,594.6199999999999,1,2,2,5,Lost
12861.0,619.0,1,68.25,1,1,1,3,Lost
13412.0,619.0,1,487.34999999999997,1,1,2,4,Lost
12496.0,619.0,2,45.339999999999996,1,2,1,4,Lost
15575.0,619.0,1,30.1,1,1,1,3,Lost
15029.0,619.0,1,365.1,1,1,2,4,Lost
16502.0,619.0,2,258.55,1,2,1,4,Lost
14706.0,618.0,1,367.54,1,1,2,4,Lost
15742.0,618.0,1,156.87,1,1,1,3,Lost
17586.0,618.0,1,167.40000000000003,1,1,1,3,Lost
13179.0,618.0,1,572.3100000000001,1,1,2,4,Lost
16704.0,617.0,2,664.1600000000001,1,2,2,5,Lost
13219.0,617.0,1,76.23000000000002,1,1,1,3,Lost
16845.0,617.0,1,253.88000000000002,1,1,1,3,Lost
17539.0,617.0,4,1176.8400000000001,1,3,3,7,At Risk
14694.0,616.0,1,244.31,1,1,1,3,Lost
17993.0,616.0,1,225.98999999999998,1,1,1,3,Lost
14200.0,616.0,1,379.2,1,1,2,4,Lost
17477.0,612.0,2,1144.3000000000004,1,2,3,6,At Risk
15770.0,612.0,1,321.45000000000005,1,1,1,3,Lost
13071.0,611.0,1,129.22,1,1,1,3,Lost
14990.0,611.0,2,304.1700000000001,1,2,1,4,Lost
16941.0,611.0,1,33.0,1,1,1,3,Lost
12711.0,611.0,2,1339.0500000000004,1,2,3,6,At Risk
13640.0,610.0,1,405.0,1,1,2,4,Lost
13852.0,610.0,1,187.35,1,1,1,3,Lost
15112.0,610.0,1,209.4,1,1,1,3,Lost
15309.0,610.0,4,797.9600000000002,1,3,2,6,At Risk
14160.0,609.0,7,8421.470000000003,1,4,4,9,Loyal
18271.0,609.0,2,680.85,1,2,2,5,Lost
17529.0,609.0,2,1240.2500000000005,1,2,3,6,At Risk
12786.0,609.0,1,728.5000000000002,1,1,2,4,Lost
13197.0,609.0,1,373.01,1,1,2,4,Lost
15613.0,609.0,1,433.71999999999997,1,1,2,4,Lost
13163.0,609.0,1,17.65,1,1,1,3,Lost
16944.0,609.0,1,101.36,1,2,1,4,Lost
15546.0,606.0,2,1079.1,1,2,3,6,At Risk
13180.0,606.0,1,86.10000000000001,1,2,1,4,Lost
14791.0,606.0,1,303.63,1,1,1,3,Lost
12671.0,605.0,1,2622.481,1,1,4,6,At Risk
15982.0,604.0,1,324.50999999999993,1,1,1,3,Lost
14172.0,604.0,3,369.02000000000004,1,3,2,6,At Risk
12459.0,604.0,1,454.35999999999984,1,1,2,4,Lost
17039.0,603.0,1,1954.99,1,2,3,6,At Risk
15771.0,603.0,3,1006.5400000000002,1,3,3,7,At Risk
13661.0,602.0,1,325.23999999999995,1,1,1,3,Lost
15354.0,602.0,3,284.4,1,3,1,5,Lost
12969.0,602.0,1,122.45,1,1,1,3,Lost
13287.0,602.0,3,781.5900000000001,1,2,2,5,Lost
16840.0,602.0,2,139.85,1,2,1,4,Lost
15979.0,602.0,1,329.22,1,1,1,3,Lost
17626.0,602.0,1,254.0,1,1,1,3,Lost
17842.0,601.0,1,430.69,1,1,2,4,Lost
15273.0,599.0,1,228.96,1,1,1,3,Lost
17474.0,599.0,1,1047.0,1,2,3,6,At Risk
13286.0,599.0,1,734.9099999999999,1,1,2,4,Lost
14845.0,599.0,1,150.0,1,1,1,3,Lost
14812.0,598.0,1,178.85000000000002,1,1,1,3,Lost
12780.0,598.0,1,337.4000000000001,1,1,1,3,Lost
15682.0,598.0,2,318.24,1,2,1,4,Lost
16548.0,598.0,1,30.150000000000002,1,1,1,3,Lost
17825.0,598.0,4,701.9599999999999,1,3,2,6,At Risk
17622.0,597.0,2,1130.2099999999998,1,2,3,6,At Risk
15455.0,597.0,1,38.25,1,1,1,3,Lost
13042.0,597.0,3,1488.5900000000006,1,3,3,7,At Risk
18134.0,597.0,2,445.0,1,2,2,5,Lost
12983.0,597.0,1,490.08,1,1,2,4,Lost
13935.0,596.0,3,6116.92,1,2,4,7,At Risk
17681.0,596.0,5,731.2,1,3,2,6,At Risk
13625.0,596.0,1,301.26,1,1,1,3,Lost
14917.0,596.0,2,1123.75,1,2,3,6,At Risk
13698.0,596.0,2,451.73,1,2,2,5,Lost
17240.0,595.0,1,130.6,1,1,1,3,Lost
15548.0,595.0,1,158.08999999999997,1,1,1,3,Lost
17057.0,595.0,1,294.74,1,1,1,3,Lost
16028.0,595.0,1,82.2,1,2,1,4,Lost
15474.0,595.0,1,150.35000000000002,1,1,1,3,Lost
17729.0,595.0,1,438.65,1,1,2,4,Lost
14556.0,595.0,3,815.6900000000004,1,2,2,5,Lost
16068.0,593.0,1,115.73000000000002,1,1,1,3,Lost
16585.0,593.0,2,341.5899999999999,1,2,1,4,Lost
14677.0,592.0,1,184.90999999999997,1,1,1,3,Lost
14743.0,592.0,1,50.48,1,1,1,3,Lost
13609.0,592.0,1,167.35000000000002,1,1,1,3,Lost
14773.0,592.0,1,140.54999999999998,1,1,1,3,Lost
18091.0,592.0,1,360.84999999999997,1,1,2,4,Lost
15586.0,592.0,3,1139.1,1,2,3,6,At Risk
14999.0,592.0,1,129.48,1,1,1,3,Lost
17093.0,592.0,1,235.88000000000002,1,1,1,3,Lost
16543.0,591.0,1,292.21,1,1,1,3,Lost
17185.0,591.0,3,229.45999999999992,1,3,1,5,Lost
17959.0,591.0,1,140.75,1,1,1,3,Lost
14471.0,590.0,2,400.95,1,2,2,5,Lost
16408.0,590.0,1,231.92999999999998,1,1,1,3,Lost
13775.0,590.0,1,1049.66,1,2,3,6,At Risk
12392.0,590.0,1,234.75000000000003,1,1,1,3,Lost
16749.0,590.0,2,4157.88,1,2,4,7,At Risk
16267.0,590.0,1,186.66000000000003,1,1,1,3,Lost
12698.0,589.0,1,339.75000000000006,1,1,1,3,Lost
17605.0,589.0,1,160.75,1,1,1,3,Lost
14724.0,589.0,1,341.9,1,1,1,3,Lost
18111.0,588.0,1,405.85,1,1,2,4,Lost
15954.0,588.0,1,190.74999999999997,1,1,1,3,Lost
14650.0,588.0,1,62.5,1,1,1,3,Lost
15818.0,587.0,1,340.5,1,1,1,3,Lost
14683.0,587.0,1,146.55999999999997,1,1,1,3,Lost
16651.0,586.0,1,136.2,1,1,1,3,Lost
17565.0,586.0,1,131.83000000000004,1,1,1,3,Lost
15229.0,585.0,1,160.5,1,1,1,3,Lost
13143.0,584.0,1,405.1000000000001,1,1,2,4,Lost
18163.0,583.0,1,728.8399999999998,1,1,2,4,Lost
12503.0,583.0,1,1126.0,1,1,3,5,Lost
15391.0,583.0,1,289.86999999999995,1,1,1,3,Lost
13039.0,583.0,4,1010.73,1,3,3,7,At Risk
13393.0,583.0,4,1131.45,1,3,3,7,At Risk
18028.0,582.0,1,192.05,1,1,1,3,Lost
15868.0,582.0,1,94.53,1,2,1,4,Lost
13400.0,582.0,1,310.83,1,1,1,3,Lost
15591.0,582.0,3,217.90000000000003,1,3,1,5,Lost
13830.0,581.0,1,156.85,1,1,1,3,Lost
17199.0,581.0,1,135.04,1,1,1,3,Lost
17225.0,581.0,1,131.14999999999998,1,1,1,3,Lost
14826.0,581.0,2,385.2,1,2,2,5,Lost
13175.0,581.0,2,831.45,1,2,2,5,Lost
17798.0,581.0,1,178.06999999999994,1,1,1,3,Lost
18254.0,580.0,1,267.9,1,1,1,3,Lost
14814.0,580.0,1,154.21,1,1,1,3,Lost
17028.0,580.0,3,1593.8300000000002,1,2,3,6,At Risk
13007.0,579.0,1,175.25,1,1,1,3,Lost
14941.0,578.0,1,182.10000000000002,1,1,1,3,Lost
14361.0,578.0,1,214.71,1,1,1,3,Lost
13407.0,578.0,3,2244.7000000000016,1,2,3,6,At Risk
13051.0,578.0,2,155.8,1,2,1,4,Lost
14678.0,578.0,1,403.39000000000004,1,1,2,4,Lost
14588.0,577.0,1,135.39000000000001,1,1,1,3,Lost
13943.0,577.0,1,246.54000000000002,1,1,1,3,Lost
18275.0,577.0,2,741.85,1,2,2,5,Lost
17077.0,577.0,1,306.0,1,1,1,3,Lost
17563.0,577.0,2,392.38,1,2,2,5,Lost
13834.0,576.0,2,324.19,1,2,1,4,Lost
12905.0,576.0,2,1018.4200000000001,1,2,3,6,At Risk
17016.0,576.0,1,552.3999999999999,1,1,2,4,Lost
13222.0,576.0,1,88.5,1,2,1,4,Lost
16487.0,576.0,2,209.39999999999995,1,2,1,4,Lost
14391.0,576.0,1,135.6,1,1,1,3,Lost
18197.0,575.0,1,230.1,1,1,1,3,Lost
15470.0,575.0,1,63.419999999999995,1,1,1,3,Lost
14685.0,575.0,8,4536.64,1,4,4,9,Loyal
16088.0,575.0,2,1437.43,1,2,3,6,At Risk
17484.0,575.0,2,209.56999999999996,1,2,1,4,Lost
12549.0,575.0,6,1575.6799999999998,1,3,3,7,At Risk
12482.0,575.0,29,23691.399999999987,1,4,4,9,Loyal
12894.0,574.0,1,157.35,1,1,1,3,Lost
17113.0,573.0,6,2305.5900000000006,1,3,4,8,Loyal
16922.0,572.0,1,611.0800000000008,1,1,2,4,Lost
14982.0,571.0,1,237.78,1,1,1,3,Lost
16507.0,571.0,1,142.70999999999998,1,1,1,3,Lost
13432.0,570.0,2,439.09999999999997,1,2,2,5,Lost
14017.0,570.0,1,229.75000000000003,1,1,1,3,Lost
18157.0,570.0,1,213.9,1,1,1,3,Lost
15282.0,569.0,1,348.59,1,1,2,4,Lost
14325.0,569.0,1,245.47999999999996,1,1,1,3,Lost
17184.0,568.0,2,198.40999999999997,1,2,1,4,Lost
16564.0,568.0,1,87.8,1,2,1,4,Lost
16664.0,568.0,1,109.20000000000002,1,1,1,3,Lost
13164.0,568.0,2,372.20000000000005,1,2,2,5,Lost
15559.0,567.0,1,1109.3999999999996,1,1,3,5,Lost
14464.0,567.0,2,111.0,1,2,1,4,Lost
13616.0,567.0,2,283.85,1,2,1,4,Lost
18208.0,565.0,1,360.08,1,1,2,4,Lost
15086.0,564.0,2,218.53,1,2,1,4,Lost
16831.0,564.0,1,91.80000000000001,1,2,1,4,Lost
18052.0,564.0,1,10877.18,1,1,4,6,At Risk
14394.0,564.0,1,93.8,1,2,1,4,Lost
14010.0,564.0,2,445.15000000000003,1,2,2,5,Lost
18000.0,563.0,1,124.25000000000001,1,1,1,3,Lost
12773.0,563.0,1,124.25,1,1,1,3,Lost
14993.0,563.0,1,36.13,1,1,1,3,Lost
17074.0,562.0,1,203.05,1,1,1,3,Lost
13020.0,562.0,2,618.9600000000003,1,2,2,5,Lost
16067.0,562.0,3,3269.11,1,3,4,8,Loyal
16604.0,562.0,2,432.45000000000005,1,2,2,5,Lost
16328.0,562.0,1,310.83,1,1,1,3,Lost
16844.0,562.0,2,614.34,1,2,2,5,Lost
15217.0,562.0,1,426.24,1,1,2,4,Lost
15323.0,562.0,3,434.59999999999997,1,2,2,5,Lost
15340.0,561.0,1,105.50000000000001,1,1,1,3,Lost
16695.0,561.0,2,191.89999999999998,1,2,1,4,Lost
15278.0,561.0,4,496.16,1,3,2,6,At Risk
16046.0,561.0,1,235.77999999999997,1,1,1,3,Lost
14938.0,561.0,2,2322.43,1,2,4,7,At Risk
15878.0,561.0,2,330.76999999999987,1,2,1,4,Lost
16035.0,559.0,1,217.73000000000002,1,1,1,3,Lost
17583.0,559.0,1,135.95,1,1,1,3,Lost
12499.0,559.0,1,393.71999999999997,1,1,2,4,Lost
17617.0,558.0,1,385.18999999999994,1,1,2,4,Lost
12943.0,557.0,2,496.4999999999999,1,2,2,5,Lost
15711.0,556.0,2,420.25,1,2,2,5,Lost
18038.0,555.0,1,141.48000000000002,1,1,1,3,Lost
15715.0,555.0,5,658.0200000000002,1,3,2,6,At Risk
17845.0,554.0,4,596.0899999999999,1,3,2,6,At Risk
15305.0,554.0,1,93.6,1,2,1,4,Lost
12677.0,554.0,2,395.1,1,2,2,5,Lost
14033.0,554.0,1,109.44,1,1,1,3,Lost
16896.0,554.0,1,103.95000000000002,1,1,1,3,Lost
16798.0,553.0,3,841.1600000000008,1,2,2,5,Lost
17216.0,553.0,1,63.60000000000001,1,1,1,3,Lost
12675.0,553.0,2,957.2500000000002,1,2,3,6,At Risk
15731.0,553.0,1,125.30000000000001,1,1,1,3,Lost
18206.0,552.0,1,314.65999999999997,1,1,1,3,Lost
18234.0,551.0,1,179.59999999999997,1,1,1,3,Lost
12911.0,551.0,1,1651.720000000001,1,2,3,6,At Risk
16335.0,551.0,7,2753.5200000000004,1,4,4,9,Loyal
17009.0,550.0,1,242.06,1,1,1,3,Lost
13056.0,550.0,1,209.48,1,1,1,3,Lost
17915.0,550.0,1,225.77999999999997,1,1,1,3,Lost
15956.0,550.0,2,617.5999999999999,1,2,2,5,Lost
18137.0,550.0,2,145.99,1,2,1,4,Lost
14786.0,549.0,1,90.96000000000001,1,2,1,4,Lost
17784.0,549.0,1,112.86,1,1,1,3,Lost
17543.0,549.0,1,120.05000000000001,1,1,1,3,Lost
14028.0,549.0,3,10396.5,1,2,4,7,At Risk
18100.0,549.0,1,451.55999999999995,1,1,2,4,Lost
14671.0,548.0,2,1127.45,1,2,3,6,At Risk
17417.0,548.0,1,164.17999999999998,1,1,1,3,Lost
17808.0,548.0,4,262.64,1,3,1,5,Lost
14308.0,548.0,2,1147.02,1,2,3,6,At Risk
15352.0,548.0,1,111.14999999999999,1,1,1,3,Lost
18103.0,548.0,1,105.80000000000001,1,1,1,3,Lost
17032.0,547.0,8,2984.32,1,4,4,9,Loyal
17971.0,547.0,1,161.94000000000003,1,1,1,3,Lost
15183.0,547.0,3,639.9299999999998,1,3,2,6,At Risk
17902.0,546.0,1,216.39999999999998,1,1,1,3,Lost
15684.0,546.0,3,173.95,1,2,1,4,Lost
13794.0,546.0,1,126.03,1,1,1,3,Lost
17246.0,546.0,2,38.92,1,2,1,4,Lost
16862.0,546.0,4,662.3300000000002,1,3,2,6,At Risk
13438.0,546.0,1,46.5,1,1,1,3,Lost
13337.0,545.0,1,1575.2599999999995,1,2,3,6,At Risk
14255.0,545.0,1,1000.63,1,2,3,6,At Risk
16547.0,545.0,1,104.25999999999999,1,1,1,3,Lost
13619.0,544.0,2,224.9399999999999,1,2,1,4,Lost
18020.0,543.0,1,190.48000000000005,1,1,1,3,Lost
16622.0,543.0,1,225.39999999999998,1,1,1,3,Lost
16132.0,543.0,2,664.2,1,2,2,5,Lost
13383.0,543.0,1,305.28000000000003,1,1,1,3,Lost
13190.0,543.0,3,570.6600000000001,1,3,2,6,At Risk
17922.0,542.0,1,170.4,1,1,1,3,Lost
15905.0,542.0,1,114.69000000000001,1,1,1,3,Lost
15926.0,541.0,1,134.44,1,1,1,3,Lost
15040.0,541.0,1,7.49,1,1,1,3,Lost
15816.0,541.0,2,144.15,1,2,1,4,Lost
17020.0,541.0,2,935.6199999999998,1,2,3,6,At Risk
14374.0,540.0,1,108.00000000000001,1,1,1,3,Lost
16538.0,540.0,3,395.07000000000005,1,2,2,5,Lost
13112.0,540.0,1,20.6,1,1,1,3,Lost
12746.0,540.0,1,254.55,1,1,1,3,Lost
13608.0,540.0,1,232.05,1,1,1,3,Lost
13586.0,540.0,1,127.28,1,1,1,3,Lost
17401.0,540.0,1,114.85000000000001,1,1,1,3,Lost
16492.0,540.0,1,385.55999999999995,1,1,2,4,Lost
16925.0,539.0,1,125.65000000000002,1,1,1,3,Lost
16661.0,539.0,4,932.7600000000002,1,3,3,7,At Risk
15718.0,539.0,1,293.78999999999996,1,1,1,3,Lost
17953.0,539.0,1,159.17000000000002,1,1,1,3,Lost
17610.0,539.0,5,1511.9400000000003,1,3,3,7,At Risk
14919.0,538.0,1,359.35,1,1,2,4,Lost
13676.0,538.0,2,243.9,1,2,1,4,Lost
12932.0,538.0,8,1698.5600000000004,1,4,3,8,Loyal
16486.0,537.0,1,134.36,1,1,1,3,Lost
15538.0,537.0,6,3358.4,1,3,4,8,Loyal
18128.0,536.0,1,399.28999999999985,1,1,2,4,Lost
15126.0,536.0,2,449.49,1,2,2,5,Lost
16390.0,536.0,3,467.5000000000001,1,2,2,5,Lost
12774.0,535.0,1,98.7,1,2,1,4,Lost
12634.0,535.0,2,489.99999999999994,1,2,2,5,Lost
17192.0,535.0,1,75.28,1,1,1,3,Lost
13942.0,534.0,1,320.0,1,1,1,3,Lost
14874.0,534.0,1,116.18,1,1,1,3,Lost
12810.0,534.0,2,534.9899999999999,1,2,2,5,Lost
15991.0,533.0,1,150.55,1,1,1,3,Lost
16683.0,533.0,1,320.25,1,1,1,3,Lost
14509.0,533.0,1,110.94999999999999,1,1,1,3,Lost
17304.0,533.0,1,111.5,1,1,1,3,Lost
15913.0,533.0,1,6.300000000000001,1,1,1,3,Lost
17099.0,532.0,1,582.1700000000001,1,1,2,4,Lost
18214.0,530.0,4,1780.34,1,3,3,7,At Risk
13585.0,530.0,3,684.54,1,3,2,6,At Risk
16453.0,530.0,2,251.70999999999998,1,2,1,4,Lost
15102.0,530.0,2,554.67,1,2,2,5,Lost
17437.0,529.0,1,369.67999999999984,1,1,2,4,Lost
13057.0,529.0,3,709.5899999999999,1,3,2,6,At Risk
16733.0,529.0,1,259.67999999999995,1,1,1,3,Lost
14835.0,528.0,2,297.0,1,2,1,4,Lost
12799.0,528.0,1,219.34999999999997,1,1,1,3,Lost
12485.0,528.0,1,708.1000000000001,1,1,2,4,Lost
14774.0,528.0,1,241.44999999999993,1,1,1,3,Lost
12741.0,528.0,2,406.07000000000005,1,2,2,5,Lost
12529.0,527.0,1,316.48,1,1,1,3,Lost
13620.0,527.0,1,112.34000000000002,1,1,1,3,Lost
17332.0,527.0,5,838.2699999999998,1,3,2,6,At Risk
15851.0,526.0,1,109.72999999999999,1,1,1,3,Lost
15486.0,526.0,1,102.0,1,2,1,4,Lost
17748.0,526.0,1,358.1500000000001,1,1,2,4,Lost
13872.0,526.0,3,919.5700000000002,1,3,3,7,At Risk
14366.0,524.0,1,136.0,1,1,1,3,Lost
13125.0,523.0,1,148.62,1,1,1,3,Lost
16974.0,522.0,2,365.5,1,2,2,5,Lost
12469.0,522.0,2,3070.5399999999977,1,2,4,7,At Risk
14900.0,521.0,1,13.919999999999998,1,1,1,3,Lost
12730.0,521.0,1,829.25,1,2,2,5,Lost
16158.0,521.0,9,628.3199999999999,1,4,2,7,At Risk
15650.0,521.0,2,553.8800000000001,1,2,2,5,Lost
14279.0,520.0,2,191.86,1,2,1,4,Lost
12632.0,520.0,2,804.8800000000001,1,2,2,5,Lost
16443.0,520.0,1,162.24,1,1,1,3,Lost
12825.0,520.0,2,518.63,1,2,2,5,Lost
15137.0,520.0,2,823.4000000000002,1,2,2,5,Lost
14876.0,520.0,2,256.70000000000005,1,2,1,4,Lost
15056.0,519.0,1,113.65,1,1,1,3,Lost
17129.0,519.0,1,31.85,1,1,1,3,Lost
16649.0,519.0,1,306.58000000000004,1,1,1,3,Lost
16544.0,519.0,4,376.70000000000005,1,3,2,6,At Risk
18279.0,518.0,1,231.33999999999997,1,1,1,3,Lost
13997.0,518.0,3,376.46,1,2,2,5,Lost
14695.0,518.0,3,1534.22,1,2,3,6,At Risk
14580.0,517.0,1,14.850000000000001,1,1,1,3,Lost
13595.0,516.0,3,784.4800000000002,1,2,2,5,Lost
13779.0,515.0,1,161.12999999999994,1,1,1,3,Lost
14516.0,515.0,1,151.17,1,1,1,3,Lost
17847.0,515.0,2,129.69,1,2,1,4,Lost
18238.0,514.0,1,270.92,1,1,1,3,Lost
14069.0,514.0,2,225.81000000000006,1,2,1,4,Lost
17773.0,513.0,2,575.3699999999999,1,2,2,5,Lost
17559.0,512.0,1,167.61999999999998,1,1,1,3,Lost
17145.0,512.0,4,3120.9099999999976,1,3,4,8,Loyal
14007.0,512.0,1,79.48,1,1,1,3,Lost
13559.0,512.0,2,990.0,1,2,3,6,At Risk
15259.0,512.0,4,1182.38,1,3,3,7,At Risk
14430.0,511.0,3,1220.9000000000003,1,2,3,6,At Risk
14084.0,511.0,1,150.5,1,1,1,3,Lost
16435.0,511.0,3,1003.0700000000005,1,3,3,7,At Risk
15542.0,511.0,3,855.7100000000008,1,3,2,6,At Risk
14486.0,511.0,2,175.5,1,2,1,4,Lost
16251.0,511.0,1,128.31,1,1,1,3,Lost
13074.0,510.0,4,1378.74,1,3,3,7,At Risk
18021.0,509.0,2,216.40999999999994,1,2,1,4,Lost
17541.0,509.0,1,119.86000000000001,1,1,1,3,Lost
17261.0,509.0,1,221.5899999999999,1,1,1,3,Lost
14563.0,509.0,2,640.5400000000001,1,2,2,5,Lost
14674.0,508.0,1,173.66,1,1,1,3,Lost
13734.0,508.0,4,6695.69,1,3,4,8,Loyal
16467.0,508.0,7,2869.1599999999994,1,4,4,9,Loyal
15788.0,508.0,1,221.83000000000004,1,1,1,3,Lost
15633.0,508.0,13,4335.959999999997,1,4,4,9,Loyal
17395.0,507.0,1,97.5,1,2,1,4,Lost
13913.0,506.0,1,42.22,1,1,1,3,Lost
14061.0,506.0,3,917.43,1,3,3,7,At Risk
14797.0,506.0,1,300.31,1,1,1,3,Lost
16736.0,505.0,5,2956.560000000001,1,3,4,8,Loyal
14858.0,505.0,1,180.74999999999997,1,1,1,3,Lost
16165.0,504.0,1,79.9,1,1,1,3,Lost
13788.0,504.0,1,3.75,1,1,1,3,Lost
14166.0,504.0,2,251.14999999999998,1,2,1,4,Lost
13371.0,504.0,2,2297.6600000000008,1,2,4,7,At Risk
12595.0,504.0,1,299.02,1,1,1,3,Lost
17177.0,504.0,1,119.50000000000003,1,1,1,3,Lost
18132.0,503.0,1,220.13,1,1,1,3,Lost
17112.0,502.0,1,197.56999999999996,1,1,1,3,Lost
16075.0,502.0,2,736.93,1,2,2,5,Lost
15431.0,502.0,1,153.24,1,1,1,3,Lost
15946.0,502.0,3,2304.1800000000003,1,2,4,7,At Risk
14115.0,501.0,2,622.67,1,2,2,5,Lost
14435.0,501.0,1,90.41999999999999,1,2,1,4,Lost
13201.0,501.0,4,1233.06,1,3,3,7,At Risk
12813.0,501.0,3,1687.8000000000006,1,3,3,7,At Risk
16894.0,501.0,3,1306.9600000000012,1,2,3,6,At Risk
17494.0,501.0,1,54.699999999999996,1,1,1,3,Lost
17224.0,500.0,1,100.86000000000001,1,2,1,4,Lost
18026.0,500.0,2,2074.07,1,2,3,6,At Risk
12801.0,500.0,1,1071.8199999999997,1,1,3,5,Lost
17918.0,500.0,3,396.3900000000001,1,2,2,5,Lost
13855.0,500.0,4,1310.34,1,3,3,7,At Risk
14384.0,500.0,1,58.5,1,1,1,3,Lost
15015.0,500.0,13,2354.97,1,4,4,9,Loyal
16219.0,500.0,1,40.8,1,1,1,3,Lost
13433.0,500.0,4,658.3200000000002,1,3,2,6,At Risk
15873.0,499.0,4,313.91999999999996,1,3,1,5,Lost
15331.0,499.0,3,767.9099999999999,1,2,2,5,Lost
15284.0,499.0,1,24.75,1,1,1,3,Lost
17168.0,498.0,1,400.20000000000005,1,1,2,4,Lost
16937.0,498.0,1,196.25,1,1,1,3,Lost
12737.0,498.0,2,3710.5,1,2,4,7,At Risk
14833.0,498.0,1,94.8,1,2,1,4,Lost
18264.0,498.0,1,603.25,1,1,2,4,Lost
13796.0,498.0,1,289.7,1,1,1,3,Lost
18207.0,498.0,1,544.4699999999999,1,1,2,4,Lost
12525.0,497.0,3,973.7299999999999,1,2,3,6,At Risk
17448.0,496.0,46,14523.669999999982,1,4,4,9,Loyal
15077.0,494.0,2,2428.0799999999995,1,2,4,7,At Risk
15200.0,494.0,1,549.05,1,1,2,4,Lost
13766.0,494.0,1,190.34999999999997,1,1,1,3,Lost
13679.0,493.0,3,281.25999999999993,1,3,1,5,Lost
12998.0,492.0,3,920.0799999999999,1,3,3,7,At Risk
16417.0,492.0,1,35.7,1,1,1,3,Lost
15798.0,492.0,3,1535.3700000000003,1,2,3,6,At Risk
17665.0,492.0,1,563.1,1,1,2,4,Lost
14253.0,492.0,2,363.3999999999999,1,2,2,5,Lost
17156.0,491.0,1,591.87,1,1,2,4,Lost
15369.0,491.0,11,6251.259999999999,1,4,4,9,Loyal
15403.0,491.0,2,170.88,1,2,1,4,Lost
13084.0,491.0,1,122.39999999999999,1,1,1,3,Lost
16334.0,491.0,1,263.72999999999996,1,1,1,3,Lost
15387.0,491.0,1,468.6499999999998,1,1,2,4,Lost
14521.0,490.0,1,199.45000000000005,1,1,1,3,Lost
15908.0,490.0,2,758.62,1,2,2,5,Lost
14043.0,490.0,2,302.59999999999997,1,2,1,4,Lost
16196.0,488.0,1,93.3,1,2,1,4,Lost
16939.0,488.0,3,433.84999999999997,1,2,2,5,Lost
13653.0,487.0,1,152.2,1,1,1,3,Lost
15595.0,487.0,1,357.6,1,1,2,4,Lost
13783.0,487.0,4,1542.09,1,3,3,7,At Risk
15013.0,487.0,10,1610.820000000001,1,4,3,8,Loyal
14575.0,487.0,1,420.21999999999997,1,1,2,4,Lost
12745.0,486.0,3,925.41,1,3,3,7,At Risk
17482.0,486.0,2,775.6399999999999,1,2,2,5,Lost
14144.0,485.0,1,30.599999999999998,1,1,1,3,Lost
12771.0,485.0,1,282.29999999999995,1,1,1,3,Lost
13839.0,485.0,1,139.95,1,1,1,3,Lost
16632.0,485.0,2,406.4,1,2,2,5,Lost
14736.0,484.0,2,374.04999999999995,1,2,2,5,Lost
14822.0,484.0,1,157.7,1,1,1,3,Lost
13150.0,483.0,3,449.96999999999997,1,2,2,5,Lost
14630.0,483.0,1,338.65,1,1,1,3,Lost
12959.0,483.0,1,150.95,1,1,1,3,Lost
14872.0,483.0,3,816.5999999999999,1,2,2,5,Lost
12542.0,483.0,2,481.88,1,2,2,5,Lost
14153.0,482.0,1,233.39999999999998,1,1,1,3,Lost
15893.0,481.0,1,305.28000000000003,1,1,1,3,Lost
16631.0,481.0,7,1892.5200000000007,1,3,3,7,At Risk
14996.0,480.0,2,442.29,1,2,2,5,Lost
14097.0,480.0,2,422.8599999999999,1,2,2,5,Lost
13063.0,480.0,1,188.4,1,1,1,3,Lost
12687.0,480.0,2,2138.910000000001,1,2,3,6,At Risk
14011.0,479.0,2,457.82,1,2,2,5,Lost
14531.0,479.0,1,376.34000000000003,1,1,2,4,Lost
15008.0,479.0,2,359.99999999999994,1,2,2,5,Lost
14749.0,479.0,1,310.15,1,1,1,3,Lost
15310.0,478.0,1,1634.6400000000006,1,2,3,6,At Risk
15072.0,478.0,1,187.51999999999998,1,1,1,3,Lost
17627.0,478.0,1,296.36,1,1,1,3,Lost
15268.0,478.0,3,961.9,1,2,3,6,At Risk
17599.0,477.0,1,52.05,1,1,1,3,Lost
17745.0,477.0,2,600.3399999999999,1,2,2,5,Lost
16299.0,476.0,1,193.64999999999998,1,1,1,3,Lost
17699.0,476.0,2,442.0,1,2,2,5,Lost
18286.0,476.0,2,1296.4300000000003,1,2,3,6,At Risk
16286.0,476.0,2,328.95000000000005,1,2,1,4,Lost
13965.0,476.0,3,996.6100000000002,1,3,3,7,At Risk
16294.0,476.0,1,126.05000000000001,1,1,1,3,Lost
16890.0,476.0,3,285.40999999999997,1,3,1,5,Lost
16562.0,476.0,1,223.86,1,1,1,3,Lost
16234.0,475.0,3,333.18000000000006,1,3,1,5,Lost
16396.0,475.0,1,137.8,1,1,1,3,Lost
15702.0,475.0,2,140.39000000000004,1,2,1,4,Lost
17471.0,474.0,1,321.6500000000001,1,1,1,3,Lost
15055.0,474.0,3,549.1199999999998,1,3,2,6,At Risk
16004.0,474.0,5,2146.390000000001,1,3,3,7,At Risk
14767.0,473.0,1,382.80999999999995,1,1,2,4,Lost
14187.0,473.0,1,123.5,1,1,1,3,Lost
18140.0,473.0,1,536.41,1,1,2,4,Lost
13415.0,472.0,4,784.1700000000002,1,3,2,6,At Risk
15003.0,472.0,6,1027.0300000000002,1,3,3,7,At Risk
13123.0,472.0,2,506.74999999999994,1,2,2,5,Lost
12765.0,471.0,6,1404.58,1,3,3,7,At Risk
17336.0,471.0,1,81.12,1,2,1,4,Lost
13361.0,471.0,2,1450.5,1,2,3,6,At Risk
15666.0,471.0,2,632.9400000000002,1,2,2,5,Lost
18124.0,471.0,1,102.64999999999999,1,2,1,4,Lost
17292.0,471.0,2,271.75,1,2,1,4,Lost
14260.0,470.0,3,824.28,1,2,2,5,Lost
14787.0,470.0,1,110.64999999999999,1,1,1,3,Lost
17963.0,470.0,4,643.1599999999997,1,3,2,6,At Risk
17005.0,470.0,2,622.3599999999999,1,2,2,5,Lost
14026.0,470.0,2,713.1100000000001,1,2,2,5,Lost
14268.0,470.0,1,354.85,1,1,2,4,Lost
13024.0,470.0,2,555.8699999999999,1,2,2,5,Lost
12800.0,469.0,3,584.2500000000001,1,3,2,6,At Risk
16375.0,469.0,2,104.0,1,2,1,4,Lost
16288.0,469.0,1,129.85000000000002,1,1,1,3,Lost
16197.0,468.0,9,2016.7100000000016,1,4,3,8,Loyal
16870.0,468.0,1,450.16,1,1,2,4,Lost
17270.0,468.0,2,601.4499999999999,1,2,2,5,Lost
13478.0,468.0,5,2215.780000000001,1,3,3,7,At Risk
14949.0,468.0,4,515.0000000000001,1,3,2,6,At Risk
15430.0,467.0,2,954.75,1,2,3,6,At Risk
15784.0,467.0,2,848.3299999999998,1,2,2,5,Lost
15166.0,467.0,1,167.15999999999997,1,1,1,3,Lost
13540.0,466.0,3,632.3900000000001,1,3,2,6,At Risk
17792.0,466.0,2,368.3499999999999,1,2,2,5,Lost
12804.0,465.0,2,325.37,1,2,1,4,Lost
14433.0,465.0,1,280.6999999999999,1,1,1,3,Lost
14025.0,464.0,8,4057.900000000001,1,4,4,9,Loyal
13714.0,464.0,1,161.34999999999997,1,1,1,3,Lost
16290.0,464.0,4,1957.7000000000012,1,3,3,7,At Risk
16819.0,464.0,2,182.59,1,2,1,4,Lost
17753.0,463.0,4,382.0599999999999,1,3,2,6,At Risk
12898.0,463.0,2,296.21000000000004,1,2,1,4,Lost
13916.0,463.0,4,1275.8100000000009,1,3,3,7,At Risk
16993.0,463.0,2,1950.95,1,2,3,6,At Risk
13472.0,463.0,2,592.24,1,2,2,5,Lost
18258.0,463.0,6,2059.67,1,3,3,7,At Risk
13399.0,463.0,3,275.4,1,3,1,5,Lost
17215.0,463.0,1,186.15000000000003,1,1,1,3,Lost
15094.0,462.0,2,83.0,1,2,1,4,Lost
14086.0,462.0,1,39.95,1,1,1,3,Lost
12788.0,462.0,4,444.9000000000001,1,3,2,6,At Risk
15378.0,462.0,2,246.5,1,2,1,4,Lost
13346.0,462.0,6,299.40000000000003,1,3,1,5,Lost
15564.0,462.0,2,70.74000000000001,1,2,1,4,Lost
15779.0,462.0,2,124.08000000000001,1,2,1,4,Lost
16100.0,462.0,1,582.6400000000001,1,1,2,4,Lost
14058.0,462.0,2,469.19,1,2,2,5,Lost
18182.0,462.0,1,291.13,1,1,1,3,Lost
15191.0,462.0,3,588.05,1,3,2,6,At Risk
14283.0,462.0,4,628.44,1,3,2,6,At Risk
16289.0,461.0,1,136.30999999999997,1,1,1,3,Lost
12440.0,461.0,2,859.1999999999999,1,2,2,5,Lost
15461.0,460.0,2,429.7,1,2,2,5,Lost
15751.0,460.0,11,1380.4400000000005,1,4,3,8,Loyal
13250.0,460.0,2,253.09,1,2,1,4,Lost
14318.0,459.0,1,158.02,1,1,1,3,Lost
16246.0,459.0,2,821.3500000000004,1,2,2,5,Lost
12859.0,458.0,1,575.0999999999999,1,1,2,4,Lost
12777.0,457.0,1,519.45,1,1,2,4,Lost
13076.0,457.0,1,135.4,1,1,1,3,Lost
13683.0,457.0,1,258.6,1,1,1,3,Lost
15741.0,457.0,2,208.62,1,2,1,4,Lost
15141.0,457.0,7,1388.4699999999998,1,3,3,7,At Risk
12761.0,457.0,2,782.9499999999998,1,2,2,5,Lost
12819.0,457.0,1,540.5200000000001,1,1,2,4,Lost
15627.0,456.0,2,566.8999999999999,1,2,2,5,Lost
12575.0,456.0,2,622.82,1,2,2,5,Lost
17369.0,455.0,1,979.1999999999999,1,2,3,6,At Risk
15972.0,455.0,5,1769.3300000000017,1,3,3,7,At Risk
12760.0,455.0,1,347.8,1,1,2,4,Lost
14445.0,455.0,1,221.64999999999998,1,1,1,3,Lost
16032.0,455.0,6,1965.7200000000005,1,3,3,7,At Risk
12460.0,455.0,1,326.65000000000003,1,1,1,3,Lost
17762.0,455.0,1,129.75,1,1,1,3,Lost
14444.0,455.0,1,120.44,1,1,1,3,Lost
16886.0,455.0,1,134.0,1,1,1,3,Lost
16095.0,455.0,1,447.05000000000007,1,1,2,4,Lost
16815.0,453.0,2,406.0200000000001,1,2,2,5,Lost
16608.0,453.0,2,1286.6200000000003,1,2,3,6,At Risk
14635.0,453.0,1,215.21999999999997,1,1,1,3,Lost
15824.0,452.0,2,890.9399999999999,1,2,3,6,At Risk
16860.0,452.0,3,1610.6200000000001,1,2,3,6,At Risk
13613.0,452.0,5,1039.8500000000004,1,3,3,7,At Risk
15401.0,451.0,2,216.95,1,2,1,4,Lost
13129.0,451.0,2,233.25,1,2,1,4,Lost
17132.0,451.0,2,1220.9100000000003,1,2,3,6,At Risk
13041.0,450.0,4,799.1300000000001,1,3,2,6,At Risk
14370.0,450.0,6,1175.7800000000002,1,3,3,7,At Risk
15966.0,450.0,1,426.53,1,1,2,4,Lost
17149.0,450.0,1,143.1,1,1,1,3,Lost
12768.0,450.0,1,168.69,1,1,1,3,Lost
13312.0,450.0,1,124.75,1,1,1,3,Lost
17801.0,450.0,3,770.0300000000001,1,2,2,5,Lost
13424.0,449.0,1,572.7699999999999,1,1,2,4,Lost
15685.0,449.0,1,55.98,1,1,1,3,Lost
15629.0,449.0,4,2240.9000000000015,1,3,3,7,At Risk
16646.0,448.0,1,678.8000000000001,1,1,2,4,Lost
16371.0,448.0,1,157.20000000000002,1,1,1,3,Lost
15962.0,448.0,1,289.47999999999996,1,1,1,3,Lost
15362.0,448.0,2,613.08,1,2,2,5,Lost
12554.0,448.0,1,468.5,1,1,2,4,Lost
13443.0,448.0,6,1273.16,1,3,3,7,At Risk
12543.0,447.0,1,980.2499999999999,1,2,3,6,At Risk
17743.0,447.0,1,229.2,1,1,1,3,Lost
13701.0,446.0,1,161.00000000000003,1,1,1,3,Lost
18089.0,446.0,1,428.45,1,1,2,4,Lost
13998.0,446.0,3,566.6999999999999,1,3,2,6,At Risk
16524.0,445.0,2,306.18999999999994,1,2,1,4,Lost
12850.0,445.0,1,330.0,1,1,1,3,Lost
13465.0,445.0,2,931.1200000000001,1,2,3,6,At Risk
13702.0,445.0,1,135.18,1,1,1,3,Lost
17055.0,445.0,1,232.85000000000002,1,1,1,3,Lost
14906.0,444.0,1,68.44,1,1,1,3,Lost
12751.0,444.0,1,268.2699999999999,1,1,1,3,Lost
14668.0,444.0,1,111.63000000000001,1,1,1,3,Lost
14182.0,443.0,4,678.7700000000001,1,3,2,6,At Risk
14611.0,443.0,2,604.33,1,2,2,5,Lost
17161.0,443.0,1,856.0100000000001,1,2,2,5,Lost
17840.0,443.0,1,175.90000000000003,1,1,1,3,Lost
14933.0,443.0,4,1770.0,1,3,3,7,At Risk
13264.0,442.0,1,722.56,1,1,2,4,Lost
16857.0,442.0,1,352.8,1,1,2,4,Lost
14372.0,442.0,2,860.0800000000005,1,2,2,5,Lost
15761.0,442.0,1,143.05,1,1,1,3,Lost
13288.0,442.0,5,927.61,1,3,3,7,At Risk
13205.0,442.0,1,2803.2,1,1,4,6,At Risk
16675.0,441.0,2,608.8599999999999,1,2,2,5,Lost
18107.0,441.0,1,165.87999999999997,1,1,1,3,Lost
14992.0,441.0,1,210.49999999999997,1,1,1,3,Lost
17021.0,441.0,6,1182.2200000000003,1,3,3,7,At Risk
14094.0,439.0,1,311.77,1,1,1,3,Lost
13281.0,438.0,1,350.85,1,1,2,4,Lost
14269.0,438.0,1,295.73,1,1,1,3,Lost
13687.0,437.0,1,11880.839999999997,1,1,4,6,At Risk
14228.0,437.0,3,745.5,1,2,2,5,Lost
14328.0,437.0,1,445.05,1,1,2,4,Lost
14802.0,437.0,2,1502.98,1,2,3,6,At Risk
16264.0,437.0,2,823.5299999999999,1,2,2,5,Lost
16269.0,437.0,1,717.57,1,1,2,4,Lost
15616.0,437.0,1,317.11,1,1,1,3,Lost
13290.0,437.0,1,208.63,1,1,1,3,Lost
15614.0,437.0,4,3147.3599999999997,1,3,4,8,Loyal
14063.0,437.0,9,22710.2,1,4,4,9,Loyal
16636.0,437.0,4,3802.039999999999,1,3,4,8,Loyal
14634.0,437.0,4,2124.46,1,3,3,7,At Risk
17280.0,437.0,1,118.85999999999999,1,1,1,3,Lost
14843.0,436.0,1,211.79999999999998,1,1,1,3,Lost
14909.0,436.0,3,1404.680000000001,1,2,3,6,At Risk
12946.0,436.0,1,324.45,1,1,1,3,Lost
15871.0,436.0,1,33.1,1,1,1,3,Lost
16783.0,436.0,1,391.95,1,1,2,4,Lost
12975.0,436.0,6,2100.0900000000006,1,3,3,7,At Risk
16237.0,436.0,1,136.65,1,1,1,3,Lost
13797.0,436.0,3,1179.4499999999998,1,2,3,6,At Risk
18049.0,436.0,2,500.92,1,2,2,5,Lost
12964.0,436.0,1,132.24,1,1,1,3,Lost
13257.0,435.0,1,149.75,1,1,1,3,Lost
16522.0,435.0,2,433.36,1,2,2,5,Lost
14230.0,435.0,3,979.8000000000002,1,3,3,7,At Risk
13105.0,435.0,1,72.0,1,1,1,3,Lost
12661.0,435.0,1,162.0,1,1,1,3,Lost
13729.0,435.0,3,724.7300000000001,1,3,2,6,At Risk
14707.0,435.0,2,139.2,1,2,1,4,Lost
17257.0,435.0,2,189.77999999999997,1,2,1,4,Lost
16490.0,435.0,1,205.41000000000003,1,1,1,3,Lost
14564.0,434.0,2,2605.6200000000003,1,2,4,7,At Risk
16958.0,434.0,1,778.4899999999999,1,2,2,5,Lost
17533.0,434.0,1,34.8,1,1,1,3,Lost
16044.0,434.0,1,340.84000000000003,1,1,1,3,Lost
12696.0,434.0,2,851.9100000000002,1,2,2,5,Lost
13966.0,434.0,1,384.25999999999993,1,1,2,4,Lost
14225.0,434.0,4,2031.07,1,3,3,7,At Risk
15736.0,434.0,2,1767.1200000000006,1,2,3,6,At Risk
12806.0,434.0,4,2878.959999999999,1,3,4,8,Loyal
14568.0,434.0,1,919.7000000000003,1,2,3,6,At Risk
14425.0,434.0,3,661.39,1,3,2,6,At Risk
14742.0,434.0,1,579.8499999999999,1,1,2,4,Lost
16472.0,433.0,2,789.5999999999997,1,2,2,5,Lost
15190.0,433.0,1,834.44,1,2,2,5,Lost
18266.0,433.0,1,251.09999999999997,1,1,1,3,Lost
16864.0,433.0,2,409.25,1,2,2,5,Lost
15451.0,433.0,2,226.85999999999999,1,2,1,4,Lost
15420.0,433.0,6,742.9999999999999,1,3,2,6,At Risk
17380.0,433.0,3,645.0,1,3,2,6,At Risk
14254.0,432.0,1,601.03,1,1,2,4,Lost
14310.0,432.0,1,492.10000000000014,1,1,2,4,Lost
13674.0,432.0,1,240.67999999999995,1,1,1,3,Lost
15196.0,432.0,2,313.7,1,2,1,4,Lost
13380.0,432.0,1,62.4,1,1,1,3,Lost
16312.0,431.0,1,171.14999999999998,1,1,1,3,Lost
16799.0,431.0,2,452.77999999999986,1,2,2,5,Lost
16331.0,431.0,6,2037.7,1,3,3,7,At Risk
14392.0,431.0,1,266.4,1,1,1,3,Lost
13326.0,431.0,1,281.76,1,1,1,3,Lost
14455.0,431.0,4,617.7200000000001,1,3,2,6,At Risk
16476.0,431.0,1,350.35,1,1,2,4,Lost
15884.0,431.0,2,244.60000000000002,1,2,1,4,Lost
17366.0,431.0,2,1077.2399999999998,1,2,3,6,At Risk
12486.0,431.0,1,1037.2800000000002,1,2,3,6,At Risk
15859.0,431.0,1,438.4599999999999,1,1,2,4,Lost
13360.0,431.0,4,1553.6500000000005,1,3,3,7,At Risk
18284.0,431.0,1,461.68,1,1,2,4,Lost
13920.0,431.0,4,1774.6800000000005,1,3,3,7,At Risk
14008.0,431.0,1,509.04,1,1,2,4,Lost
13367.0,431.0,1,510.20000000000005,1,1,2,4,Lost
14579.0,431.0,1,105.56,1,1,1,3,Lost
15778.0,430.0,1,307.95000000000005,1,1,1,3,Lost
18244.0,430.0,2,568.6400000000001,1,2,2,5,Lost
14302.0,430.0,3,742.9000000000001,1,2,2,5,Lost
14169.0,430.0,2,621.5100000000002,1,2,2,5,Lost
16061.0,430.0,1,89.65,1,2,1,4,Lost
14991.0,429.0,1,314.6700000000001,1,1,1,3,Lost
13446.0,429.0,11,3881.8899999999994,1,4,4,9,Loyal
15490.0,429.0,1,210.84999999999994,1,1,1,3,Lost
16300.0,429.0,3,1367.3200000000002,1,2,3,6,At Risk
14492.0,429.0,7,1921.9099999999999,1,4,3,8,Loyal
13022.0,429.0,1,65.3,1,1,1,3,Lost
13818.0,429.0,1,61.28,1,1,1,3,Lost
14663.0,429.0,2,490.59999999999974,1,2,2,5,Lost
13306.0,429.0,1,53.65,1,1,1,3,Lost
16760.0,429.0,1,227.99999999999994,1,1,1,3,Lost
17657.0,429.0,1,126.0,1,1,1,3,Lost
17127.0,428.0,5,1155.03,1,3,3,7,At Risk
12903.0,428.0,1,833.5300000000002,1,2,2,5,Lost
13785.0,428.0,4,542.4899999999999,1,3,2,6,At Risk
13556.0,428.0,2,200.82000000000002,1,2,1,4,Lost
12986.0,428.0,10,2729.840000000002,1,4,4,9,Loyal
17249.0,428.0,1,68.02999999999999,1,1,1,3,Lost
13423.0,428.0,1,217.02999999999997,1,1,1,3,Lost
16307.0,428.0,3,1194.92,1,2,3,6,At Risk
14118.0,428.0,1,458.45000000000005,1,1,2,4,Lost
13861.0,428.0,2,273.26,1,2,1,4,Lost
17008.0,428.0,1,81.36,1,2,1,4,Lost
14322.0,428.0,4,474.1,1,3,2,6,At Risk
12511.0,428.0,1,3084.0199999999977,1,1,4,6,At Risk
15931.0,427.0,1,239.90000000000003,1,1,1,3,Lost
13567.0,427.0,4,1079.2900000000006,1,3,3,7,At Risk
12835.0,427.0,41,5996.829999999983,1,4,4,9,Loyal
16111.0,427.0,1,549.3299999999998,1,1,2,4,Lost
16166.0,427.0,2,435.8300000000001,1,2,2,5,Lost
15080.0,427.0,2,546.2500000000001,1,2,2,5,Lost
14266.0,427.0,1,40.56,1,1,1,3,Lost
16568.0,427.0,2,1020.9000000000001,1,2,3,6,At Risk
17196.0,427.0,1,327.74999999999983,1,1,1,3,Lost
16329.0,427.0,4,1664.920000000001,1,3,3,7,At Risk
15600.0,427.0,4,1199.3100000000002,1,3,3,7,At Risk
13776.0,427.0,2,623.98,1,2,2,5,Lost
13541.0,426.0,2,785.25,1,2,2,5,Lost
14186.0,426.0,5,1550.6300000000008,1,3,3,7,At Risk
13406.0,426.0,2,568.9200000000001,1,2,2,5,Lost
14846.0,426.0,1,437.4,1,1,2,4,Lost
15177.0,425.0,1,948.9299999999998,1,2,3,6,At Risk
17465.0,425.0,7,2542.7899999999995,1,4,4,9,Loyal
17518.0,425.0,2,329.41999999999996,1,2,1,4,Lost
12862.0,425.0,2,984.6200000000001,1,2,3,6,At Risk
13537.0,425.0,2,717.8499999999998,1,2,2,5,Lost
14734.0,425.0,4,1056.42,1,3,3,7,At Risk
16579.0,425.0,1,295.04999999999995,1,1,1,3,Lost
14590.0,424.0,20,2993.3699999999994,1,4,4,9,Loyal
15418.0,424.0,2,449.41999999999996,1,2,2,5,Lost
14571.0,424.0,1,160.0,1,1,1,3,Lost
16039.0,423.0,2,456.3999999999999,1,2,2,5,Lost
17273.0,423.0,1,141.12,1,1,1,3,Lost
17635.0,423.0,3,1265.5799999999997,1,2,3,6,At Risk
13912.0,423.0,1,124.95,1,1,1,3,Lost
17104.0,423.0,1,474.03,1,1,2,4,Lost
17710.0,423.0,1,293.5,1,1,1,3,Lost
14319.0,423.0,1,494.8499999999998,1,1,2,4,Lost
17264.0,423.0,1,268.28,1,1,1,3,Lost
12655.0,423.0,1,261.35,1,1,1,3,Lost
14838.0,422.0,2,769.9200000000001,1,2,2,5,Lost
15151.0,422.0,2,2085.61,1,2,3,6,At Risk
13440.0,422.0,7,1295.250000000001,1,4,3,8,Loyal
16263.0,422.0,1,348.15999999999997,1,1,2,4,Lost
16238.0,422.0,1,63.66,1,1,1,3,Lost
16975.0,422.0,3,926.1200000000002,1,3,3,7,At Risk
17182.0,422.0,2,321.29999999999995,1,2,1,4,Lost
13968.0,422.0,1,123.66000000000001,1,1,1,3,Lost
16772.0,422.0,3,3698.0499999999984,1,3,4,8,Loyal
13909.0,422.0,2,282.84999999999997,1,2,1,4,Lost
12467.0,422.0,1,132.8,1,1,1,3,Lost
17944.0,422.0,1,74.98999999999998,1,1,1,3,Lost
14263.0,422.0,1,322.92999999999995,1,1,1,3,Lost
16130.0,421.0,4,987.48,1,3,3,7,At Risk
17851.0,421.0,6,1552.3500000000008,1,3,3,7,At Risk
18090.0,421.0,1,321.90000000000003,1,1,1,3,Lost
15242.0,421.0,1,302.04,1,1,1,3,Lost
14316.0,421.0,5,1370.34,1,3,3,7,At Risk
13770.0,421.0,4,785.3699999999999,1,3,2,6,At Risk
12900.0,421.0,1,340.33,1,1,1,3,Lost
13696.0,421.0,3,2020.3999999999996,1,2,3,6,At Risk
17717.0,420.0,1,376.9199999999999,1,1,2,4,Lost
16991.0,420.0,1,1041.2099999999998,1,2,3,6,At Risk
14296.0,420.0,2,456.4,1,2,2,5,Lost
13829.0,420.0,1,102.0,1,2,1,4,Lost
16336.0,420.0,4,3517.690000000001,1,3,4,8,Loyal
15817.0,420.0,3,2766.399999999999,1,3,4,8,Loyal
16465.0,420.0,2,746.24,1,2,2,5,Lost
17390.0,420.0,1,149.29999999999998,1,1,1,3,Lost
16176.0,420.0,4,2052.6900000000005,1,3,3,7,At Risk
17687.0,420.0,1,432.68,1,1,2,4,Lost
14168.0,420.0,2,370.45,1,2,2,5,Lost
17823.0,420.0,2,449.25,1,2,2,5,Lost
14343.0,420.0,4,1079.6600000000003,1,3,3,7,At Risk
17202.0,420.0,1,160.65,1,1,1,3,Lost
15735.0,420.0,1,327.67999999999995,1,1,1,3,Lost
14956.0,420.0,1,1325.0,1,1,3,5,Lost
17751.0,420.0,1,157.86,1,1,1,3,Lost
16576.0,419.0,2,540.87,1,2,2,5,Lost
17938.0,419.0,1,144.29,1,1,1,3,Lost
15202.0,419.0,3,6001.49,1,2,4,7,At Risk
17316.0,419.0,1,124.45000000000002,1,1,1,3,Lost
17822.0,419.0,5,2162.929999999999,1,3,3,7,At Risk
15686.0,419.0,1,90.0,1,2,1,4,Lost
15688.0,418.0,1,190.57000000000002,1,1,1,3,Lost
16691.0,417.0,2,178.83,1,2,1,4,Lost
14877.0,417.0,2,425.8499999999999,1,2,2,5,Lost
14940.0,417.0,2,531.4899999999999,1,2,2,5,Lost
14839.0,417.0,3,915.2799999999999,1,3,3,7,At Risk
13957.0,417.0,3,458.24999999999994,1,2,2,5,Lost
15772.0,417.0,1,280.88,1,1,1,3,Lost
13214.0,417.0,7,3264.229999999995,1,4,4,9,Loyal
15934.0,417.0,2,2190.66,1,2,3,6,At Risk
13820.0,417.0,3,652.75,1,3,2,6,At Risk
12699.0,417.0,1,638.11,1,1,2,4,Lost
16069.0,417.0,1,457.7000000000001,1,1,2,4,Lost
17141.0,417.0,4,727.5800000000008,1,3,2,6,At Risk
13387.0,416.0,1,186.9399999999999,1,1,1,3,Lost
15710.0,416.0,1,898.8700000000001,1,2,3,6,At Risk
15459.0,416.0,2,202.83,1,2,1,4,Lost
16854.0,416.0,2,1408.9600000000005,1,2,3,6,At Risk
13480.0,416.0,2,627.8200000000002,1,2,2,5,Lost
13152.0,416.0,7,2146.38,1,4,3,8,Loyal
17023.0,416.0,3,800.1800000000002,1,2,2,5,Lost
13088.0,416.0,1,236.11,1,1,1,3,Lost
17143.0,416.0,2,880.97,1,2,3,6,At Risk
15207.0,415.0,3,683.9199999999998,1,3,2,6,At Risk
13840.0,415.0,1,651.4000000000002,1,1,2,4,Lost
14648.0,415.0,15,4466.649999999999,1,4,4,9,Loyal
13981.0,415.0,1,331.14,1,1,1,3,Lost
17137.0,415.0,6,1099.81,1,3,3,7,At Risk
14469.0,415.0,4,2093.4599999999996,1,3,3,7,At Risk
16702.0,414.0,4,1110.83,1,3,3,7,At Risk
15647.0,414.0,1,169.0,1,1,1,3,Lost
14612.0,414.0,1,877.6999999999998,1,2,3,6,At Risk
16521.0,414.0,3,1140.1100000000004,1,2,3,6,At Risk
17834.0,414.0,2,689.67,1,2,2,5,Lost
18247.0,414.0,3,839.73,1,2,2,5,Lost
13374.0,414.0,2,422.8,1,2,2,5,Lost
12387.0,414.0,1,143.94,1,1,1,3,Lost
12400.0,413.0,1,205.25,1,1,1,3,Lost
12960.0,413.0,4,1322.0700000000006,1,3,3,7,At Risk
13195.0,413.0,1,136.73000000000002,1,1,1,3,Lost
14686.0,413.0,5,852.5300000000015,1,3,2,6,At Risk
13386.0,413.0,2,835.4599999999999,1,2,2,5,Lost
12973.0,413.0,1,385.55,1,1,2,4,Lost
14945.0,413.0,1,179.4,1,1,1,3,Lost
16428.0,413.0,3,638.4899999999999,1,3,2,6,At Risk
12972.0,413.0,4,1161.1999999999998,1,3,3,7,At Risk
16167.0,413.0,5,1386.1200000000001,1,3,3,7,At Risk
13746.0,413.0,1,176.69000000000003,1,1,1,3,Lost
16310.0,413.0,2,460.08,1,2,2,5,Lost
18243.0,413.0,1,515.7800000000001,1,1,2,4,Lost
12899.0,413.0,1,366.4,1,1,2,4,Lost
15995.0,413.0,1,694.5400000000003,1,1,2,4,Lost
16540.0,413.0,1,205.74999999999997,1,1,1,3,Lost
12369.0,412.0,3,1791.1499999999999,1,3,3,7,At Risk
14728.0,412.0,1,190.57999999999998,1,1,1,3,Lost
13241.0,411.0,1,112.53000000000002,1,1,1,3,Lost
17407.0,411.0,1,552.8999999999999,1,1,2,4,Lost
15337.0,410.0,1,373.0199999999999,1,1,2,4,Lost
16677.0,410.0,2,880.6200000000002,1,2,3,6,At Risk
17435.0,410.0,1,331.35,1,1,1,3,Lost
13574.0,410.0,1,404.44999999999993,1,1,2,4,Lost
15248.0,410.0,3,1893.93,1,2,3,6,At Risk
13333.0,410.0,3,1015.7399999999999,1,2,3,6,At Risk
14249.0,410.0,12,5400.460999999999,1,4,4,9,Loyal
14197.0,410.0,1,390.05000000000007,1,1,2,4,Lost
14183.0,410.0,2,278.3399999999999,1,2,1,4,Lost
17393.0,410.0,2,381.1499999999999,1,2,2,5,Lost
13733.0,410.0,2,487.03000000000003,1,2,2,5,Lost
17981.0,410.0,1,239.11999999999992,1,1,1,3,Lost
17260.0,410.0,1,120.95,1,1,1,3,Lost
16920.0,410.0,1,355.45,1,1,2,4,Lost
13073.0,410.0,2,418.08,1,2,2,5,Lost
15294.0,410.0,1,233.35000000000002,1,1,1,3,Lost
12926.0,410.0,4,1523.970000000001,1,3,3,7,At Risk
13977.0,410.0,1,519.8100000000001,1,1,2,4,Lost
14181.0,410.0,2,308.3500000000001,1,2,1,4,Lost
14324.0,409.0,2,701.6099999999999,1,2,2,5,Lost
16962.0,409.0,1,251.03999999999996,1,1,1,3,Lost
16259.0,409.0,3,340.93999999999977,1,3,1,5,Lost
14278.0,409.0,1,205.82999999999996,1,1,1,3,Lost
16785.0,409.0,1,533.7800000000001,1,1,2,4,Lost
15064.0,409.0,4,1254.4100000000005,1,3,3,7,At Risk
14718.0,409.0,1,226.42,1,1,1,3,Lost
12411.0,409.0,1,346.9,1,1,2,4,Lost
17327.0,409.0,2,152.35,1,2,1,4,Lost
13274.0,408.0,1,360.84999999999997,1,1,2,4,Lost
13906.0,408.0,1,42.0,1,1,1,3,Lost
12563.0,408.0,1,249.24000000000004,1,1,1,3,Lost
15876.0,408.0,2,1449.14,1,2,3,6,At Risk
17473.0,408.0,2,607.0000000000001,1,2,2,5,Lost
12505.0,408.0,1,955.2,1,2,3,6,At Risk
13578.0,408.0,1,147.66,1,1,1,3,Lost
15536.0,408.0,1,259.09000000000003,1,1,1,3,Lost
12537.0,408.0,1,732.9400000000003,1,1,2,4,Lost
15285.0,407.0,1,94.91999999999999,1,2,1,4,Lost
17478.0,407.0,2,1272.8000000000002,1,2,3,6,At Risk
16382.0,407.0,2,353.0999999999999,1,2,2,5,Lost
18060.0,407.0,2,1185.4600000000003,1,2,3,6,At Risk
14281.0,407.0,1,245.15,1,1,1,3,Lost
15328.0,407.0,1,107.24000000000002,1,1,1,3,Lost
17326.0,407.0,2,312.3499999999999,1,2,1,4,Lost
13713.0,407.0,3,740.7600000000001,1,3,2,6,At Risk
13547.0,407.0,1,167.07999999999996,1,1,1,3,Lost
15170.0,406.0,1,81.15,1,2,1,4,Lost
16630.0,406.0,1,106.80000000000001,1,1,1,3,Lost
14303.0,406.0,2,277.94000000000005,1,2,1,4,Lost
15887.0,406.0,3,1027.1499999999999,1,2,3,6,At Risk
14294.0,406.0,1,375.34,1,1,2,4,Lost
17741.0,406.0,2,101.10000000000002,1,2,1,4,Lost
17853.0,406.0,3,1596.2900000000002,1,2,3,6,At Risk
13031.0,406.0,5,3292.839999999997,1,3,4,8,Loyal
16129.0,406.0,3,1396.0500000000004,1,2,3,6,At Risk
16635.0,406.0,1,472.99999999999994,1,1,2,4,Lost
14746.0,405.0,4,593.5,1,3,2,6,At Risk
13580.0,405.0,1,107.75,1,1,1,3,Lost
17821.0,405.0,1,334.62,1,1,1,3,Lost
14490.0,405.0,2,1273.4700000000007,1,2,3,6,At Risk
16058.0,405.0,1,62.7,1,1,1,3,Lost
14122.0,405.0,3,362.4199999999999,1,3,2,6,At Risk
15439.0,404.0,4,1269.05,1,3,3,7,At Risk
17413.0,404.0,2,560.14,1,2,2,5,Lost
14213.0,404.0,1,1192.2,1,1,3,5,Lost
15501.0,404.0,2,399.9499999999998,1,2,2,5,Lost
13677.0,404.0,2,551.2400000000001,1,2,2,5,Lost
16724.0,404.0,1,147.34999999999997,1,1,1,3,Lost
14848.0,404.0,1,310.55999999999995,1,1,1,3,Lost
12608.0,404.0,1,415.7899999999999,1,1,2,4,Lost
16876.0,403.0,1,136.01000000000002,1,1,1,3,Lost
14429.0,403.0,1,516.28,1,1,2,4,Lost
16606.0,403.0,2,357.66,1,2,2,5,Lost
15879.0,403.0,4,1137.8000000000002,1,3,3,7,At Risk
14777.0,403.0,1,307.56,1,1,1,3,Lost
17121.0,402.0,1,314.74,1,1,1,3,Lost
12389.0,402.0,3,1433.3300000000002,1,2,3,6,At Risk
13535.0,402.0,1,89.5,1,2,1,4,Lost
14617.0,402.0,2,190.47,1,2,1,4,Lost
14363.0,401.0,2,227.47,1,2,1,4,Lost
14942.0,401.0,4,746.5600000000001,1,3,2,6,At Risk
13251.0,401.0,1,252.67999999999998,1,1,1,3,Lost
13215.0,401.0,1,81.6,1,2,1,4,Lost
15336.0,401.0,1,240.5,1,1,1,3,Lost
13921.0,401.0,4,730.7000000000004,1,3,2,6,At Risk
13331.0,401.0,1,262.40000000000003,1,1,1,3,Lost
17003.0,401.0,4,828.2099999999997,1,3,2,6,At Risk
17276.0,401.0,1,502.4899999999999,1,1,2,4,Lost
16865.0,401.0,1,130.95,1,1,1,3,Lost
18141.0,401.0,2,882.4699999999999,1,2,3,6,At Risk
15915.0,401.0,1,364.4499999999999,1,1,2,4,Lost
16060.0,400.0,3,541.9499999999999,1,3,2,6,At Risk
16590.0,400.0,2,605.9000000000001,1,2,2,5,Lost
16391.0,400.0,4,1052.2600000000014,1,3,3,7,At Risk
16888.0,400.0,3,434.20000000000005,1,2,2,5,Lost
15481.0,400.0,1,1993.3399999999997,1,2,3,6,At Risk
14136.0,400.0,5,1570.81,1,3,3,7,At Risk
14398.0,400.0,2,707.7899999999998,1,2,2,5,Lost
12914.0,400.0,1,223.98,1,1,1,3,Lost
15233.0,400.0,1,59.400000000000006,1,1,1,3,Lost
13206.0,399.0,13,8308.189999999995,1,4,4,9,Loyal
13597.0,399.0,2,396.71,1,2,2,5,Lost
15792.0,399.0,2,933.8400000000001,1,2,3,6,At Risk
15425.0,399.0,4,1941.1199999999997,1,3,3,7,At Risk
13648.0,399.0,8,1764.0200000000002,1,4,3,8,Loyal
13903.0,399.0,1,165.45,1,1,1,3,Lost
13660.0,399.0,1,306.6399999999999,1,1,1,3,Lost
17876.0,399.0,3,3424.02,1,3,4,8,Loyal
13646.0,399.0,2,326.24999999999983,1,2,1,4,Lost
12958.0,399.0,2,467.33999999999986,1,2,2,5,Lost
16707.0,399.0,4,533.41,1,3,2,6,At Risk
13172.0,399.0,1,69.6,1,1,1,3,Lost
13303.0,399.0,1,61.72,1,1,1,3,Lost
13154.0,398.0,3,1624.8400000000008,1,3,3,7,At Risk
13836.0,398.0,2,620.3699999999999,1,2,2,5,Lost
16787.0,397.0,4,1017.5300000000003,1,3,3,7,At Risk
16640.0,397.0,1,179.39999999999998,1,1,1,3,Lost
15560.0,397.0,2,153.51999999999998,1,2,1,4,Lost
18083.0,397.0,1,463.53000000000003,1,1,2,4,Lost
12892.0,396.0,1,263.38,1,1,1,3,Lost
17258.0,396.0,2,417.29999999999995,1,2,2,5,Lost
13377.0,396.0,2,1552.8799999999999,1,2,3,6,At Risk
14203.0,396.0,1,339.34,1,1,1,3,Lost
16559.0,396.0,1,175.0,1,1,1,3,Lost
14927.0,396.0,1,308.19999999999993,1,1,1,3,Lost
13773.0,396.0,2,301.53999999999996,1,2,1,4,Lost
12907.0,395.0,2,508.90999999999997,1,2,2,5,Lost
15617.0,395.0,3,828.5500000000004,1,2,2,5,Lost
18098.0,395.0,1,527.9399999999999,1,1,2,4,Lost
17476.0,395.0,2,489.85999999999996,1,2,2,5,Lost
15390.0,395.0,2,1216.66,1,2,3,6,At Risk
16420.0,395.0,1,75.0,1,1,1,3,Lost
13738.0,395.0,1,434.78,1,1,2,4,Lost
15635.0,395.0,1,100.35,1,2,1,4,Lost
14610.0,395.0,2,24.350000000000005,1,2,1,4,Lost
17000.0,395.0,2,406.29999999999995,1,2,2,5,Lost
13691.0,395.0,1,212.78,1,1,1,3,Lost
17208.0,395.0,1,111.15,1,1,1,3,Lost
15011.0,395.0,2,416.6,1,2,2,5,Lost
15441.0,395.0,3,1254.21,1,2,3,6,At Risk
14275.0,395.0,6,1189.3799999999999,1,3,3,7,At Risk
16381.0,395.0,2,247.85,1,2,1,4,Lost
17307.0,394.0,11,3999.8900000000003,1,4,4,9,Loyal
17726.0,394.0,7,1092.0599999999997,1,4,3,8,Loyal
17363.0,394.0,3,920.4599999999999,1,3,3,7,At Risk
17467.0,394.0,1,102.6,1,2,1,4,Lost
13945.0,394.0,2,854.1499999999999,1,2,2,5,Lost
13671.0,394.0,1,172.60000000000002,1,1,1,3,Lost
12927.0,394.0,1,197.31,1,1,1,3,Lost
15131.0,394.0,1,80.28,1,1,1,3,Lost
14899.0,394.0,1,1331.38,1,1,3,5,Lost
17983.0,394.0,1,171.70999999999995,1,1,1,3,Lost
17807.0,394.0,3,437.86999999999983,1,2,2,5,Lost
14365.0,394.0,2,634.6800000000001,1,2,2,5,Lost
16740.0,394.0,1,226.91,1,1,1,3,Lost
16021.0,394.0,2,487.0299999999998,1,2,2,5,Lost
15890.0,394.0,5,535.65,1,3,2,6,At Risk
16977.0,394.0,4,496.00000000000006,1,3,2,6,At Risk
13096.0,393.0,1,419.70000000000005,1,1,2,4,Lost
14399.0,393.0,8,2108.2100000000005,1,4,3,8,Loyal
12666.0,393.0,1,1248.42,1,1,3,5,Lost
16662.0,393.0,1,151.05,1,1,1,3,Lost
13202.0,393.0,7,1580.3000000000004,1,3,3,7,At Risk
14615.0,393.0,5,951.7600000000002,1,3,3,7,At Risk
15138.0,393.0,1,502.52,1,1,2,4,Lost
16868.0,393.0,3,384.55999999999983,1,2,2,5,Lost
16786.0,393.0,1,51.839999999999996,1,1,1,3,Lost
15001.0,393.0,2,199.10999999999999,1,2,1,4,Lost
17903.0,393.0,1,381.09000000000003,1,1,2,4,Lost
17688.0,393.0,1,304.20000000000005,1,1,1,3,Lost
13915.0,393.0,1,70.80000000000001,1,1,1,3,Lost
13252.0,393.0,2,399.3,1,2,2,5,Lost
14922.0,393.0,2,843.7400000000002,1,2,2,5,Lost
17308.0,392.0,2,4511.759999999999,1,2,4,7,At Risk
16797.0,392.0,5,1802.0200000000032,1,3,3,7,At Risk
16827.0,392.0,5,392.13000000000005,1,3,2,6,At Risk
13857.0,392.0,6,1001.0100000000003,1,3,3,7,At Risk
18054.0,392.0,1,176.5,1,1,1,3,Lost
17815.0,392.0,1,591.9599999999999,1,1,2,4,Lost
17210.0,392.0,1,251.72000000000014,1,1,1,3,Lost
12803.0,392.0,1,1092.8099999999997,1,1,3,5,Lost
15566.0,392.0,2,227.87,1,2,1,4,Lost
15842.0,392.0,2,548.8,1,2,2,5,Lost
17558.0,392.0,1,259.17,1,1,1,3,Lost
18057.0,392.0,3,1188.4600000000005,1,2,3,6,At Risk
18007.0,392.0,1,215.2199999999999,1,1,1,3,Lost
16199.0,391.0,7,942.75,1,3,3,7,At Risk
17803.0,391.0,1,184.66000000000003,1,1,1,3,Lost
13293.0,391.0,6,1192.9399999999998,1,3,3,7,At Risk
13961.0,391.0,1,538.4,1,1,2,4,Lost
14807.0,390.0,2,504.1399999999999,1,2,2,5,Lost
13545.0,390.0,2,364.9299999999999,1,2,2,5,Lost
17300.0,390.0,2,393.63999999999993,1,2,2,5,Lost
16687.0,390.0,1,157.63,1,1,1,3,Lost
18063.0,390.0,2,186.60000000000002,1,2,1,4,Lost
17544.0,389.0,3,944.8199999999999,1,2,3,6,At Risk
17497.0,389.0,2,287.25,1,2,1,4,Lost
15283.0,389.0,3,148.33,1,2,1,4,Lost
14599.0,389.0,2,457.88999999999993,1,2,2,5,Lost
14559.0,389.0,1,75.6,1,1,1,3,Lost
15726.0,389.0,1,321.91,1,1,1,3,Lost
13582.0,389.0,2,241.68,1,2,1,4,Lost
12376.0,389.0,2,503.15000000000003,1,2,2,5,Lost
16314.0,389.0,3,1491.4,1,3,3,7,At Risk
16074.0,389.0,1,252.5,1,1,1,3,Lost
17106.0,388.0,1,481.5799999999998,1,1,2,4,Lost
17740.0,388.0,6,426.90000000000003,1,3,2,6,At Risk
17992.0,388.0,1,252.88,1,1,1,3,Lost
14065.0,388.0,3,891.0200000000001,1,3,3,7,At Risk
16087.0,388.0,5,1739.92,1,3,3,7,At Risk
14526.0,388.0,1,258.65000000000003,1,1,1,3,Lost
14358.0,388.0,2,400.0599999999999,1,2,2,5,Lost
13789.0,387.0,1,239.45999999999998,1,1,1,3,Lost
14192.0,387.0,1,293.73999999999995,1,1,1,3,Lost
13624.0,387.0,1,462.08000000000004,1,1,2,4,Lost
15161.0,387.0,1,119.92000000000003,1,1,1,3,Lost
17689.0,387.0,2,317.08,1,2,1,4,Lost
13795.0,387.0,4,836.3,1,3,2,6,At Risk
15968.0,387.0,1,404.5499999999997,1,1,2,4,Lost
13237.0,387.0,1,642.9999999999999,1,1,2,4,Lost
18256.0,387.0,1,110.69999999999999,1,1,1,3,Lost
14417.0,387.0,1,524.6500000000001,1,1,2,4,Lost
13864.0,386.0,1,662.4000000000001,1,1,2,4,Lost
18195.0,386.0,1,101.16,1,2,1,4,Lost
14405.0,386.0,1,195.0,1,1,1,3,Lost
13964.0,386.0,2,438.9000000000001,1,2,2,5,Lost
15515.0,386.0,1,171.81000000000003,1,1,1,3,Lost
17310.0,386.0,2,1025.1,1,2,3,6,At Risk
17200.0,386.0,4,356.71000000000004,1,3,2,6,At Risk
17776.0,386.0,2,330.55999999999995,1,2,1,4,Lost
13605.0,386.0,2,522.6700000000001,1,2,2,5,Lost
14811.0,386.0,1,170.50000000000006,1,1,1,3,Lost
17421.0,385.0,3,1059.4100000000003,1,2,3,6,At Risk
16973.0,385.0,1,127.0,1,1,1,3,Lost
17089.0,385.0,1,128.45,1,1,1,3,Lost
16599.0,385.0,1,172.8,1,1,1,3,Lost
17868.0,385.0,1,227.14999999999995,1,1,1,3,Lost
17355.0,385.0,1,273.31000000000006,1,1,1,3,Lost
14614.0,385.0,1,295.13000000000005,1,1,1,3,Lost
17269.0,385.0,1,491.8100000000001,1,1,2,4,Lost
17532.0,385.0,1,65.34,1,1,1,3,Lost
16588.0,385.0,4,1361.2800000000002,1,3,3,7,At Risk
12629.0,385.0,2,1558.2200000000003,1,2,3,6,At Risk
16089.0,385.0,2,263.49,1,2,1,4,Lost
13996.0,385.0,2,895.7600000000002,1,2,3,6,At Risk
13665.0,385.0,3,1711.6600000000003,1,3,3,7,At Risk
17683.0,385.0,3,819.01,1,2,2,5,Lost
12419.0,385.0,2,503.01,1,2,2,5,Lost
13970.0,385.0,2,846.55,1,2,2,5,Lost
13156.0,384.0,3,1586.5400000000013,1,2,3,6,At Risk
12874.0,384.0,2,948.4199999999998,1,2,3,6,At Risk
16228.0,384.0,3,885.71,1,3,3,7,At Risk
17241.0,384.0,12,2736.6400000000012,1,4,4,9,Loyal
12978.0,384.0,5,2502.819999999998,1,3,4,8,Loyal
15846.0,384.0,1,107.01000000000002,1,1,1,3,Lost
16346.0,384.0,1,224.50999999999996,1,1,1,3,Lost
17493.0,384.0,1,100.91,1,2,1,4,Lost
13275.0,383.0,2,238.85999999999996,1,2,1,4,Lost
12887.0,383.0,1,222.4,1,1,1,3,Lost
17335.0,383.0,2,497.03999999999996,1,2,2,5,Lost
16946.0,382.0,5,1222.0400000000006,1,3,3,7,At Risk
15519.0,382.0,2,344.6099999999999,1,2,2,5,Lost
16252.0,382.0,1,295.09000000000003,1,1,1,3,Lost
17275.0,382.0,1,114.10000000000001,1,1,1,3,Lost
13086.0,382.0,1,439.32999999999987,1,1,2,4,Lost
14134.0,382.0,15,11123.349999999999,1,4,4,9,Loyal
15155.0,382.0,1,383.97,1,1,2,4,Lost
12807.0,382.0,1,330.35,1,1,1,3,Lost
13550.0,382.0,1,342.54999999999984,1,1,2,4,Lost
16972.0,382.0,2,748.9999999999999,1,2,2,5,Lost
17036.0,382.0,1,176.89999999999998,1,1,1,3,Lost
15377.0,382.0,4,1211.7499999999998,1,3,3,7,At Risk
12858.0,382.0,1,147.27,1,1,1,3,Lost
17782.0,382.0,2,679.02,1,2,2,5,Lost
16501.0,382.0,1,1191.230000000001,1,1,3,5,Lost
14478.0,381.0,4,1276.6599999999999,1,3,3,7,At Risk
14679.0,381.0,3,1289.4400000000003,1,2,3,6,At Risk
17872.0,381.0,1,235.87,1,1,1,3,Lost
14994.0,381.0,5,946.7200000000008,1,3,3,7,At Risk
12805.0,381.0,4,1434.9500000000005,1,3,3,7,At Risk
17570.0,381.0,1,100.0,1,2,1,4,Lost
16373.0,381.0,2,309.48999999999995,1,2,1,4,Lost
15590.0,381.0,5,1496.6000000000004,1,3,3,7,At Risk
16935.0,381.0,3,530.86,1,2,2,5,Lost
16155.0,381.0,5,796.9,1,3,2,6,At Risk
17098.0,381.0,3,591.07,1,3,2,6,At Risk
16821.0,381.0,1,113.35000000000001,1,1,1,3,Lost
17713.0,381.0,4,1198.0900000000004,1,3,3,7,At Risk
15169.0,381.0,2,569.22,1,2,2,5,Lost
14926.0,381.0,2,359.4,1,2,2,5,Lost
12880.0,381.0,2,640.13,1,2,2,5,Lost
18047.0,380.0,2,326.08999999999986,1,2,1,4,Lost
16001.0,380.0,1,583.3900000000001,1,1,2,4,Lost
14202.0,380.0,3,847.7600000000001,1,2,2,5,Lost
17598.0,380.0,1,409.98,1,1,2,4,Lost
16437.0,380.0,2,301.25,1,2,1,4,Lost
14252.0,380.0,1,350.99,1,1,2,4,Lost
13843.0,380.0,1,319.75,1,1,1,3,Lost
15173.0,380.0,7,1494.6000000000001,1,3,3,7,At Risk
14458.0,380.0,1,228.06999999999996,1,1,1,3,Lost
17766.0,380.0,2,299.61,1,2,1,4,Lost
13181.0,380.0,1,359.69000000000005,1,1,2,4,Lost
12889.0,380.0,4,385.46000000000004,1,3,2,6,At Risk
16489.0,379.0,2,303.70000000000005,1,2,1,4,Lost
16699.0,379.0,7,994.5999999999998,1,3,3,7,At Risk
13958.0,379.0,8,4709.229999999996,1,4,4,9,Loyal
18025.0,379.0,6,1177.7200000000005,1,3,3,7,At Risk
13987.0,379.0,2,682.5400000000002,1,2,2,5,Lost
15476.0,379.0,4,2209.98,1,3,3,7,At Risk
17996.0,379.0,3,482.33000000000004,1,2,2,5,Lost
15509.0,379.0,1,152.40999999999997,1,1,1,3,Lost
18076.0,379.0,1,151.49,1,1,1,3,Lost
17998.0,379.0,3,639.2399999999999,1,3,2,6,At Risk
15902.0,379.0,1,145.01,1,1,1,3,Lost
15084.0,379.0,2,965.1999999999999,2,2,3,7,At Risk
17167.0,379.0,3,867.1099999999999,2,3,2,7,At Risk
17342.0,379.0,4,1227.54,2,3,3,8,Loyal
13554.0,379.0,7,1629.3500000000024,2,3,3,8,Loyal
15728.0,379.0,2,544.6,2,2,2,6,At Risk
16138.0,378.0,3,910.3499999999998,2,3,3,8,Loyal
15961.0,378.0,1,451.28999999999996,2,1,2,5,Lost
17882.0,378.0,2,291.5599999999999,2,2,1,5,Lost
12385.0,378.0,1,1938.4000000000003,2,2,3,7,At Risk
14721.0,378.0,1,109.07000000000001,2,1,1,4,Lost
15936.0,378.0,2,282.78999999999996,2,2,1,5,Lost
15638.0,378.0,6,2265.2,2,3,4,9,Loyal
16231.0,378.0,4,1074.4700000000003,2,3,3,8,Loyal
15020.0,378.0,1,198.47,2,1,1,4,Lost
14627.0,378.0,1,462.75,2,1,2,5,Lost
15495.0,378.0,1,246.49999999999997,2,1,1,4,Lost
18031.0,378.0,1,451.3000000000001,2,1,2,5,Lost
12961.0,378.0,1,211.98999999999998,2,1,1,4,Lost
16874.0,378.0,1,209.89,2,1,1,4,Lost
17283.0,378.0,1,188.46,2,1,1,4,Lost
13019.0,378.0,6,1229.9500000000003,2,3,3,8,Loyal
17989.0,378.0,1,207.33,2,1,1,4,Lost
17952.0,377.0,4,788.4600000000002,2,3,2,7,At Risk
16262.0,377.0,1,755.1500000000001,2,1,2,5,Lost
13891.0,377.0,3,859.2100000000003,2,3,2,7,At Risk
16254.0,377.0,3,967.4400000000002,2,2,3,7,At Risk
15914.0,377.0,2,205.98999999999995,2,2,1,5,Lost
17150.0,376.0,6,1357.95,2,3,3,8,Loyal
15580.0,376.0,8,1375.39,2,4,3,9,Loyal
13542.0,376.0,17,3959.489999999994,2,4,4,10,Champions
15446.0,376.0,3,399.74999999999994,2,2,2,6,At Risk
18003.0,375.0,1,353.51000000000005,2,1,2,5,Lost
17804.0,375.0,3,383.77999999999986,2,2,2,6,At Risk
14119.0,375.0,2,183.37,2,2,1,5,Lost
12767.0,375.0,1,949.8199999999999,2,2,3,7,At Risk
15989.0,375.0,2,368.30999999999983,2,2,2,6,At Risk
12996.0,375.0,1,355.5,2,1,2,5,Lost
13254.0,375.0,1,51.410000000000004,2,1,1,4,Lost
17756.0,375.0,3,728.7499999999999,2,3,2,7,At Risk
14986.0,375.0,2,563.0999999999999,2,2,2,6,At Risk
17322.0,375.0,5,922.5900000000003,2,3,3,8,Loyal
14454.0,375.0,5,977.3000000000005,2,3,3,8,Loyal
17607.0,375.0,1,333.81000000000006,2,1,1,4,Lost
17547.0,375.0,2,727.85,2,2,2,6,At Risk
18002.0,375.0,4,244.36999999999998,2,3,1,6,At Risk
15404.0,375.0,1,257.06,2,1,1,4,Lost
12605.0,375.0,4,1232.9499999999998,2,3,3,8,Loyal
15583.0,375.0,1,95.96000000000004,2,2,1,5,Lost
14510.0,375.0,3,979.8500000000003,2,3,3,8,Loyal
15037.0,375.0,2,397.75999999999993,2,2,2,6,At Risk
16421.0,375.0,3,526.27,2,2,2,6,At Risk
17814.0,374.0,2,1609.3700000000006,2,2,3,7,At Risk
14170.0,374.0,3,570.1799999999998,2,3,2,7,At Risk
16355.0,374.0,1,416.35,2,1,2,5,Lost
16223.0,374.0,2,1087.05,2,2,3,7,At Risk
12351.0,374.0,1,300.92999999999995,2,1,1,4,Lost
12870.0,374.0,3,1676.9500000000007,2,3,3,8,Loyal
16194.0,374.0,1,308.59999999999997,2,1,1,4,Lost
15828.0,374.0,1,1108.8199999999997,2,1,3,6,At Risk
17281.0,373.0,6,797.8499999999999,2,3,2,7,At Risk
12791.0,373.0,6,863.5100000000001,2,3,2,7,At Risk
13010.0,373.0,2,330.12,2,2,1,5,Lost
13747.0,373.0,2,169.79999999999998,2,2,1,5,Lost
18039.0,373.0,4,548.2199999999998,2,3,2,7,At Risk
16583.0,373.0,2,297.95,2,2,1,5,Lost
17826.0,373.0,1,133.34000000000003,2,1,1,4,Lost
17378.0,373.0,1,10.95,2,1,1,4,Lost
14729.0,373.0,3,586.2399999999999,2,3,2,7,At Risk
17908.0,373.0,5,1142.4700000000012,2,3,3,8,Loyal
17170.0,373.0,2,178.68,2,2,1,5,Lost
15960.0,373.0,4,410.94999999999993,2,3,2,7,At Risk
18074.0,373.0,2,1019.4400000000002,2,2,3,7,At Risk
13693.0,373.0,9,2011.8200000000002,2,4,3,9,Loyal
13444.0,373.0,2,619.0799999999999,2,2,2,6,At Risk
17820.0,373.0,1,180.60999999999999,2,1,1,4,Lost
17968.0,373.0,4,590.44,2,3,2,7,At Risk
14605.0,373.0,4,921.5599999999998,2,3,3,8,Loyal
17855.0,372.0,1,208.97000000000003,2,1,1,4,Lost
15363.0,372.0,2,678.1100000000001,2,2,2,6,At Risk
14142.0,372.0,2,671.34,2,2,2,6,At Risk
16752.0,372.0,1,207.49999999999997,2,1,1,4,Lost
15165.0,372.0,1,487.74999999999994,2,1,2,5,Lost
15350.0,372.0,2,547.5999999999999,2,2,2,6,At Risk
17925.0,372.0,1,244.08,2,1,1,4,Lost
15923.0,372.0,1,127.08000000000001,2,1,1,4,Lost
14237.0,372.0,2,471.1399999999999,2,2,2,6,At Risk
18011.0,372.0,2,410.78999999999985,2,2,2,6,At Risk
15922.0,372.0,1,369.5,2,1,2,5,Lost
13065.0,372.0,5,1055.0500000000002,2,3,3,8,Loyal
15070.0,372.0,3,737.0500000000002,2,3,2,7,At Risk
17643.0,372.0,2,439.69999999999993,2,2,2,6,At Risk
16274.0,372.0,1,351.7499999999999,2,1,2,5,Lost
16048.0,372.0,4,818.7899999999998,2,3,2,7,At Risk
13108.0,372.0,2,748.4599999999998,2,2,2,6,At Risk
17732.0,372.0,8,2166.4200000000005,2,4,3,9,Loyal
12855.0,372.0,4,612.8400000000004,2,3,2,7,At Risk
16510.0,371.0,6,1777.5,2,3,3,8,Loyal
17967.0,371.0,2,223.42000000000004,2,2,1,5,Lost
13011.0,371.0,1,50.550000000000004,2,1,1,4,Lost
17976.0,371.0,1,321.78999999999985,2,1,1,4,Lost
12686.0,371.0,1,89.14,2,2,1,5,Lost
14589.0,371.0,1,39.75,2,1,1,4,Lost
16754.0,371.0,29,65500.07000000001,2,4,4,10,Champions
12738.0,371.0,1,155.35,2,1,1,4,Lost
13370.0,371.0,1,754.8700000000001,2,1,2,5,Lost
16781.0,371.0,2,623.0,2,2,2,6,At Risk
17850.0,371.0,155,51208.869999999646,2,4,4,10,Champions
15823.0,371.0,3,3882.1700000000005,2,3,4,9,Loyal
14576.0,371.0,1,35.400000000000006,2,1,1,4,Lost
12725.0,370.0,4,2266.76,2,3,4,9,Loyal
16926.0,370.0,5,1169.61,2,3,3,8,Loyal
14813.0,369.0,4,888.9100000000005,2,3,3,8,Loyal
16718.0,368.0,5,3006.0799999999995,2,3,4,9,Loyal
18113.0,368.0,1,76.32000000000001,2,1,1,4,Lost
15899.0,368.0,1,56.25,2,1,1,4,Lost
15880.0,368.0,1,329.03000000000003,2,1,1,4,Lost
16858.0,368.0,10,4292.589999999997,2,4,4,10,Champions
17860.0,368.0,4,717.3900000000002,2,3,2,7,At Risk
18119.0,367.0,1,180.7,2,1,1,4,Lost
16658.0,367.0,6,690.83,2,3,2,7,At Risk
13807.0,366.0,3,422.19999999999993,2,2,2,6,At Risk
16125.0,366.0,14,4292.349999999997,2,4,4,10,Champions
12441.0,366.0,1,173.55,2,1,1,4,Lost
13786.0,366.0,6,3127.9900000000007,2,3,4,9,Loyal
16893.0,366.0,2,249.88999999999984,2,2,1,5,Lost
15973.0,366.0,3,680.62,2,3,2,7,At Risk
14821.0,366.0,7,1230.15,2,4,3,9,Loyal
15180.0,366.0,3,816.9300000000001,2,2,2,6,At Risk
13270.0,365.0,1,590.0,2,1,2,5,Lost
14355.0,365.0,3,840.0500000000004,2,2,2,6,At Risk
18269.0,365.0,1,168.6,2,1,1,4,Lost
12797.0,365.0,2,552.08,2,2,2,6,At Risk
15347.0,365.0,4,1162.0000000000002,2,3,3,8,Loyal
16679.0,365.0,3,663.31,2,3,2,7,At Risk
15332.0,365.0,6,4892.680000000001,2,3,4,9,Loyal
14932.0,365.0,2,666.1299999999998,2,2,2,6,At Risk
14437.0,365.0,5,873.3400000000001,2,3,3,8,Loyal
13369.0,365.0,1,308.28,2,1,1,4,Lost
15221.0,365.0,4,2062.1999999999994,2,3,3,8,Loyal
14082.0,364.0,2,413.35999999999996,2,2,2,6,At Risk
17456.0,364.0,2,975.5600000000003,2,2,3,7,At Risk
15945.0,364.0,4,646.2700000000001,2,3,2,7,At Risk
17880.0,364.0,3,824.9200000000002,2,2,2,6,At Risk
17978.0,364.0,4,1159.9899999999998,2,3,3,8,Loyal
15723.0,364.0,4,930.7000000000003,2,3,3,8,Loyal
16065.0,364.0,8,1992.130000000002,2,4,3,9,Loyal
16795.0,364.0,3,2062.4099999999994,2,2,3,7,At Risk
16727.0,363.0,4,1377.7699999999993,2,3,3,8,Loyal
16565.0,363.0,4,773.05,2,3,2,7,At Risk
12785.0,363.0,3,1100.4,2,2,3,7,At Risk
17251.0,362.0,3,798.9800000000002,2,2,2,6,At Risk
15503.0,362.0,2,257.3,2,2,1,5,Lost
14413.0,361.0,4,764.5200000000006,2,3,2,7,At Risk
15361.0,361.0,4,689.07,2,3,2,7,At Risk
18004.0,361.0,1,157.92,2,1,1,4,Lost
15454.0,361.0,2,305.99,2,2,1,5,Lost
16665.0,361.0,1,135.4,2,1,1,4,Lost
16202.0,360.0,9,2501.99,2,4,4,10,Champions
17303.0,360.0,1,250.0399999999999,2,1,1,4,Lost
17524.0,360.0,3,539.14,2,3,2,7,At Risk
13948.0,360.0,4,548.76,2,3,2,7,At Risk
16812.0,360.0,4,2391.9999999999995,2,3,4,9,Loyal
16499.0,359.0,8,2578.3399999999997,2,4,4,10,Champions
13295.0,359.0,4,1101.9700000000005,2,3,3,8,Loyal
17525.0,359.0,3,1161.8999999999994,2,2,3,7,At Risk
17551.0,358.0,1,290.34000000000003,2,1,1,4,Lost
17496.0,358.0,4,1412.8900000000006,2,3,3,8,Loyal
17752.0,358.0,1,80.64,2,2,1,5,Lost
18050.0,358.0,2,412.05999999999995,2,2,2,6,At Risk
15224.0,357.0,5,871.3599999999999,2,3,3,8,Loyal
12967.0,357.0,3,2938.52,2,3,4,9,Loyal
15789.0,357.0,6,1962.0099999999995,2,3,3,8,Loyal
18176.0,357.0,1,476.34999999999985,2,1,2,5,Lost
14373.0,357.0,1,76.55,2,1,1,4,Lost
13874.0,357.0,7,2049.1499999999996,2,4,3,9,Loyal
12551.0,357.0,1,168.0,2,1,1,4,Lost
17691.0,357.0,4,637.55,2,3,2,7,At Risk
13033.0,356.0,2,220.55,2,2,1,5,Lost
15204.0,356.0,1,316.58000000000004,2,1,1,4,Lost
15160.0,356.0,4,589.27,2,3,2,7,At Risk
15279.0,354.0,5,1580.5400000000004,2,3,3,8,Loyal
17343.0,354.0,6,1259.9399999999998,2,3,3,8,Loyal
15460.0,353.0,1,214.25999999999996,2,1,1,4,Lost
12734.0,352.0,3,639.6499999999999,2,3,2,7,At Risk
16270.0,352.0,1,1141.2399999999998,2,1,3,6,At Risk
12515.0,352.0,1,383.7,2,1,2,5,Lost
15562.0,351.0,3,671.4300000000001,2,3,2,7,At Risk
13922.0,351.0,3,865.2,2,3,2,7,At Risk
13304.0,350.0,4,1217.9900000000002,2,3,3,8,Loyal
16282.0,339.0,3,1307.5800000000002,2,2,3,7,At Risk
15464.0,337.0,1,1044.6500000000005,2,2,3,7,At Risk
15266.0,337.0,5,852.2100000000002,2,3,2,7,At Risk
12386.0,337.0,2,401.9,2,2,2,6,At Risk
13187.0,336.0,4,341.35999999999996,2,3,1,6,At Risk
12829.0,336.0,3,385.3,2,2,2,6,At Risk
12501.0,336.0,1,2169.3899999999985,2,2,3,7,At Risk
15607.0,336.0,9,1708.9699999999998,2,4,3,9,Loyal
15649.0,335.0,4,1660.35,2,3,3,8,Loyal
12489.0,335.0,1,334.93000000000006,2,1,1,4,Lost
14889.0,335.0,1,135.9,2,1,1,4,Lost
12793.0,334.0,3,885.53,2,3,3,8,Loyal
17128.0,334.0,1,157.09,2,1,1,4,Lost
12651.0,334.0,4,377.75,2,3,2,7,At Risk
15100.0,333.0,7,2193.8999999999996,2,4,3,9,Loyal
15326.0,333.0,5,1700.5199999999995,2,3,3,8,Loyal
18032.0,333.0,1,73.5,2,1,1,4,Lost
16850.0,333.0,1,332.41,2,1,1,4,Lost
12736.0,332.0,1,234.0,2,1,1,4,Lost
16351.0,332.0,13,3330.0299999999966,2,4,4,10,Champions
13144.0,332.0,2,135.35,2,2,1,5,Lost
15346.0,332.0,3,596.1200000000001,2,3,2,7,At Risk
17406.0,332.0,13,4186.949999999998,2,4,4,10,Champions
17569.0,331.0,1,344.13999999999993,2,1,2,5,Lost
14270.0,331.0,1,492.65,2,1,2,5,Lost
13284.0,330.0,1,201.19,2,1,1,4,Lost
12652.0,330.0,2,1017.0299999999999,2,2,3,7,At Risk
15510.0,330.0,1,250.0,2,1,1,4,Lost
15171.0,330.0,1,1289.5,2,1,3,6,At Risk
15447.0,330.0,5,492.88,2,3,2,7,At Risk
16315.0,330.0,2,402.71,2,2,2,6,At Risk
14185.0,330.0,1,197.65,2,1,1,4,Lost
12672.0,329.0,2,437.04999999999995,2,2,2,6,At Risk
18085.0,329.0,4,1341.8500000000006,2,3,3,8,Loyal
13385.0,329.0,1,534.5699999999999,2,1,2,5,Lost
18106.0,329.0,6,1441.0600000000009,2,3,3,8,Loyal
15316.0,326.0,1,165.0,2,1,1,4,Lost
12872.0,326.0,12,3283.959999999998,2,4,4,10,Champions
18212.0,325.0,2,514.3700000000001,2,2,2,6,At Risk
15395.0,325.0,1,107.45000000000002,2,1,1,4,Lost
13898.0,325.0,2,686.3999999999997,2,2,2,6,At Risk
12346.0,325.0,12,77556.46,2,4,4,10,Champions
18233.0,325.0,1,440.0,2,1,2,5,Lost
13859.0,325.0,2,515.8599999999999,2,2,2,6,At Risk
14238.0,325.0,3,434.23,2,2,2,6,At Risk
12665.0,324.0,3,313.59999999999997,2,3,1,6,At Risk
14090.0,324.0,1,76.32000000000001,2,1,1,4,Lost
17862.0,323.0,4,1254.8900000000006,2,3,3,8,Loyal
15262.0,323.0,3,418.82,2,2,2,6,At Risk
13008.0,322.0,3,612.13,2,3,2,7,At Risk
16387.0,322.0,5,882.4599999999996,2,3,3,8,Loyal
15422.0,322.0,7,1619.9700000000007,2,3,3,8,Loyal
15174.0,322.0,2,481.4600000000001,2,2,2,6,At Risk
17890.0,322.0,2,586.8900000000004,2,2,2,6,At Risk
12402.0,322.0,6,1256.9000000000003,2,3,3,8,Loyal
17094.0,321.0,2,402.19999999999993,2,2,2,6,At Risk
15167.0,320.0,5,1627.6200000000017,2,3,3,8,Loyal
17714.0,320.0,5,1410.18,2,3,3,8,Loyal
15820.0,319.0,1,206.97999999999996,2,1,1,4,Lost
14368.0,319.0,1,155.0,2,1,1,4,Lost
14068.0,319.0,4,1516.7200000000003,2,3,3,8,Loyal
14439.0,319.0,5,9443.040000000003,2,3,4,9,Loyal
14782.0,319.0,1,200.1,2,1,1,4,Lost
15213.0,318.0,2,328.35,2,2,1,5,Lost
16757.0,318.0,2,270.47999999999996,2,2,1,5,Lost
14130.0,318.0,4,1858.7700000000011,2,3,3,8,Loyal
15222.0,318.0,11,3550.909999999999,2,4,4,10,Champions
13615.0,318.0,8,6272.529999999996,2,4,4,10,Champions
13551.0,318.0,2,244.19999999999996,2,2,1,5,Lost
15052.0,318.0,1,207.72999999999996,2,1,1,4,Lost
14248.0,317.0,3,1032.95,2,2,3,7,At Risk
17118.0,317.0,1,157.01999999999998,2,1,1,4,Lost
16222.0,317.0,2,1272.050000000002,2,2,3,7,At Risk
13002.0,317.0,3,414.13000000000005,2,2,2,6,At Risk
13703.0,317.0,2,425.55999999999995,2,2,2,6,At Risk
16124.0,316.0,4,1772.490000000001,2,3,3,8,Loyal
12764.0,316.0,1,1693.8799999999997,2,2,3,7,At Risk
12591.0,316.0,3,1338.9500000000003,2,2,3,7,At Risk
15661.0,316.0,8,1215.95,2,4,3,9,Loyal
13506.0,315.0,5,1338.0800000000002,2,3,3,8,Loyal
12574.0,315.0,1,218.45,2,1,1,4,Lost
13328.0,315.0,1,1308.48,2,1,3,6,At Risk
12735.0,314.0,2,779.5699999999998,2,2,2,6,At Risk
12377.0,314.0,4,3426.3199999999983,2,3,4,9,Loyal
17062.0,313.0,6,889.7500000000002,2,3,3,8,Loyal
18095.0,312.0,5,2303.0899999999997,2,3,4,9,Loyal
13161.0,312.0,2,472.13000000000005,2,2,2,6,At Risk
17239.0,312.0,4,1189.45,2,3,3,8,Loyal
15415.0,312.0,1,559.6099999999998,2,1,2,5,Lost
17431.0,312.0,1,403.3000000000001,2,1,2,5,Lost
15448.0,312.0,2,788.8099999999997,2,2,2,6,At Risk
14496.0,311.0,7,2363.8899999999994,2,4,4,10,Champions
12929.0,311.0,1,117.85,2,1,1,4,Lost
17356.0,311.0,5,946.4699999999999,2,3,3,8,Loyal
13494.0,311.0,1,316.2600000000001,2,1,1,4,Lost
17619.0,311.0,1,214.37000000000006,2,1,1,4,Lost
14850.0,311.0,7,1770.9600000000005,2,3,3,8,Loyal
15881.0,311.0,5,501.38999999999993,2,3,2,7,At Risk
13600.0,311.0,2,518.4199999999998,2,2,2,6,At Risk
16403.0,311.0,1,177.5,2,1,1,4,Lost
12559.0,310.0,2,561.7099999999999,2,2,2,6,At Risk
14411.0,310.0,1,1063.0,2,1,3,6,At Risk
14549.0,310.0,4,913.6000000000007,2,3,3,8,Loyal
15107.0,310.0,9,824.3499999999999,2,4,2,8,Loyal
12373.0,310.0,3,1127.6500000000005,2,2,3,7,At Risk
14457.0,310.0,1,113.64,2,1,1,4,Lost
15226.0,310.0,1,154.41,2,1,1,4,Lost
15940.0,310.0,1,35.8,2,1,1,4,Lost
17912.0,309.0,6,374.5499999999999,2,3,2,7,At Risk
16030.0,309.0,1,331.24,2,1,1,4,Lost
17223.0,309.0,3,558.0399999999997,2,3,2,7,At Risk
18250.0,309.0,1,349.27,2,1,2,5,Lost
13800.0,309.0,3,1679.5600000000009,2,3,3,8,Loyal
12350.0,309.0,1,334.3999999999999,2,1,1,4,Lost
12410.0,308.0,3,1013.71,2,2,3,7,At Risk
17517.0,308.0,1,153.93999999999997,2,1,1,4,Lost
14497.0,308.0,2,697.0599999999998,2,2,2,6,At Risk
13581.0,308.0,2,280.53000000000003,2,2,1,5,Lost
17226.0,308.0,3,895.47,2,3,3,8,Loyal
13963.0,307.0,17,2860.57,2,4,4,10,Champions
17291.0,307.0,1,550.8000000000001,2,1,2,5,Lost
15090.0,307.0,1,381.32,2,1,2,5,Lost
13584.0,306.0,3,385.6999999999999,2,2,2,6,At Risk
17392.0,306.0,3,585.9200000000001,2,3,2,7,At Risk
14600.0,305.0,2,865.1700000000003,2,2,2,6,At Risk
12956.0,305.0,4,521.8899999999998,2,3,2,7,At Risk
15808.0,305.0,21,17180.250000000047,2,4,4,10,Champions
14438.0,305.0,1,131.9,2,1,1,4,Lost
14048.0,304.0,3,748.69,2,2,2,6,At Risk
15753.0,304.0,1,79.2,2,1,1,4,Lost
17859.0,304.0,1,141.92000000000002,2,1,1,4,Lost
13809.0,304.0,3,679.7000000000002,2,3,2,7,At Risk
17881.0,303.0,1,133.35000000000002,2,1,1,4,Lost
15970.0,303.0,2,1017.3199999999997,2,2,3,7,At Risk
15843.0,303.0,1,118.95,2,1,1,4,Lost
17358.0,302.0,5,861.0100000000004,2,3,2,7,At Risk
17843.0,302.0,2,320.3999999999999,2,2,1,5,Lost
14431.0,302.0,4,2614.199999999998,2,3,4,9,Loyal
13706.0,302.0,2,631.1699999999997,2,2,2,6,At Risk
12401.0,302.0,1,84.3,2,2,1,5,Lost
12561.0,302.0,1,238.85000000000002,2,1,1,4,Lost
16725.0,301.0,14,1688.2600000000032,2,4,3,9,Loyal
16405.0,301.0,2,167.25,2,2,1,5,Lost
16425.0,301.0,1,302.69999999999993,2,1,1,4,Lost
17334.0,301.0,3,635.1500000000001,2,3,2,7,At Risk
13819.0,301.0,6,2642.3500000000004,2,3,4,9,Loyal
14081.0,301.0,10,4867.56999999998,2,4,4,10,Champions
18159.0,300.0,1,530.1500000000001,2,1,2,5,Lost
13672.0,300.0,3,419.92,2,2,2,6,At Risk
17829.0,298.0,5,4756.74,2,3,4,9,Loyal
16084.0,298.0,1,436.17999999999995,2,1,2,5,Lost
16897.0,298.0,2,289.78,2,2,1,5,Lost
15236.0,298.0,1,321.05,2,1,1,4,Lost
13893.0,297.0,1,821.0999999999999,2,2,2,6,At Risk
16738.0,297.0,1,3.75,2,2,1,5,Lost
15670.0,296.0,2,325.2,2,2,1,5,Lost
16073.0,296.0,1,122.39999999999999,2,1,1,4,Lost
14176.0,296.0,5,756.4599999999999,2,3,2,7,At Risk
16509.0,296.0,1,363.7,2,1,2,5,Lost
14386.0,296.0,1,142.4,2,1,1,4,Lost
16494.0,296.0,1,826.5299999999997,2,2,2,6,At Risk
14935.0,296.0,2,2849.8299999999995,2,2,4,8,Loyal
14760.0,296.0,1,89.2,2,2,1,5,Lost
16148.0,295.0,2,386.62,2,2,2,6,At Risk
13151.0,295.0,3,2465.2100000000028,2,3,4,9,Loyal
13932.0,294.0,1,307.4,2,1,1,4,Lost
12852.0,294.0,1,311.54999999999995,2,1,1,4,Lost
18138.0,294.0,1,152.65,2,1,1,4,Lost
14371.0,294.0,1,100.5,2,2,1,5,Lost
16765.0,293.0,2,454.7499999999999,2,2,2,6,At Risk
12988.0,291.0,1,505.8199999999999,2,1,2,5,Lost
12707.0,291.0,1,603.4200000000001,2,1,2,5,Lost
16349.0,290.0,1,53.5,2,1,1,4,Lost
13044.0,290.0,11,4848.050000000004,2,4,4,10,Champions
12365.0,290.0,2,641.38,2,2,2,6,At Risk
16546.0,290.0,5,5307.069999999999,2,3,4,9,Loyal
18114.0,289.0,1,220.09999999999997,2,1,1,4,Lost
15303.0,289.0,3,1224.18,2,2,3,7,At Risk
17499.0,289.0,2,1341.3899999999996,2,2,3,7,At Risk
16913.0,289.0,3,423.90999999999997,2,2,2,6,At Risk
15397.0,289.0,1,94.0,2,2,1,5,Lost
18068.0,288.0,1,101.69999999999999,2,2,1,5,Lost
17171.0,288.0,2,384.59,2,2,2,6,At Risk
12565.0,288.0,1,145.92000000000002,2,1,1,4,Lost
12945.0,287.0,2,900.1100000000001,2,2,3,7,At Risk
18056.0,287.0,2,554.5999999999999,2,2,2,6,At Risk
15543.0,287.0,2,242.26,2,2,1,5,Lost
17117.0,287.0,1,116.19999999999999,2,1,1,4,Lost
13501.0,287.0,3,2885.110000000001,2,3,4,9,Loyal
16997.0,287.0,3,702.0,2,3,2,7,At Risk
13751.0,287.0,1,296.25,2,1,1,4,Lost
16072.0,287.0,4,4180.089999999997,2,3,4,9,Loyal
13753.0,287.0,4,2094.57,2,3,3,8,Loyal
13345.0,287.0,1,389.49999999999994,2,1,2,5,Lost
12361.0,286.0,4,511.24999999999994,2,3,2,7,At Risk
13973.0,286.0,1,264.7,2,1,1,4,Lost
16598.0,285.0,1,145.05,2,1,1,4,Lost
13684.0,285.0,4,594.8800000000001,2,3,2,7,At Risk
14036.0,284.0,1,626.6499999999999,2,1,2,5,Lost
15319.0,283.0,1,204.50000000000003,2,1,1,4,Lost
12509.0,283.0,1,176.5,2,1,1,4,Lost
17165.0,283.0,6,1794.320000000001,2,3,3,8,Loyal
16078.0,283.0,2,362.99,2,2,2,6,At Risk
16339.0,283.0,1,94.05000000000003,2,2,1,5,Lost
14046.0,283.0,1,154.99,2,1,1,4,Lost
15709.0,283.0,2,327.8500000000001,2,2,1,5,Lost
13166.0,282.0,2,875.93,2,2,3,7,At Risk
15733.0,282.0,1,162.3,2,1,1,4,Lost
12834.0,282.0,1,312.38,2,1,1,4,Lost
13497.0,282.0,6,1166.8300000000004,2,3,3,8,Loyal
15257.0,282.0,2,685.9,2,2,2,6,At Risk
12866.0,282.0,3,1227.35,2,2,3,7,At Risk
15456.0,282.0,10,2091.5199999999986,2,4,3,9,Loyal
12873.0,281.0,3,2027.3,2,2,3,7,At Risk
15087.0,281.0,1,306.93999999999994,2,1,1,4,Lost
17995.0,281.0,3,495.48,2,2,2,6,At Risk
16159.0,281.0,4,1232.7900000000002,2,3,3,8,Loyal
16792.0,281.0,5,623.4600000000004,2,3,2,7,At Risk
17923.0,281.0,3,497.0,2,2,2,6,At Risk
14483.0,281.0,2,257.09999999999997,2,2,1,5,Lost
17789.0,280.0,2,397.15000000000003,2,2,2,6,At Risk
12817.0,280.0,3,690.98,2,3,2,7,At Risk
12755.0,280.0,11,5236.259999999998,2,4,4,10,Champions
13382.0,280.0,5,1387.58,2,3,3,8,Loyal
14779.0,280.0,3,386.1499999999999,2,2,2,6,At Risk
17508.0,280.0,8,4579.229999999998,2,4,4,10,Champions
13715.0,280.0,17,8153.039999999993,2,4,4,10,Champions
14570.0,280.0,3,613.7500000000006,2,3,2,7,At Risk
17535.0,279.0,1,164.4,2,1,1,4,Lost
17325.0,279.0,3,609.5699999999999,2,3,2,7,At Risk
14670.0,279.0,3,583.33,2,3,2,7,At Risk
14012.0,277.0,1,328.80000000000007,2,1,1,4,Lost
18280.0,277.0,2,488.15,2,2,2,6,At Risk
15554.0,277.0,1,217.20000000000002,2,1,1,4,Lost
14247.0,277.0,5,753.5600000000002,2,3,2,7,At Risk
12614.0,277.0,1,315.59999999999997,2,1,1,4,Lost
16517.0,276.0,1,162.7,2,1,1,4,Lost
17654.0,276.0,1,117.55000000000001,2,1,1,4,Lost
15234.0,276.0,1,197.0,2,1,1,4,Lost
16917.0,276.0,2,1851.88,2,2,3,7,At Risk
15869.0,276.0,3,321.11,2,3,1,6,At Risk
15944.0,276.0,4,2164.2400000000002,2,3,3,8,Loyal
14586.0,276.0,1,237.36000000000004,2,1,1,4,Lost
14165.0,275.0,1,120.44000000000003,2,1,1,4,Lost
12623.0,275.0,7,3747.84,2,4,4,10,Champions
13093.0,275.0,55,54144.250000000095,2,4,4,10,Champions
12881.0,275.0,1,298.0,2,1,1,4,Lost
17639.0,275.0,6,615.1700000000002,2,3,2,7,At Risk
17138.0,275.0,7,4417.269999999999,2,4,4,10,Champions
14603.0,274.0,1,660.0,2,1,2,5,Lost
16625.0,274.0,5,1654.03,2,3,3,8,Loyal
13493.0,274.0,2,618.63,2,2,2,6,At Risk
15057.0,274.0,5,3255.9600000000005,2,3,4,9,Loyal
16471.0,274.0,4,1189.9800000000005,2,3,3,8,Loyal
14114.0,273.0,7,1364.0900000000006,2,4,3,9,Loyal
14350.0,273.0,3,972.0300000000001,2,2,3,7,At Risk
13133.0,273.0,3,200.45,2,2,1,5,Lost
14727.0,273.0,3,463.7300000000001,2,2,2,6,At Risk
17194.0,273.0,3,812.5000000000003,2,2,2,6,At Risk
15049.0,273.0,1,121.17000000000002,2,1,1,4,Lost
15308.0,273.0,1,310.47,2,1,1,4,Lost
18086.0,273.0,1,101.33999999999999,2,2,1,5,Lost
13043.0,272.0,1,516.4200000000001,2,1,2,5,Lost
13226.0,272.0,2,312.46,2,2,1,5,Lost
16766.0,272.0,2,1145.5999999999997,2,2,3,7,At Risk
14962.0,270.0,4,366.90999999999997,2,3,2,7,At Risk
13708.0,270.0,1,285.3299999999999,2,1,1,4,Lost
17542.0,269.0,3,340.8499999999999,2,3,1,6,At Risk
16037.0,269.0,5,1509.3400000000008,2,3,3,8,Loyal
16392.0,269.0,3,756.6999999999999,2,2,2,6,At Risk
15388.0,269.0,1,140.54000000000002,2,1,1,4,Lost
15047.0,269.0,1,343.62,2,1,2,5,Lost
13358.0,268.0,1,439.0299999999999,2,1,2,5,Lost
13261.0,268.0,2,944.1,2,2,3,7,At Risk
16297.0,268.0,1,301.90000000000003,2,1,1,4,Lost
16152.0,268.0,1,1829.04,2,2,3,7,At Risk
13121.0,268.0,1,283.72999999999996,2,1,1,4,Lost
13716.0,268.0,1,138.28,2,1,1,4,Lost
14840.0,267.0,2,362.71000000000004,2,2,2,6,At Risk
13185.0,267.0,1,71.4,2,1,1,4,Lost
13216.0,267.0,1,333.74,2,1,1,4,Lost
13299.0,267.0,3,1218.7000000000003,2,2,3,7,At Risk
16216.0,266.0,1,914.93,2,2,3,7,At Risk
15019.0,266.0,1,252.80999999999995,2,1,1,4,Lost
15695.0,266.0,4,1131.04,2,3,3,8,Loyal
16377.0,266.0,2,1308.48,2,2,3,7,At Risk
13707.0,266.0,5,3365.8599999999956,2,3,4,9,Loyal
14059.0,266.0,1,183.6,2,1,1,4,Lost
16256.0,266.0,3,1629.3699999999997,2,3,3,8,Loyal
14066.0,266.0,1,152.55,2,1,1,4,Lost
13072.0,266.0,1,177.14999999999998,2,1,1,4,Lost
12845.0,266.0,4,354.09000000000003,2,3,2,7,At Risk
16716.0,266.0,3,2149.6800000000003,2,2,3,7,At Risk
16976.0,266.0,1,251.51999999999998,2,1,1,4,Lost
12514.0,266.0,2,1597.7600000000004,2,2,3,7,At Risk
14041.0,265.0,1,141.41,2,1,1,4,Lost
14633.0,265.0,1,344.90000000000003,2,1,2,5,Lost
14155.0,265.0,1,118.75,2,1,1,4,Lost
17060.0,265.0,1,234.24,2,1,1,4,Lost
15703.0,264.0,1,211.5,2,1,1,4,Lost
12902.0,264.0,1,138.68,2,1,1,4,Lost
14693.0,264.0,7,1165.36,2,4,3,9,Loyal
16402.0,264.0,2,293.44999999999993,2,2,1,5,Lost
18224.0,263.0,1,158.95,2,1,1,4,Lost
15445.0,263.0,2,284.5,2,2,1,5,Lost
17678.0,263.0,2,599.76,2,2,2,6,At Risk
15408.0,263.0,1,267.17999999999995,2,1,1,4,Lost
13934.0,263.0,1,922.0999999999999,2,2,3,7,At Risk
16096.0,263.0,4,1584.9699999999998,2,3,3,8,Loyal
14762.0,263.0,2,417.57,2,2,2,6,At Risk
16619.0,263.0,4,1938.33,2,3,3,8,Loyal
17230.0,263.0,18,9388.49,2,4,4,10,Champions
17763.0,262.0,4,86.15,2,3,1,6,At Risk
13262.0,262.0,3,573.4500000000002,2,3,2,7,At Risk
14632.0,262.0,1,114.55999999999999,2,1,1,4,Lost
16427.0,262.0,2,241.06,2,2,1,5,Lost
16135.0,262.0,2,819.4499999999999,2,2,2,6,At Risk
12818.0,261.0,1,1542.08,2,2,3,7,At Risk
17507.0,261.0,2,605.5799999999999,2,2,2,6,At Risk
13239.0,261.0,5,1594.6900000000007,2,3,3,8,Loyal
16721.0,261.0,1,292.47,2,1,1,4,Lost
14870.0,261.0,6,1838.9500000000005,2,3,3,8,Loyal
17102.0,261.0,1,25.5,2,1,1,4,Lost
18191.0,261.0,2,529.4,2,2,2,6,At Risk
13132.0,261.0,1,77.3,2,1,1,4,Lost
15437.0,261.0,2,393.4499999999999,2,2,2,6,At Risk
12831.0,261.0,3,451.11,2,2,2,6,At Risk
15457.0,261.0,1,237.07,2,1,1,4,Lost
17698.0,260.0,1,154.95,2,1,1,4,Lost
12811.0,260.0,5,1033.9,2,3,3,8,Loyal
16250.0,260.0,3,565.2400000000001,2,3,2,7,At Risk
13512.0,260.0,4,713.3900000000001,2,3,2,7,At Risk
17486.0,260.0,1,396.87000000000006,2,1,2,5,Lost
12564.0,260.0,1,456.90000000000003,2,1,2,5,Lost
13341.0,260.0,1,775.8500000000001,2,2,2,6,At Risk
14348.0,259.0,1,409.57,2,1,2,5,Lost
16769.0,259.0,4,1117.0500000000004,2,3,3,8,Loyal
14256.0,259.0,5,2460.7900000000004,2,3,4,9,Loyal
16063.0,259.0,1,335.3200000000001,2,1,1,4,Lost
15178.0,259.0,1,40.5,2,1,1,4,Lost
14536.0,259.0,1,170.95000000000002,2,1,1,4,Lost
16022.0,259.0,1,602.63,2,1,2,5,Lost
13452.0,258.0,3,729.8,2,3,2,7,At Risk
18071.0,257.0,6,1169.68,2,3,3,8,Loyal
13649.0,256.0,6,1453.6800000000005,2,3,3,8,Loyal
14476.0,256.0,1,193.0,2,1,1,4,Lost
15083.0,256.0,1,88.19999999999999,2,2,1,5,Lost
13357.0,256.0,5,3805.509999999997,2,3,4,9,Loyal
13368.0,256.0,4,1121.5000000000002,2,3,3,8,Loyal
18010.0,256.0,1,174.79999999999998,2,1,1,4,Lost
12792.0,256.0,2,827.0099999999998,2,2,2,6,At Risk
15032.0,255.0,8,11010.050000000001,2,4,4,10,Champions
16692.0,255.0,4,1914.6999999999998,2,3,3,8,Loyal
15589.0,255.0,3,478.53,2,2,2,6,At Risk
13439.0,254.0,3,986.6099999999997,2,3,3,8,Loyal
13803.0,254.0,3,1338.9099999999999,2,2,3,7,At Risk
16980.0,254.0,3,1422.8300000000002,2,2,3,7,At Risk
15353.0,254.0,7,2794.4699999999993,2,4,4,10,Champions
17775.0,254.0,1,56.4,2,1,1,4,Lost
14890.0,253.0,3,817.2500000000002,2,2,2,6,At Risk
17438.0,253.0,5,1422.7700000000007,2,3,3,8,Loyal
13060.0,253.0,1,307.53,2,1,1,4,Lost
15528.0,253.0,1,229.33,2,1,1,4,Lost
14479.0,253.0,4,1124.7100000000012,2,3,3,8,Loyal
15832.0,253.0,1,836.7900000000003,2,2,2,6,At Risk
18108.0,253.0,3,848.8100000000002,2,3,2,7,At Risk
15424.0,253.0,3,597.7800000000001,2,3,2,7,At Risk
14886.0,252.0,1,364.8,2,1,2,5,Lost
15894.0,252.0,2,258.25000000000006,2,2,1,5,Lost
14957.0,252.0,2,261.69000000000005,2,2,1,5,Lost
17212.0,252.0,3,794.41,2,2,2,6,At Risk
13626.0,252.0,2,707.0400000000001,2,2,2,6,At Risk
17701.0,252.0,1,417.95,2,1,2,5,Lost
13462.0,252.0,5,1153.8500000000001,2,3,3,8,Loyal
17580.0,252.0,5,541.0199999999999,2,3,2,7,At Risk
13841.0,252.0,1,85.0,2,2,1,5,Lost
15691.0,251.0,4,571.3,2,3,2,7,At Risk
16162.0,251.0,1,37.4,2,1,1,4,Lost
13781.0,250.0,3,778.8300000000003,2,2,2,6,At Risk
16142.0,249.0,1,535.3399999999999,2,1,2,5,Lost
13059.0,249.0,10,2291.770000000001,2,4,4,10,Champions
14747.0,248.0,1,328.2,2,1,1,4,Lost
16586.0,248.0,3,1462.7800000000002,2,2,3,7,At Risk
15442.0,248.0,1,594.0,2,1,2,5,Lost
16105.0,248.0,5,2386.190000000001,2,3,4,9,Loyal
18185.0,248.0,1,304.25,2,1,1,4,Lost
17956.0,248.0,1,12.75,2,1,1,4,Lost
17492.0,247.0,3,1122.4199999999998,2,2,3,7,At Risk
13863.0,247.0,4,1239.55,2,3,3,8,Loyal
15917.0,247.0,5,530.1699999999998,2,3,2,7,At Risk
12580.0,246.0,2,1052.8999999999999,2,2,3,7,At Risk
14465.0,246.0,11,3925.849999999997,2,4,4,10,Champions
14964.0,246.0,1,206.20999999999998,2,1,1,4,Lost
14220.0,246.0,4,1514.9999999999995,2,3,3,8,Loyal
16144.0,246.0,1,175.2,2,1,1,4,Lost
17140.0,246.0,1,454.1199999999999,2,1,2,5,Lost
16378.0,246.0,3,362.95,2,3,2,7,At Risk
17906.0,246.0,1,72.89999999999999,2,1,1,4,Lost
13712.0,246.0,2,766.4200000000002,2,2,2,6,At Risk
14619.0,245.0,2,1291.2400000000005,2,2,3,7,At Risk
15109.0,245.0,3,983.1000000000004,2,3,3,8,Loyal
14981.0,245.0,2,372.92,2,2,2,6,At Risk
17035.0,245.0,4,613.59,2,3,2,7,At Risk
13718.0,245.0,2,306.55000000000007,2,2,1,5,Lost
15119.0,245.0,1,266.4,2,1,1,4,Lost
16010.0,245.0,11,1694.860000000002,2,4,3,9,Loyal
16643.0,245.0,2,923.1100000000001,2,2,3,7,At Risk
16623.0,245.0,4,1015.2400000000001,2,3,3,8,Loyal
14924.0,245.0,3,931.0100000000001,2,3,3,8,Loyal
15775.0,244.0,2,150.5,2,2,1,5,Lost
13508.0,243.0,2,287.05,2,2,1,5,Lost
13570.0,242.0,1,239.49000000000004,2,1,1,4,Lost
15655.0,242.0,1,560.6699999999998,2,1,2,5,Lost
14616.0,242.0,5,527.78,2,3,2,7,At Risk
12447.0,242.0,1,476.48999999999984,2,1,2,5,Lost
16552.0,242.0,2,379.73,2,2,2,6,At Risk
14339.0,242.0,2,620.2699999999999,2,2,2,6,At Risk
12982.0,242.0,8,2744.81,2,4,4,10,Champions
17574.0,242.0,1,185.65000000000003,2,1,1,4,Lost
14311.0,242.0,2,516.45,2,2,2,6,At Risk
18129.0,242.0,1,112.55,2,1,1,4,Lost
14669.0,241.0,7,3216.7799999999997,2,4,4,10,Champions
14326.0,241.0,3,940.9800000000001,2,3,3,8,Loyal
17972.0,241.0,1,135.19,2,1,1,4,Lost
15212.0,240.0,2,208.28000000000003,2,2,1,5,Lost
13484.0,240.0,3,790.7199999999998,2,2,2,6,At Risk
16697.0,240.0,1,112.75,2,1,1,4,Lost
13740.0,240.0,5,1582.77,2,3,3,8,Loyal
17278.0,240.0,2,271.24,2,2,1,5,Lost
15777.0,240.0,7,1762.61,2,3,3,8,Loyal
17746.0,239.0,4,904.1800000000002,2,3,3,8,Loyal
16097.0,239.0,1,185.04999999999998,2,1,1,4,Lost
15139.0,239.0,2,178.96000000000004,2,2,1,5,Lost
13221.0,239.0,2,847.41,2,2,2,6,At Risk
15147.0,239.0,1,623.5,2,1,2,5,Lost
14206.0,238.0,3,1185.0100000000002,2,2,3,7,At Risk
13120.0,238.0,1,30.599999999999998,2,1,1,4,Lost
14105.0,238.0,5,5988.829999999996,2,3,4,9,Loyal
17601.0,238.0,2,413.07999999999987,2,2,2,6,At Risk
15230.0,238.0,2,429.6,2,2,2,6,At Risk
17142.0,238.0,4,1275.2499999999998,2,3,3,8,Loyal
12639.0,238.0,3,1312.3700000000001,2,2,3,7,At Risk
17362.0,238.0,7,1024.0400000000002,2,3,3,8,Loyal
16957.0,238.0,2,416.63999999999993,2,2,2,6,At Risk
15935.0,238.0,2,416.8600000000001,2,2,2,6,At Risk
12769.0,238.0,1,1143.6,2,1,3,6,At Risk
15135.0,238.0,2,305.67999999999995,2,2,1,5,Lost
14154.0,238.0,8,6460.699999999992,2,4,4,10,Champions
12582.0,238.0,4,1980.4,2,3,3,8,Loyal
17367.0,237.0,1,167.54999999999998,2,1,1,4,Lost
15246.0,237.0,3,780.4000000000001,2,2,2,6,At Risk
16193.0,236.0,2,630.4299999999998,2,2,2,6,At Risk
18213.0,236.0,1,232.48,2,1,1,4,Lost
17990.0,236.0,6,1527.6099999999997,2,3,3,8,Loyal
12754.0,235.0,3,3010.7400000000002,2,3,4,9,Loyal
16947.0,235.0,5,955.2099999999999,2,3,3,8,Loyal
12878.0,235.0,2,854.9900000000001,2,2,2,6,At Risk
14532.0,235.0,11,3845.78,2,4,4,10,Champions
17582.0,235.0,5,1446.950000000001,2,3,3,8,Loyal
17697.0,235.0,1,338.95000000000005,2,1,1,4,Lost
16617.0,235.0,1,151.85,2,1,1,4,Lost
13474.0,235.0,3,646.5900000000001,2,3,2,7,At Risk
14672.0,234.0,4,1113.1399999999999,2,3,3,8,Loyal
16217.0,234.0,2,304.25,2,2,1,5,Lost
15749.0,234.0,3,44534.3,2,2,4,8,Loyal
18009.0,234.0,8,2144.2300000000005,2,4,3,9,Loyal
14242.0,234.0,2,280.55000000000007,2,2,1,5,Lost
14148.0,233.0,2,466.29,2,2,2,6,At Risk
17548.0,233.0,4,731.26,2,3,2,7,At Risk
17217.0,233.0,2,210.1,2,2,1,5,Lost
13101.0,233.0,4,695.4000000000001,2,3,2,7,At Risk
12585.0,233.0,2,2040.0999999999997,2,2,3,7,At Risk
15717.0,233.0,5,607.0000000000002,2,3,2,7,At Risk
12733.0,233.0,4,2424.8700000000003,2,3,4,9,Loyal
15225.0,233.0,1,409.4,2,1,2,5,Lost
13485.0,232.0,11,3019.219999999999,2,4,4,10,Champions
12506.0,232.0,1,73.50000000000003,2,1,1,4,Lost
17120.0,232.0,1,307.46000000000004,2,1,1,4,Lost
17946.0,232.0,2,149.57999999999998,2,2,1,5,Lost
15517.0,232.0,1,267.03000000000003,2,1,1,4,Lost
12354.0,231.0,1,1079.4,2,1,3,6,At Risk
13482.0,231.0,2,336.09,2,2,1,5,Lost
17718.0,231.0,2,439.18,2,2,2,6,At Risk
16163.0,231.0,6,2407.98,2,3,4,9,Loyal
16587.0,231.0,1,225.15000000000003,2,1,1,4,Lost
12622.0,231.0,1,180.09999999999997,2,1,1,4,Lost
14770.0,231.0,8,3637.64,2,4,4,10,Champions
17670.0,227.0,1,205.7,2,1,1,4,Lost
16834.0,227.0,2,898.9599999999999,2,2,3,7,At Risk
17277.0,227.0,2,1065.3499999999995,2,2,3,7,At Risk
16965.0,226.0,1,201.18999999999997,2,1,1,4,Lost
17187.0,226.0,2,467.7099999999999,2,2,2,6,At Risk
16823.0,226.0,7,2243.0900000000015,2,4,3,9,Loyal
16698.0,226.0,2,1998.0,2,2,3,7,At Risk
15891.0,226.0,1,511.68000000000006,2,1,2,5,Lost
12573.0,226.0,5,717.4100000000002,2,3,2,7,At Risk
18183.0,226.0,2,632.0700000000002,2,2,2,6,At Risk
18220.0,226.0,6,1921.7600000000002,2,3,3,8,Loyal
15143.0,225.0,2,563.63,2,2,2,6,At Risk
14271.0,225.0,2,214.18,2,2,1,5,Lost
15223.0,225.0,5,1417.9500000000003,2,3,3,8,Loyal
13229.0,225.0,1,160.95,2,1,1,4,Lost
15210.0,224.0,3,1176.19,2,2,3,7,At Risk
16227.0,224.0,3,1027.2200000000003,2,3,3,8,Loyal
17991.0,224.0,3,300.3,2,3,1,6,At Risk
17893.0,224.0,1,107.21000000000001,2,1,1,4,Lost
14022.0,224.0,2,792.1500000000001,2,2,2,6,At Risk
16634.0,222.0,6,1649.8100000000004,2,3,3,8,Loyal
14304.0,222.0,3,1725.01,2,3,3,8,Loyal
14149.0,220.0,1,446.62000000000006,2,1,2,5,Lost
16055.0,220.0,1,134.8,2,1,1,4,Lost
17501.0,220.0,2,288.59999999999997,2,2,1,5,Lost
17443.0,219.0,1,534.24,2,1,2,5,Lost
14245.0,219.0,2,1693.4499999999996,2,2,3,7,At Risk
18239.0,218.0,6,1712.2599999999998,2,3,3,8,Loyal
16109.0,218.0,3,939.48,2,3,3,8,Loyal
17394.0,218.0,1,203.86999999999998,2,1,1,4,Lost
16610.0,218.0,1,75.66000000000001,2,1,1,4,Lost
13731.0,218.0,2,610.5899999999999,2,2,2,6,At Risk
13711.0,218.0,9,1792.2600000000002,2,4,3,9,Loyal
16714.0,218.0,4,1497.329999999999,2,3,3,8,Loyal
13762.0,218.0,5,2472.48,2,3,4,9,Loyal
16990.0,218.0,2,344.0,2,2,2,6,At Risk
14340.0,218.0,1,134.7,2,1,1,4,Lost
17374.0,218.0,3,727.1099999999997,2,3,2,7,At Risk
17646.0,218.0,12,3898.789999999999,2,4,4,10,Champions
14423.0,217.0,3,916.6099999999999,2,3,3,8,Loyal
15235.0,217.0,16,2772.76,2,4,4,10,Champions
14697.0,217.0,2,188.60999999999996,2,2,1,5,Lost
16457.0,217.0,1,208.35999999999999,2,1,1,4,Lost
17578.0,217.0,7,1047.3300000000004,2,3,3,8,Loyal
15759.0,217.0,7,830.93,2,3,2,7,At Risk
18227.0,217.0,2,388.75,2,2,2,6,At Risk
17174.0,217.0,1,59.9,2,1,1,4,Lost
15668.0,217.0,1,76.32000000000001,2,1,1,4,Lost
13952.0,217.0,14,12823.521,2,4,4,10,Champions
16319.0,217.0,1,404.40000000000003,2,1,2,5,Lost
14393.0,217.0,1,67.95,2,1,1,4,Lost
14199.0,217.0,4,1091.7,2,3,3,8,Loyal
17849.0,217.0,8,1063.7600000000002,2,4,3,9,Loyal
13723.0,216.0,6,1194.0800000000002,2,3,3,8,Loyal
17604.0,216.0,6,942.3800000000009,2,3,3,8,Loyal
12414.0,216.0,6,952.4100000000001,2,3,3,8,Loyal
18078.0,216.0,4,725.5299999999999,2,3,2,7,At Risk
15552.0,216.0,2,252.51999999999995,2,2,1,5,Lost
13561.0,215.0,11,1803.4000000000008,2,4,3,9,Loyal
13642.0,215.0,4,472.1999999999999,2,3,2,7,At Risk
14161.0,215.0,7,2996.93,2,4,4,10,Champions
14353.0,214.0,3,376.49999999999994,2,2,2,6,At Risk
15092.0,214.0,3,776.4599999999999,2,2,2,6,At Risk
16756.0,214.0,7,1312.37,2,4,3,9,Loyal
15381.0,213.0,5,1890.5699999999997,2,3,3,8,Loyal
15433.0,213.0,2,533.3,2,2,2,6,At Risk
12888.0,213.0,2,354.12,2,2,2,6,At Risk
12355.0,213.0,2,947.6100000000001,2,2,3,7,At Risk
16306.0,213.0,7,1124.72,2,4,3,9,Loyal
12821.0,213.0,2,220.79999999999998,2,2,1,5,Lost
17597.0,213.0,5,3484.0899999999983,2,3,4,9,Loyal
14699.0,213.0,4,702.6,2,3,2,7,At Risk
18120.0,213.0,1,111.15,2,1,1,4,Lost
13990.0,212.0,1,311.3,2,1,1,4,Lost
14288.0,212.0,1,426.5999999999999,2,1,2,5,Lost
15729.0,212.0,3,192.55,2,2,1,5,Lost
15079.0,212.0,11,3625.4000000000033,2,4,4,10,Champions
16431.0,212.0,3,623.2800000000001,2,3,2,7,At Risk
14920.0,212.0,3,1607.170000000001,2,2,3,7,At Risk
15063.0,212.0,1,370.79999999999995,2,1,2,5,Lost
13052.0,211.0,7,3119.3300000000017,2,4,4,10,Champions
17889.0,211.0,7,746.4200000000005,2,4,2,8,Loyal
13235.0,211.0,1,1031.0699999999993,2,2,3,7,At Risk
14988.0,211.0,7,2038.65,2,4,3,9,Loyal
13837.0,211.0,2,266.59000000000003,2,2,1,5,Lost
16116.0,211.0,1,612.7800000000001,2,1,2,5,Lost
15732.0,211.0,10,1543.97,2,4,3,9,Loyal
16244.0,211.0,2,1522.75,2,2,3,7,At Risk
16943.0,211.0,5,1299.49,2,3,3,8,Loyal
18133.0,211.0,1,931.4999999999999,2,2,3,7,At Risk
12625.0,211.0,4,5164.879999999998,2,3,4,9,Loyal
12976.0,211.0,8,3156.379999999999,2,4,4,10,Champions
12770.0,210.0,2,3246.45,2,2,4,8,Loyal
17970.0,210.0,1,562.7900000000001,2,1,2,5,Lost
18218.0,210.0,4,1121.8399999999997,2,3,3,8,Loyal
12590.0,210.0,2,9864.260000000002,2,2,4,8,Loyal
16006.0,210.0,2,332.81999999999994,2,2,1,5,Lost
14000.0,210.0,5,2046.3399999999992,2,3,3,8,Loyal
12857.0,210.0,6,3687.9999999999995,2,3,4,9,Loyal
14873.0,209.0,2,854.13,2,2,2,6,At Risk
14689.0,208.0,1,112.80000000000003,2,1,1,4,Lost
15333.0,207.0,1,1028.5600000000002,2,2,3,7,At Risk
15813.0,207.0,2,1303.9099999999999,2,2,3,7,At Risk
17263.0,207.0,1,63.440000000000026,2,1,1,4,Lost
14320.0,206.0,5,1346.7500000000005,2,3,3,8,Loyal
13976.0,206.0,4,1192.36,2,3,3,8,Loyal
14888.0,206.0,1,369.2,2,1,2,5,Lost
14489.0,206.0,4,1574.9300000000003,2,3,3,8,Loyal
17556.0,205.0,2,300.67,2,2,1,5,Lost
13659.0,205.0,12,4884.679999999994,2,4,4,10,Champions
14620.0,205.0,2,412.7799999999999,2,2,2,6,At Risk
17504.0,205.0,18,9490.17,2,4,4,10,Champions
12690.0,205.0,1,389.0100000000001,2,1,2,5,Lost
13572.0,205.0,1,1384.2500000000005,2,1,3,6,At Risk
17871.0,204.0,5,1068.95,2,3,3,8,Loyal
12897.0,204.0,4,514.25,2,3,2,7,At Risk
13531.0,204.0,6,1433.07,2,3,3,8,Loyal
14442.0,204.0,7,5367.02,2,4,4,10,Champions
14896.0,204.0,8,1826.0000000000011,2,4,3,9,Loyal
17245.0,204.0,2,371.63,2,2,2,6,At Risk
15648.0,203.0,2,639.4999999999999,2,2,2,6,At Risk
13391.0,203.0,1,59.8,2,1,1,4,Lost
13887.0,203.0,1,349.55,2,1,2,5,Lost
12353.0,203.0,2,406.76,2,2,2,6,At Risk
17455.0,203.0,1,131.7,2,1,1,4,Lost
18048.0,202.0,3,394.9299999999999,2,2,2,6,At Risk
16226.0,202.0,5,672.1700000000001,2,3,2,7,At Risk
13243.0,202.0,5,1220.3799999999994,2,3,3,8,Loyal
14195.0,201.0,6,2615.6000000000004,2,3,4,9,Loyal
17176.0,201.0,3,902.32,2,3,3,8,Loyal
13227.0,201.0,1,257.7,2,1,1,4,Lost
17715.0,200.0,2,489.59999999999997,2,2,2,6,At Risk
15292.0,200.0,1,178.39000000000001,2,1,1,4,Lost
13339.0,200.0,1,860.1200000000001,2,2,2,6,At Risk
15705.0,200.0,1,143.10000000000002,2,1,1,4,Lost
14647.0,200.0,2,506.04,2,2,2,6,At Risk
13479.0,200.0,4,851.37,2,3,2,7,At Risk
15724.0,200.0,3,310.85,2,3,1,6,At Risk
13223.0,199.0,6,969.12,2,3,3,8,Loyal
18202.0,199.0,3,1396.9900000000002,2,2,3,7,At Risk
13737.0,199.0,1,339.59999999999997,2,1,1,4,Lost
14817.0,199.0,7,3959.8599999999988,2,4,4,10,Champions
15042.0,198.0,2,315.45000000000005,2,2,1,5,Lost
17955.0,198.0,6,949.9000000000001,2,3,3,8,Loyal
15882.0,198.0,8,1124.6599999999999,2,4,3,9,Loyal
15314.0,198.0,3,820.45,2,2,2,6,At Risk
16763.0,198.0,2,964.7000000000003,2,2,3,7,At Risk
17770.0,198.0,5,1143.2699999999998,2,3,3,8,Loyal
17375.0,198.0,4,660.5500000000004,2,3,2,7,At Risk
14705.0,198.0,1,179.0,2,1,1,4,Lost
14985.0,197.0,2,292.0099999999999,2,2,1,5,Lost
16356.0,197.0,6,415.8700000000001,2,3,2,7,At Risk
16449.0,197.0,2,707.69,2,2,2,6,At Risk
12974.0,197.0,2,408.94999999999993,2,2,2,6,At Risk
14009.0,197.0,3,1099.91,2,2,3,7,At Risk
12547.0,197.0,3,383.58,2,2,2,6,At Risk
16448.0,197.0,2,361.12000000000006,2,2,2,6,At Risk
17550.0,196.0,9,2506.640000000001,2,4,4,10,Champions
16838.0,196.0,4,1159.6100000000001,2,3,3,8,Loyal
16275.0,196.0,3,2151.1100000000015,2,2,3,7,At Risk
13135.0,196.0,2,3371.45,2,2,4,8,Loyal
15104.0,196.0,2,993.5400000000001,2,2,3,7,At Risk
14828.0,196.0,13,9839.459999999997,2,4,4,10,Champions
14816.0,196.0,1,271.84999999999997,2,1,1,4,Lost
14740.0,196.0,11,4161.06,2,4,4,10,Champions
14280.0,196.0,1,134.04,2,1,1,4,Lost
12999.0,195.0,3,455.8799999999998,2,2,2,6,At Risk
16323.0,195.0,2,353.66,2,2,2,6,At Risk
16034.0,195.0,6,911.3199999999999,2,3,3,8,Loyal
14625.0,195.0,11,4497.8799999999965,2,4,4,10,Champions
16889.0,194.0,6,2526.6500000000005,2,3,4,9,Loyal
12426.0,194.0,2,1345.2100000000005,2,2,3,7,At Risk
17152.0,194.0,4,2016.5,2,3,3,8,Loyal
17051.0,193.0,4,706.4900000000001,2,3,2,7,At Risk
15925.0,193.0,1,207.14999999999995,2,1,1,4,Lost
15897.0,193.0,2,208.59000000000003,2,2,1,5,Lost
16567.0,193.0,2,865.6,2,2,2,6,At Risk
16810.0,191.0,2,842.04,2,2,2,6,At Risk
13070.0,191.0,4,751.6999999999997,2,3,2,7,At Risk
12790.0,191.0,2,591.8500000000001,2,2,2,6,At Risk
17454.0,191.0,10,1547.94,2,4,3,9,Loyal
15643.0,191.0,3,664.0,2,3,2,7,At Risk
13398.0,191.0,2,670.34,2,2,2,6,At Risk
16483.0,191.0,1,139.34999999999997,2,1,1,4,Lost
18190.0,191.0,5,745.6200000000003,2,3,2,7,At Risk
18231.0,191.0,28,6854.170000000003,2,4,4,10,Champions
13475.0,190.0,4,1431.7800000000007,2,3,3,8,Loyal
14377.0,190.0,2,617.0500000000001,2,2,2,6,At Risk
17472.0,190.0,4,922.3500000000003,2,3,3,8,Loyal
15918.0,190.0,3,582.8800000000001,2,3,2,7,At Risk
16424.0,190.0,2,443.06,2,2,2,6,At Risk
13062.0,190.0,1,346.98,2,1,2,5,Lost
13294.0,189.0,3,1689.5300000000002,2,3,3,8,Loyal
16230.0,189.0,2,542.03,2,2,2,6,At Risk
17531.0,189.0,3,1266.8200000000006,2,2,3,7,At Risk
16529.0,189.0,4,1986.8000000000002,2,3,3,8,Loyal
15658.0,189.0,8,2117.2700000000013,2,4,3,9,Loyal
14453.0,189.0,1,119.93,2,1,1,4,Lost
12601.0,189.0,6,681.2599999999999,2,3,2,7,At Risk
17900.0,189.0,2,112.19999999999999,2,2,1,5,Lost
16117.0,189.0,3,654.3999999999999,2,3,2,7,At Risk
13885.0,188.0,2,506.80000000000007,2,2,2,6,At Risk
15405.0,188.0,2,659.84,2,2,2,6,At Risk
16967.0,188.0,1,319.02,2,1,1,4,Lost
16659.0,188.0,1,39.12,2,1,1,4,Lost
15508.0,188.0,6,1000.2700000000003,2,3,3,8,Loyal
14682.0,187.0,6,1514.81,2,3,3,8,Loyal
17708.0,187.0,4,884.1800000000006,2,3,3,8,Loyal
14512.0,187.0,7,1215.9700000000003,2,4,3,9,Loyal
12468.0,187.0,5,3670.740000000001,2,3,4,9,Loyal
15852.0,186.0,3,257.25999999999993,2,3,1,6,At Risk
16849.0,186.0,1,124.57,2,1,1,4,Lost
16883.0,186.0,19,2246.0600000000004,2,4,3,9,Loyal
12802.0,186.0,7,2416.4200000000005,2,4,4,10,Champions
16963.0,186.0,1,110.55000000000001,2,1,1,4,Lost
13682.0,186.0,1,59.5,2,1,1,4,Lost
14542.0,185.0,1,103.25,2,1,1,4,Lost
12868.0,185.0,8,2043.7600000000004,2,4,3,9,Loyal
18072.0,185.0,1,247.44,2,1,1,4,Lost
15386.0,185.0,1,394.13999999999993,2,1,2,5,Lost
14867.0,185.0,16,2952.0600000000018,2,4,4,10,Champions
12891.0,185.0,11,840.5,2,4,2,8,Loyal
16611.0,185.0,6,1785.1299999999999,2,3,3,8,Loyal
16520.0,185.0,6,2148.380000000001,2,3,3,8,Loyal
17854.0,184.0,6,1068.5000000000007,2,3,3,8,Loyal
13395.0,184.0,3,1180.23,2,2,3,7,At Risk
14622.0,184.0,1,320.58,2,1,1,4,Lost
17026.0,184.0,3,175.82999999999998,2,2,1,5,Lost
17409.0,184.0,10,7793.51,2,4,4,10,Champions
17874.0,184.0,6,683.46,2,3,2,7,At Risk
17707.0,184.0,8,609.3,2,4,2,8,Loyal
14375.0,184.0,3,1106.8200000000008,2,2,3,7,At Risk
12383.0,184.0,5,1850.5599999999995,2,3,3,8,Loyal
17987.0,184.0,5,965.4400000000004,2,3,3,8,Loyal
16955.0,184.0,6,1120.3099999999997,2,3,3,8,Loyal
17124.0,184.0,1,294.23999999999995,2,1,1,4,Lost
14231.0,183.0,4,1235.62,2,3,3,8,Loyal
14241.0,183.0,2,333.7,2,2,1,5,Lost
15609.0,183.0,1,298.47999999999996,2,1,1,4,Lost
14501.0,183.0,2,251.21,2,2,1,5,Lost
16832.0,183.0,5,417.6099999999999,2,3,2,7,At Risk
13811.0,183.0,3,814.5,2,2,2,6,At Risk
15780.0,183.0,3,475.2799999999999,2,2,2,6,At Risk
13466.0,183.0,5,1013.3499999999997,2,3,3,8,Loyal
13900.0,182.0,6,1610.5900000000001,2,3,3,8,Loyal
16614.0,182.0,3,1179.7900000000002,2,2,3,7,At Risk
16581.0,182.0,1,105.84,2,1,1,4,Lost
16113.0,182.0,1,161.38000000000002,2,1,1,4,Lost
17234.0,182.0,1,149.88999999999996,2,1,1,4,Lost
13533.0,182.0,3,269.0900000000001,2,3,1,6,At Risk
13686.0,182.0,3,409.04,2,2,2,6,At Risk
15098.0,181.0,3,39916.5,2,2,4,8,Loyal
18281.0,180.0,2,201.13999999999996,2,2,1,5,Lost
14450.0,180.0,7,1128.44,2,4,3,9,Loyal
14573.0,179.0,13,2163.1200000000035,2,4,3,9,Loyal
13936.0,179.0,3,939.6599999999999,2,3,3,8,Loyal
12732.0,179.0,1,236.26,2,1,1,4,Lost
17795.0,179.0,2,342.83,2,2,2,6,At Risk
14823.0,179.0,3,321.42999999999995,2,3,1,6,At Risk
13663.0,178.0,5,2047.5100000000002,2,3,3,8,Loyal
13476.0,178.0,5,2061.4700000000007,2,3,3,8,Loyal
15069.0,178.0,1,1109.5299999999997,2,1,3,6,At Risk
13080.0,178.0,4,280.73,2,3,1,6,At Risk
17349.0,178.0,5,772.4100000000003,2,3,2,7,At Risk
16644.0,177.0,2,833.7800000000001,2,2,2,6,At Risk
17749.0,177.0,3,1026.18,2,2,3,7,At Risk
12809.0,177.0,3,1755.9399999999998,2,3,3,8,Loyal
15912.0,177.0,9,1074.7,2,4,3,9,Loyal
13343.0,177.0,1,353.43000000000006,2,1,2,5,Lost
15574.0,177.0,6,1101.4400000000005,2,3,3,8,Loyal
16461.0,177.0,3,1545.8300000000013,2,2,3,7,At Risk
17179.0,177.0,6,1507.26,2,3,3,8,Loyal
16739.0,176.0,2,786.4299999999998,2,2,2,6,At Risk
16276.0,176.0,3,2629.3900000000003,2,3,4,9,Loyal
14222.0,176.0,1,683.17,2,1,2,5,Lost
17536.0,176.0,3,364.83,2,3,2,7,At Risk
18165.0,176.0,1,302.46000000000004,2,1,1,4,Lost
17446.0,176.0,2,120.90000000000002,2,2,1,5,Lost
15585.0,176.0,1,455.3,2,1,2,5,Lost
16257.0,176.0,1,46.95,2,1,1,4,Lost
13951.0,175.0,3,674.4499999999999,2,3,2,7,At Risk
13826.0,175.0,1,189.5,2,1,1,4,Lost
15219.0,175.0,2,685.45,2,2,2,6,At Risk
12908.0,175.0,5,1776.0,2,3,3,8,Loyal
18168.0,175.0,16,3435.500000000001,2,4,4,10,Champions
14037.0,175.0,6,836.9500000000004,2,3,2,7,At Risk
17204.0,174.0,9,5504.690000000001,2,4,4,10,Champions
14491.0,174.0,2,340.93,2,2,1,5,Lost
17879.0,173.0,1,178.51999999999998,2,1,1,4,Lost
16050.0,173.0,3,300.7,2,3,1,6,At Risk
17616.0,173.0,4,734.3999999999999,2,3,2,7,At Risk
16805.0,173.0,5,1091.3400000000006,2,3,3,8,Loyal
13005.0,173.0,4,999.6799999999998,2,3,3,8,Loyal
16484.0,173.0,2,404.3,2,2,2,6,At Risk
13618.0,173.0,1,177.34,2,1,1,4,Lost
14162.0,173.0,2,289.36,2,2,1,5,Lost
15909.0,173.0,1,191.93999999999997,2,1,1,4,Lost
15016.0,172.0,5,620.8899999999999,2,3,2,7,At Risk
15076.0,172.0,3,1447.7399999999996,2,3,3,8,Loyal
15921.0,172.0,4,775.2600000000001,2,3,2,7,At Risk
18062.0,172.0,6,1632.67,2,3,3,8,Loyal
18260.0,172.0,23,9947.259999999997,2,4,4,10,Champions
13568.0,172.0,1,187.05,2,1,1,4,Lost
15535.0,172.0,6,1044.3700000000015,2,3,3,8,Loyal
12837.0,172.0,2,662.6600000000001,2,2,2,6,At Risk
17897.0,172.0,9,2099.8900000000017,2,4,3,9,Loyal
16320.0,171.0,6,5628.989999999997,2,3,4,9,Loyal
16526.0,171.0,2,717.21,2,2,2,6,At Risk
15280.0,171.0,3,397.5199999999999,2,2,2,6,At Risk
15389.0,171.0,5,2733.8,2,3,4,9,Loyal
15825.0,171.0,1,532.94,2,1,2,5,Lost
15507.0,171.0,1,475.85999999999996,2,1,2,5,Lost
15700.0,171.0,2,696.6799999999996,2,2,2,6,At Risk
16114.0,170.0,1,135.75000000000003,2,1,1,4,Lost
16214.0,170.0,4,2038.2500000000005,2,3,3,8,Loyal
15412.0,170.0,1,190.53000000000003,2,1,1,4,Lost
17960.0,170.0,3,135.08,2,2,1,5,Lost
16287.0,169.0,5,1006.9800000000007,2,3,3,8,Loyal
15130.0,169.0,1,330.1099999999999,2,1,1,4,Lost
14998.0,169.0,4,753.1800000000002,2,3,2,7,At Risk
15041.0,169.0,2,289.3999999999998,2,2,1,5,Lost
17630.0,169.0,2,503.5999999999999,2,2,2,6,At Risk
17709.0,169.0,5,671.0100000000001,2,3,2,7,At Risk
16247.0,169.0,1,114.56,2,1,1,4,Lost
17877.0,169.0,1,237.61,2,1,1,4,Lost
16647.0,169.0,4,541.9,2,3,2,7,At Risk
15384.0,169.0,4,2027.7900000000002,2,3,3,8,Loyal
14643.0,169.0,5,1679.8899999999996,2,3,3,8,Loyal
14584.0,168.0,8,1738.160000000001,2,4,3,9,Loyal
13300.0,168.0,3,1285.5100000000002,2,2,3,7,At Risk
13937.0,168.0,2,880.1300000000001,2,2,3,7,At Risk
14656.0,168.0,5,790.0000000000006,2,3,2,7,At Risk
13929.0,168.0,11,3494.0999999999995,2,4,4,10,Champions
17704.0,168.0,2,885.1899999999999,2,2,3,7,At Risk
13856.0,168.0,11,1142.0300000000002,2,4,3,9,Loyal
15258.0,168.0,2,623.1600000000001,2,2,2,6,At Risk
15379.0,168.0,8,4877.840000000002,2,4,4,10,Champions
15665.0,167.0,5,3987.0700000000024,2,3,4,9,Loyal
14795.0,165.0,1,131.45,2,1,1,4,Lost
13453.0,165.0,3,781.6899999999996,2,2,2,6,At Risk
17980.0,165.0,4,1012.7199999999999,2,3,3,8,Loyal
15644.0,165.0,4,803.5399999999996,2,3,2,7,At Risk
12548.0,165.0,1,95.19999999999999,2,2,1,5,Lost
12493.0,165.0,2,433.74000000000007,2,2,2,6,At Risk
17969.0,165.0,20,2354.290000000001,2,4,4,10,Champions
17110.0,164.0,3,499.89999999999986,2,2,2,6,At Risk
14351.0,164.0,1,51.0,2,1,1,4,Lost
14481.0,164.0,5,2284.6899999999996,2,3,4,9,Loyal
15146.0,164.0,2,1327.1600000000005,2,2,3,7,At Risk
18193.0,164.0,3,1207.3500000000008,2,2,3,7,At Risk
16545.0,164.0,2,689.82,2,2,2,6,At Risk
13656.0,164.0,4,1078.8499999999995,2,3,3,8,Loyal
15976.0,164.0,6,1694.4100000000017,2,3,3,8,Loyal
16473.0,164.0,4,470.83,2,3,2,7,At Risk
17391.0,163.0,2,508.8,2,2,2,6,At Risk
14327.0,162.0,6,1894.9299999999992,2,3,3,8,Loyal
16553.0,162.0,33,16584.009999999995,2,4,4,10,Champions
12424.0,162.0,4,3340.0299999999993,2,3,4,9,Loyal
17408.0,162.0,3,316.09000000000003,2,3,1,6,At Risk
16801.0,162.0,4,1594.2299999999998,2,3,3,8,Loyal
14267.0,162.0,3,1516.2399999999998,2,3,3,8,Loyal
15537.0,162.0,1,110.92000000000003,2,1,1,4,Lost
14803.0,161.0,3,845.5500000000003,2,2,2,6,At Risk
13745.0,161.0,2,777.3600000000005,2,2,2,6,At Risk
17891.0,161.0,1,203.85999999999996,2,1,1,4,Lost
14016.0,161.0,11,11403.41,2,4,4,10,Champions
17123.0,161.0,3,977.1700000000002,2,2,3,7,At Risk
15578.0,161.0,1,127.10000000000001,2,1,1,4,Lost
17505.0,161.0,5,2435.48,2,3,4,9,Loyal
14338.0,160.0,3,928.0999999999998,2,3,3,8,Loyal
12922.0,160.0,1,405.3800000000001,2,1,2,5,Lost
16498.0,160.0,2,100.97,2,2,1,5,Lost
15483.0,160.0,10,817.8199999999999,2,4,2,8,Loyal
17939.0,159.0,1,99.14000000000001,2,2,1,5,Lost
17765.0,158.0,4,523.9999999999998,2,3,2,7,At Risk
17781.0,158.0,2,188.01999999999992,2,2,1,5,Lost
17899.0,158.0,1,154.55,2,1,1,4,Lost
13833.0,158.0,2,700.4099999999999,2,2,2,6,At Risk
17105.0,158.0,2,665.7799999999994,2,2,2,6,At Risk
15007.0,158.0,1,156.91000000000003,2,1,1,4,Lost
14905.0,157.0,8,1971.3899999999996,2,4,3,9,Loyal
17464.0,157.0,3,907.14,2,3,3,8,Loyal
15349.0,157.0,2,463.9099999999998,2,2,2,6,At Risk
15646.0,157.0,5,784.8100000000005,2,3,2,7,At Risk
13338.0,157.0,4,2445.6199999999994,2,3,4,9,Loyal
13085.0,157.0,8,2433.2800000000007,2,4,4,10,Champions
16344.0,157.0,4,842.42,2,3,2,7,At Risk
12980.0,157.0,21,16245.779999999995,2,4,4,10,Champions
15334.0,156.0,3,350.82,2,3,2,7,At Risk
16829.0,156.0,2,513.32,2,2,2,6,At Risk
17046.0,156.0,5,1906.0700000000004,2,3,3,8,Loyal
13253.0,156.0,4,2951.1099999999983,2,3,4,9,Loyal
18203.0,156.0,4,492.5199999999998,2,3,2,7,At Risk
17440.0,156.0,4,323.58,2,3,1,6,At Risk
17341.0,156.0,5,1272.2100000000005,2,3,3,8,Loyal
15889.0,156.0,8,1427.6000000000004,2,4,3,9,Loyal
16338.0,156.0,1,214.8,2,1,1,4,Lost
14645.0,156.0,3,876.8899999999999,2,3,3,8,Loyal
14352.0,156.0,4,1078.96,2,3,3,8,Loyal
18142.0,156.0,2,1019.5200000000001,2,2,3,7,At Risk
16146.0,156.0,4,946.38,2,3,3,8,Loyal
13291.0,155.0,11,3270.7899999999972,2,4,4,10,Champions
12977.0,155.0,4,513.8799999999998,2,3,2,7,At Risk
15512.0,155.0,4,331.58000000000004,2,3,1,6,At Risk
13583.0,155.0,2,1445.0310000000002,2,2,3,7,At Risk
16919.0,155.0,24,4909.660000000002,2,4,4,10,Champions
12450.0,155.0,5,688.1999999999999,2,3,2,7,At Risk
16091.0,154.0,2,315.06000000000006,2,2,1,5,Lost
13302.0,154.0,2,159.2,2,2,1,5,Lost
12648.0,154.0,4,1111.9999999999998,2,3,3,8,Loyal
13699.0,154.0,2,764.1499999999999,2,2,2,6,At Risk
14459.0,154.0,2,5375.740999999999,2,2,4,8,Loyal
14021.0,154.0,7,1716.5800000000004,2,3,3,8,Loyal
14104.0,154.0,5,743.5299999999999,2,3,2,7,At Risk
18013.0,154.0,2,187.29000000000002,2,2,1,5,Lost
14264.0,154.0,6,1517.36,2,3,3,8,Loyal
16398.0,153.0,2,1705.8000000000006,2,2,3,7,At Risk
15182.0,153.0,11,2998.9520000000007,2,4,4,10,Champions
18037.0,153.0,15,167.41999999999996,2,4,1,7,At Risk
13955.0,153.0,3,544.0699999999998,2,3,2,7,At Risk
15920.0,153.0,9,569.1400000000004,2,4,2,8,Loyal
18024.0,152.0,2,389.78,2,2,2,6,At Risk
17787.0,152.0,4,1817.5399999999995,2,3,3,8,Loyal
13754.0,151.0,3,447.04999999999995,2,2,2,6,At Risk
13678.0,151.0,1,232.60000000000005,2,1,1,4,Lost
17126.0,151.0,9,2016.4300000000035,2,4,3,9,Loyal
14552.0,151.0,3,507.92999999999955,2,2,2,6,At Risk
15045.0,151.0,2,735.6600000000001,2,2,2,6,At Risk
12669.0,150.0,3,2744.0299999999997,2,3,4,9,Loyal
13675.0,150.0,2,486.82,2,2,2,6,At Risk
14548.0,150.0,9,2541.2900000000004,2,4,4,10,Champions
12717.0,150.0,3,1308.9100000000005,2,2,3,7,At Risk
15577.0,150.0,5,396.02999999999986,2,3,2,7,At Risk
17337.0,150.0,4,1981.0600000000027,2,3,3,8,Loyal
15265.0,150.0,4,3345.6400000000012,2,3,4,9,Loyal
13420.0,149.0,2,159.85,2,2,1,5,Lost
16998.0,149.0,5,402.0,2,3,2,7,At Risk
15795.0,149.0,8,1979.8700000000001,2,4,3,9,Loyal
16450.0,149.0,3,1505.73,2,3,3,8,Loyal
15895.0,149.0,1,179.17000000000002,2,1,1,4,Lost
12653.0,148.0,3,4160.830000000002,2,2,4,8,Loyal
13667.0,148.0,1,299.04999999999984,2,1,1,4,Lost
12405.0,148.0,1,1710.3900000000006,2,2,3,7,At Risk
18121.0,148.0,2,653.3,2,2,2,6,At Risk
15256.0,148.0,2,170.39999999999998,2,2,1,5,Lost
14847.0,148.0,3,1348.9499999999996,2,2,3,7,At Risk
14400.0,148.0,3,1732.47,2,3,3,8,Loyal
12915.0,148.0,4,975.1,2,3,3,8,Loyal
15402.0,148.0,6,1830.5400000000013,2,3,3,8,Loyal
14461.0,147.0,13,6676.909999999998,2,4,4,10,Champions
17444.0,147.0,3,2940.040000000001,2,3,4,9,Loyal
12815.0,147.0,2,1063.46,2,2,3,7,At Risk
17259.0,147.0,6,1452.3900000000006,2,3,3,8,Loyal
14891.0,147.0,4,1106.7299999999996,2,3,3,8,Loyal
17948.0,146.0,1,358.56000000000006,2,1,2,5,Lost
15004.0,146.0,1,1220.770000000001,2,1,3,6,At Risk
14958.0,146.0,6,941.9899999999997,2,3,3,8,Loyal
14722.0,146.0,3,489.52,2,2,2,6,At Risk
15716.0,145.0,11,2485.2599999999993,2,4,4,10,Champions
13967.0,145.0,2,166.3,2,2,1,5,Lost
13821.0,144.0,6,1379.0800000000006,2,3,3,8,Loyal
17984.0,144.0,5,1152.1899999999998,2,3,3,8,Loyal
16054.0,144.0,4,2111.8800000000015,2,3,3,8,Loyal
16859.0,144.0,7,1932.4100000000003,2,4,3,9,Loyal
14758.0,144.0,7,2864.970000000001,2,4,4,10,Champions
12833.0,144.0,1,417.38000000000005,2,1,2,5,Lost
12947.0,143.0,6,1603.9900000000002,2,3,3,8,Loyal
13564.0,143.0,37,16498.970000000027,2,4,4,10,Champions
12840.0,143.0,7,4041.97,2,4,4,10,Champions
14117.0,143.0,1,90.0,2,2,1,5,Lost
15713.0,142.0,4,839.6400000000001,2,3,2,7,At Risk
12510.0,142.0,9,5178.019999999999,2,4,4,10,Champions
12521.0,142.0,1,599.6799999999998,2,1,2,5,Lost
12875.0,142.0,5,1356.99,2,3,3,8,Loyal
17866.0,142.0,3,1134.95,2,2,3,7,At Risk
16807.0,142.0,6,2123.88,2,3,3,8,Loyal
16112.0,142.0,4,195.74,2,3,1,6,At Risk
15802.0,142.0,1,451.42,2,1,2,5,Lost
14259.0,141.0,1,120.0,2,1,1,4,Lost
15108.0,141.0,4,1300.25,2,3,3,8,Loyal
17962.0,141.0,4,666.9600000000005,2,3,2,7,At Risk
17694.0,141.0,3,1695.9699999999998,2,3,3,8,Loyal
18146.0,140.0,2,160.35000000000002,2,2,1,5,Lost
16866.0,140.0,3,207.73999999999998,2,3,1,6,At Risk
15623.0,140.0,8,2437.0500000000015,2,4,4,10,Champions
17660.0,140.0,2,342.21999999999986,2,2,1,5,Lost
16654.0,140.0,8,1484.07,2,4,3,9,Loyal
18262.0,139.0,3,577.54,2,3,2,7,At Risk
15704.0,139.0,6,3734.660000000001,2,3,4,9,Loyal
16305.0,138.0,1,361.22,2,1,2,5,Lost
17312.0,138.0,3,644.3,2,3,2,7,At Risk
16948.0,138.0,7,868.7700000000001,2,3,3,8,Loyal
12916.0,138.0,7,4479.73,2,4,4,10,Champions
13802.0,138.0,19,26259.11000000002,2,4,4,10,Champions
17265.0,138.0,2,550.0100000000001,2,2,2,6,At Risk
12763.0,137.0,2,494.08,2,2,2,6,At Risk
13116.0,137.0,1,501.1400000000001,2,1,2,5,Lost
14100.0,137.0,1,191.95,2,1,1,4,Lost
13037.0,137.0,12,3914.95,2,4,4,10,Champions
16178.0,137.0,2,612.6,2,2,2,6,At Risk
17040.0,137.0,2,463.24999999999994,2,2,2,6,At Risk
12864.0,137.0,2,299.56999999999994,2,2,1,5,Lost
17649.0,137.0,3,1578.8899999999996,2,2,3,7,At Risk
17935.0,137.0,7,686.14,2,4,2,8,Loyal
15855.0,136.0,6,1052.7200000000007,2,3,3,8,Loyal
14692.0,136.0,12,1715.1399999999996,2,4,3,9,Loyal
13296.0,136.0,6,792.5099999999999,2,3,2,7,At Risk
17693.0,136.0,1,200.46999999999997,2,1,1,4,Lost
15372.0,136.0,8,6017.0599999999995,2,4,4,10,Champions
13492.0,135.0,3,1269.8400000000001,2,2,3,7,At Risk
13730.0,135.0,2,752.5999999999998,2,2,2,6,At Risk
13194.0,135.0,2,472.7799999999999,2,2,2,6,At Risk
16447.0,135.0,3,727.1000000000004,2,3,2,7,At Risk
18151.0,134.0,6,1879.4399999999998,2,3,3,8,Loyal
16696.0,134.0,4,657.9000000000001,2,3,2,7,At Risk
16951.0,134.0,3,1277.750000000001,2,2,3,7,At Risk
12853.0,134.0,11,3907.5000000000014,2,4,4,10,Champions
15261.0,134.0,4,1508.0000000000005,2,3,3,8,Loyal
14002.0,133.0,2,529.73,2,2,2,6,At Risk
15149.0,133.0,5,1554.6100000000004,2,3,3,8,Loyal
15120.0,133.0,1,358.81999999999994,2,1,2,5,Lost
12743.0,133.0,2,540.1299999999999,2,2,2,6,At Risk
17931.0,133.0,14,3402.239999999999,2,4,4,10,Champions
15746.0,133.0,1,196.87999999999997,2,1,1,4,Lost
15118.0,133.0,1,244.8,2,1,1,4,Lost
14143.0,133.0,1,115.8,2,1,1,4,Lost
12507.0,133.0,4,1844.0600000000004,2,3,3,8,Loyal
13414.0,133.0,6,2494.14,2,3,4,9,Loyal
15942.0,133.0,1,337.43999999999994,2,1,1,4,Lost
15639.0,133.0,3,1065.08,2,2,3,7,At Risk
12453.0,133.0,1,707.09,2,1,2,5,Lost
16147.0,133.0,5,2398.9099999999994,2,3,4,9,Loyal
18268.0,133.0,6,1490.2300000000002,2,3,3,8,Loyal
15245.0,133.0,8,4610.84,2,4,4,10,Champions
18064.0,132.0,11,4481.83,2,4,4,10,Champions
17926.0,132.0,5,1035.4900000000002,2,3,3,8,Loyal
13106.0,132.0,2,603.46,2,2,2,6,At Risk
15776.0,132.0,1,241.62,2,1,1,4,Lost
17695.0,131.0,5,1746.0400000000004,2,3,3,8,Loyal
14885.0,131.0,3,1598.1200000000001,2,2,3,7,At Risk
13722.0,131.0,10,5635.409999999997,2,4,4,10,Champions
17941.0,130.0,4,1433.2800000000002,2,3,3,8,Loyal
13388.0,130.0,3,1185.65,2,2,3,7,At Risk
17053.0,130.0,1,498.47999999999996,2,1,2,5,Lost
12942.0,130.0,3,675.6,2,3,2,7,At Risk
12534.0,130.0,1,1089.1799999999998,2,1,3,6,At Risk
15438.0,130.0,1,156.58,2,1,1,4,Lost
15342.0,129.0,1,406.09,2,1,2,5,Lost
17282.0,129.0,5,2308.5399999999995,2,3,4,9,Loyal
14403.0,129.0,6,1880.5099999999995,2,3,3,8,Loyal
14133.0,129.0,4,911.1399999999999,2,3,3,8,Loyal
13075.0,129.0,1,919.61,2,2,3,7,At Risk
17553.0,129.0,4,3757.6,2,3,4,9,Loyal
17615.0,129.0,6,721.8,2,3,2,7,At Risk
12644.0,129.0,4,1918.4900000000011,2,3,3,8,Loyal
12378.0,129.0,2,5416.319999999997,2,2,4,8,Loyal
18178.0,128.0,11,6103.739999999998,2,4,4,10,Champions
15374.0,128.0,2,307.32,2,2,1,5,Lost
14076.0,128.0,1,118.67000000000002,2,1,1,4,Lost
17887.0,128.0,1,111.35,2,1,1,4,Lost
13850.0,128.0,1,1595.4799999999998,2,2,3,7,At Risk
17353.0,128.0,4,3242.0,2,3,4,9,Loyal
12750.0,128.0,1,275.88000000000005,2,1,1,4,Lost
16835.0,127.0,6,1456.66,2,3,3,8,Loyal
13791.0,127.0,2,1516.0,2,2,3,7,At Risk
12643.0,127.0,12,8304.82,2,4,4,10,Champions
14972.0,127.0,2,145.07000000000002,2,2,1,5,Lost
15133.0,127.0,5,1806.9,2,3,3,8,Loyal
17514.0,127.0,2,521.9999999999998,2,2,2,6,At Risk
17429.0,127.0,5,1357.4599999999998,2,3,3,8,Loyal
16324.0,127.0,3,408.5899999999998,2,2,2,6,At Risk
12917.0,127.0,6,4359.200000000001,2,3,4,9,Loyal
16302.0,126.0,1,233.22,2,1,1,4,Lost
16572.0,126.0,3,1009.5999999999999,2,3,3,8,Loyal
14344.0,126.0,20,2993.0499999999975,2,4,4,10,Champions
15254.0,126.0,3,1088.35,2,2,3,7,At Risk
13513.0,126.0,3,824.5899999999998,2,2,2,6,At Risk
17692.0,126.0,12,2975.8000000000015,2,4,4,10,Champions
17723.0,126.0,7,3378.4,2,4,4,10,Champions
14778.0,126.0,2,730.8599999999999,2,2,2,6,At Risk
17457.0,126.0,14,5984.81,2,4,4,10,Champions
13218.0,126.0,1,62.64,2,1,1,4,Lost
12693.0,126.0,7,1703.0200000000002,2,3,3,8,Loyal
18099.0,126.0,1,168.31000000000003,2,1,1,4,Lost
13402.0,126.0,4,1226.85,2,3,3,8,Loyal
17267.0,126.0,2,317.2,2,2,1,5,Lost
13082.0,125.0,21,7335.749999999998,2,4,4,10,Champions
17400.0,125.0,8,4623.280000000001,2,4,4,10,Champions
16174.0,125.0,7,2246.7499999999995,2,4,3,9,Loyal
14079.0,124.0,2,618.73,2,2,2,6,At Risk
13248.0,124.0,2,465.68,2,2,2,6,At Risk
14331.0,123.0,2,462.65999999999997,2,2,2,6,At Risk
14053.0,123.0,4,572.3,2,3,2,7,At Risk
17331.0,123.0,1,175.2,2,1,1,4,Lost
13752.0,123.0,7,1579.8300000000002,2,3,3,8,Loyal
14127.0,122.0,6,1900.0800000000008,2,3,3,8,Loyal
16788.0,122.0,5,1928.930000000003,2,3,3,8,Loyal
17085.0,122.0,28,7847.67,2,4,4,10,Champions
13869.0,122.0,10,7996.8699999999935,2,4,4,10,Champions
15985.0,122.0,7,2715.2799999999993,2,4,4,10,Champions
18248.0,122.0,2,804.02,2,2,2,6,At Risk
13280.0,121.0,7,2293.3300000000013,2,4,4,10,Champions
13217.0,121.0,4,666.48,2,3,2,7,At Risk
14024.0,121.0,3,645.74,2,3,2,7,At Risk
17994.0,121.0,11,2270.030000000002,2,4,4,10,Champions
16292.0,121.0,5,1253.76,2,3,3,8,Loyal
13355.0,121.0,1,674.6999999999999,2,1,2,5,Lost
13162.0,121.0,16,9275.489999999994,2,4,4,10,Champions
15247.0,121.0,3,976.06,2,2,3,7,At Risk
14346.0,120.0,5,2315.7499999999995,2,3,4,9,Loyal
15581.0,120.0,38,7480.39999999999,2,4,4,10,Champions
16045.0,119.0,8,3434.929999999999,2,4,4,10,Champions
17642.0,119.0,5,1824.4899999999998,2,3,3,8,Loyal
15192.0,119.0,5,1666.3900000000003,2,3,3,8,Loyal
13873.0,119.0,8,1038.9199999999998,2,4,3,9,Loyal
17248.0,119.0,2,500.53999999999996,2,2,2,6,At Risk
13645.0,119.0,1,252.1,2,1,1,4,Lost
15689.0,119.0,3,521.0300000000001,2,2,2,6,At Risk
16317.0,119.0,5,2192.5100000000007,2,3,3,8,Loyal
13888.0,119.0,7,2001.5900000000017,2,4,3,9,Loyal
13307.0,119.0,3,273.34,2,3,1,6,At Risk
14855.0,118.0,7,6520.300000000001,2,4,4,10,Champions
14406.0,118.0,1,156.75,2,1,1,4,Lost
12399.0,118.0,7,1962.3000000000015,2,4,3,9,Loyal
17122.0,118.0,4,570.5,2,3,2,7,At Risk
17048.0,117.0,7,2071.68,2,4,3,9,Loyal
15683.0,116.0,2,524.5399999999998,2,2,2,6,At Risk
13799.0,116.0,9,2803.57,2,4,4,10,Champions
14301.0,116.0,4,1992.1800000000003,2,3,3,8,Loyal
17252.0,116.0,2,348.9099999999998,2,2,2,6,At Risk
17958.0,116.0,2,973.88,2,2,3,7,At Risk
16272.0,116.0,1,411.7000000000001,2,1,2,5,Lost
13720.0,116.0,4,799.9,2,3,2,7,At Risk
15624.0,116.0,4,588.1300000000002,2,3,2,7,At Risk
18143.0,116.0,2,1000.1599999999999,2,2,3,7,At Risk
13621.0,116.0,1,213.85,2,1,1,4,Lost
12758.0,116.0,7,9903.239999999994,2,4,4,10,Champions
14006.0,115.0,7,2196.67,2,4,3,9,Loyal
15002.0,115.0,9,4138.079999999998,2,4,4,10,Champions
15480.0,115.0,5,6279.0,2,3,4,9,Loyal
16961.0,115.0,3,794.5599999999998,2,2,2,6,At Risk
16902.0,115.0,1,1706.88,2,2,3,7,At Risk
14918.0,115.0,9,5955.810000000001,2,4,4,10,Champions
15768.0,115.0,34,15308.889999999994,2,4,4,10,Champions
16927.0,115.0,3,543.05,2,3,2,7,At Risk
15734.0,114.0,4,2263.3,2,3,4,9,Loyal
17398.0,114.0,3,653.3799999999999,2,3,2,7,At Risk
12641.0,114.0,1,185.89999999999998,2,1,1,4,Lost
14323.0,114.0,2,605.0600000000002,2,2,2,6,At Risk
16092.0,114.0,6,1587.9400000000007,2,3,3,8,Loyal
17070.0,113.0,2,437.41999999999985,2,2,2,6,At Risk
12688.0,113.0,1,4873.810000000003,2,1,4,7,At Risk
18073.0,113.0,12,3859.8200000000024,2,4,4,10,Champions
13655.0,113.0,6,2280.509999999999,2,3,4,9,Loyal
13027.0,113.0,19,17239.199999999997,2,4,4,10,Champions
15122.0,113.0,11,4487.270000000002,2,4,4,10,Champions
15541.0,113.0,1,85.13000000000002,2,2,1,5,Lost
12729.0,113.0,1,453.01,2,1,2,5,Lost
16755.0,113.0,7,2864.680000000004,2,4,4,10,Champions
16419.0,112.0,8,1463.7000000000003,2,4,3,9,Loyal
17045.0,112.0,5,827.6800000000001,2,3,2,7,At Risk
15232.0,112.0,2,612.0600000000002,2,2,2,6,At Risk
14745.0,112.0,12,2551.410000000001,2,4,4,10,Champions
13273.0,112.0,1,138.98,2,1,1,4,Lost
17742.0,112.0,11,2098.48,2,4,3,9,Loyal
15472.0,112.0,1,371.56,2,1,2,5,Lost
16582.0,112.0,1,313.62,2,1,1,4,Lost
17747.0,112.0,1,71.4,2,1,1,4,Lost
12513.0,112.0,1,612.29,2,1,2,5,Lost
12418.0,112.0,4,2021.2000000000003,2,3,3,8,Loyal
15396.0,112.0,2,796.3799999999999,2,2,2,6,At Risk
15797.0,112.0,6,2821.08,2,3,4,9,Loyal
13242.0,111.0,7,699.3999999999996,2,4,2,8,Loyal
15938.0,111.0,9,734.81,2,4,2,8,Loyal
14772.0,111.0,1,139.26,2,1,1,4,Lost
12968.0,111.0,1,135.95,2,1,1,4,Lost
14246.0,110.0,3,1474.0600000000006,2,3,3,8,Loyal
17029.0,110.0,7,2137.3,2,4,3,9,Loyal
14566.0,110.0,4,4092.0,2,3,4,9,Loyal
12363.0,109.0,2,551.9999999999999,2,2,2,6,At Risk
16536.0,109.0,1,548.12,2,1,2,5,Lost
14460.0,109.0,9,1093.5000000000002,2,4,3,9,Loyal
15313.0,109.0,1,52.0,2,1,1,4,Lost
14224.0,109.0,9,1841.7100000000023,2,4,3,9,Loyal
14013.0,109.0,5,1084.5700000000002,2,3,3,8,Loyal
14265.0,108.0,4,1373.35,2,3,3,8,Loyal
14930.0,108.0,6,5236.73,2,3,4,9,Loyal
13933.0,108.0,2,608.7900000000002,2,2,2,6,At Risk
17585.0,108.0,7,2064.709999999999,2,4,3,9,Loyal
14045.0,108.0,16,10986.63,2,4,4,10,Champions
17083.0,108.0,9,4049.7900000000004,2,4,4,10,Champions
12593.0,108.0,3,418.09999999999997,2,2,2,6,At Risk
16550.0,108.0,18,8813.580000000002,2,4,4,10,Champions
14364.0,108.0,8,3717.349999999999,2,4,4,10,Champions
16952.0,108.0,5,795.83,2,3,2,7,At Risk
14875.0,107.0,3,2862.400000000002,2,3,4,9,Loyal
13593.0,107.0,14,5493.289999999995,2,4,4,10,Champions
17242.0,107.0,5,2889.280000000002,2,3,4,9,Loyal
17268.0,107.0,11,1733.89,2,4,3,9,Loyal
18018.0,107.0,4,297.98999999999995,2,3,1,6,At Risk
13425.0,107.0,5,3390.4300000000003,2,3,4,9,Loyal
13140.0,107.0,5,1054.9200000000005,2,3,3,8,Loyal
14523.0,107.0,1,241.09000000000003,2,1,1,4,Lost
15812.0,106.0,12,5201.469999999998,2,4,4,10,Champions
16503.0,106.0,11,3614.339999999998,2,4,4,10,Champions
17134.0,106.0,3,625.3,2,3,2,7,At Risk
17869.0,106.0,7,813.6400000000001,2,4,2,8,Loyal
16340.0,106.0,3,1496.2400000000018,2,3,3,8,Loyal
14314.0,106.0,2,229.80000000000007,2,2,1,5,Lost
13411.0,106.0,1,213.54999999999998,2,1,1,4,Lost
14407.0,106.0,6,2157.73,2,3,3,8,Loyal
13000.0,106.0,4,1032.5000000000002,2,3,3,8,Loyal
12649.0,106.0,8,2294.65,2,4,4,10,Champions
14687.0,106.0,3,1402.06,2,2,3,7,At Risk
14196.0,106.0,1,335.52,2,1,1,4,Lost
15263.0,106.0,1,156.51,2,1,1,4,Lost
16093.0,106.0,1,17.0,2,1,1,4,Lost
17844.0,106.0,1,51.56,2,1,1,4,Lost
15800.0,106.0,7,1227.0699999999995,2,4,3,9,Loyal
14973.0,106.0,3,1314.45,2,2,3,7,At Risk
17256.0,106.0,5,498.9299999999999,2,3,2,7,At Risk
15663.0,105.0,1,138.14000000000001,2,1,1,4,Lost
17146.0,105.0,13,5852.639999999998,2,4,4,10,Champions
17189.0,105.0,5,953.6299999999994,2,3,3,8,Loyal
16309.0,105.0,2,706.57,2,2,2,6,At Risk
16641.0,105.0,2,554.5,2,2,2,6,At Risk
14055.0,105.0,3,1520.9599999999998,2,3,3,8,Loyal
18200.0,105.0,1,150.34999999999997,2,1,1,4,Lost
12715.0,105.0,1,343.36,2,1,2,5,Lost
16429.0,105.0,1,284.55,2,1,1,4,Lost
12624.0,105.0,2,641.1300000000002,2,2,2,6,At Risk
14210.0,105.0,16,5556.569999999993,2,4,4,10,Champions
13003.0,105.0,3,149.05,2,2,1,5,Lost
15074.0,104.0,3,1553.1299999999999,2,2,3,7,At Risk
15641.0,104.0,12,5345.549999999995,2,4,4,10,Champions
13489.0,104.0,4,449.52,2,3,2,7,At Risk
15095.0,103.0,10,3141.640000000002,2,4,4,10,Champions
13301.0,103.0,4,618.0899999999998,2,3,2,7,At Risk
15325.0,103.0,8,1601.4600000000003,2,4,3,9,Loyal
14472.0,103.0,9,2118.720000000001,2,4,3,9,Loyal
15625.0,103.0,9,3236.3999999999987,2,4,4,10,Champions
15569.0,103.0,10,3583.450000000001,2,4,4,10,Champions
13778.0,102.0,4,1124.49,2,3,3,8,Loyal
16816.0,102.0,4,417.06000000000006,2,3,2,7,At Risk
16806.0,102.0,4,762.1599999999994,2,3,2,7,At Risk
14078.0,101.0,9,1553.4700000000003,2,4,3,9,Loyal
12814.0,101.0,1,125.92,2,1,1,4,Lost
17298.0,100.0,5,954.26,2,3,3,8,Loyal
15866.0,100.0,1,211.88999999999993,2,1,1,4,Lost
15596.0,100.0,9,2727.7199999999993,2,4,4,10,Champions
16842.0,100.0,3,1264.1899999999998,2,2,3,7,At Risk
14513.0,100.0,6,788.01,2,3,2,7,At Risk
16083.0,100.0,4,2351.42,2,3,4,9,Loyal
13631.0,99.0,11,3070.42,2,4,4,10,Champions
16780.0,99.0,3,596.4,2,3,2,7,At Risk
17320.0,99.0,6,2444.8500000000013,2,3,4,9,Loyal
15260.0,99.0,25,8767.73,2,4,4,10,Champions
12436.0,99.0,1,509.01000000000005,2,1,2,5,Lost
17588.0,99.0,7,2939.55,2,4,4,10,Champions
16278.0,99.0,3,1117.84,2,2,3,7,At Risk
16180.0,99.0,13,16249.869999999995,2,4,4,10,Champions
16456.0,98.0,13,6000.940000000001,2,4,4,10,Champions
13376.0,98.0,3,1019.7600000000003,2,3,3,8,Loyal
13470.0,98.0,2,165.0,2,2,1,5,Lost
18027.0,98.0,1,115.30999999999999,2,1,1,4,Lost
14436.0,98.0,2,271.70000000000005,2,2,1,5,Lost
13045.0,98.0,3,808.92,2,2,2,6,At Risk
13099.0,98.0,1,207.35999999999999,2,1,1,4,Lost
16808.0,98.0,2,288.42,2,2,1,5,Lost
14420.0,98.0,4,1639.1699999999998,2,3,3,8,Loyal
15829.0,98.0,2,636.14,2,2,2,6,At Risk
14276.0,98.0,7,2102.6800000000003,2,4,3,9,Loyal
18087.0,97.0,17,14761.519999999999,2,4,4,10,Champions
14463.0,97.0,4,786.5699999999999,2,3,2,7,At Risk
14171.0,97.0,2,498.7899999999998,2,2,2,6,At Risk
17774.0,96.0,9,3273.829999999997,2,4,4,10,Champions
16761.0,96.0,1,316.62,2,1,1,4,Lost
12710.0,96.0,3,1149.0200000000002,2,2,3,7,At Risk
12851.0,96.0,2,280.75999999999993,2,2,1,5,Lost
15307.0,95.0,1,205.3,2,1,1,4,Lost
13548.0,95.0,3,901.4400000000003,2,3,3,8,Loyal
13931.0,95.0,11,5257.3799999999965,2,4,4,10,Champions
16820.0,95.0,1,497.61,2,1,2,5,Lost
17722.0,95.0,5,3520.2199999999984,2,3,4,9,Loyal
16551.0,95.0,7,2237.120000000001,2,4,3,9,Loyal
15364.0,95.0,2,913.1900000000005,2,2,3,7,At Risk
12502.0,95.0,5,3723.8700000000003,2,3,4,9,Loyal
14965.0,95.0,2,596.0899999999999,2,2,2,6,At Risk
12816.0,95.0,2,572.2,2,2,2,6,At Risk
13851.0,95.0,8,4606.46,2,4,4,10,Champions
12422.0,95.0,17,5231.7999999999965,2,4,4,10,Champions
13240.0,95.0,8,1475.7899999999993,2,4,3,9,Loyal
13748.0,95.0,9,2064.350000000001,2,4,3,9,Loyal
14565.0,95.0,5,3859.220000000002,2,3,4,9,Loyal
17050.0,95.0,11,4648.590000000002,3,4,4,11,Champions
17229.0,95.0,2,318.7600000000001,3,2,1,6,At Risk
18196.0,94.0,4,1457.1899999999978,3,3,3,9,Loyal
16400.0,94.0,9,3059.849999999999,3,4,4,11,Champions
13158.0,94.0,5,1508.1800000000005,3,3,3,9,Loyal
14208.0,94.0,2,567.05,3,2,2,7,At Risk
13192.0,94.0,6,2558.5799999999995,3,3,4,10,Champions
17560.0,94.0,8,1895.8000000000002,3,4,3,10,Champions
16172.0,94.0,8,1884.5500000000009,3,4,3,10,Champions
12616.0,94.0,3,1131.1,3,2,3,8,Loyal
13744.0,94.0,2,1080.5199999999995,3,2,3,8,Loyal
15491.0,94.0,6,3100.0900000000015,3,3,4,10,Champions
17309.0,94.0,3,320.39,3,3,1,7,At Risk
15462.0,93.0,4,737.05,3,3,2,8,Loyal
13122.0,93.0,2,922.3900000000002,3,2,3,8,Loyal
13130.0,93.0,1,64.0,3,1,1,5,Lost
17339.0,93.0,3,302.36,3,3,1,7,At Risk
12461.0,93.0,2,826.8800000000001,3,2,2,7,At Risk
16175.0,93.0,7,1836.4400000000005,3,3,3,9,Loyal
13210.0,93.0,1,353.48,3,1,2,6,At Risk
15071.0,93.0,4,1455.5600000000002,3,3,3,9,Loyal
17460.0,93.0,16,2157.970000000001,3,4,3,10,Champions
18093.0,92.0,8,4452.71,3,4,4,11,Champions
15885.0,92.0,15,1951.82,3,4,3,10,Champions
13925.0,92.0,4,678.2499999999998,3,3,2,8,Loyal
13330.0,92.0,6,2796.100000000002,3,3,4,10,Champions
18222.0,92.0,1,443.0,3,1,2,6,At Risk
16828.0,92.0,2,128.5,3,2,1,6,At Risk
13244.0,92.0,1,121.74000000000001,3,1,1,5,Lost
13889.0,92.0,6,1991.2300000000007,3,3,3,9,Loyal
15653.0,92.0,2,877.4399999999999,3,2,3,8,Loyal
15488.0,92.0,5,431.91999999999996,3,3,2,8,Loyal
13441.0,91.0,2,720.9000000000001,3,2,2,7,At Risk
12592.0,91.0,5,2582.6600000000008,3,3,4,10,Champions
16027.0,91.0,15,2048.3600000000006,3,4,3,10,Champions
14414.0,91.0,8,2399.3300000000013,3,4,4,11,Champions
14410.0,91.0,11,2631.9000000000015,3,4,4,11,Champions
16031.0,91.0,2,547.9000000000002,3,2,2,7,At Risk
15198.0,91.0,5,571.35,3,3,2,8,Loyal
12535.0,91.0,2,716.3499999999999,3,2,2,7,At Risk
14223.0,91.0,3,991.13,3,3,3,9,Loyal
13249.0,91.0,9,1608.9300000000005,3,4,3,10,Champions
15400.0,91.0,8,1302.3000000000002,3,4,3,10,Champions
13814.0,91.0,3,2257.3200000000006,3,2,4,9,Loyal
13848.0,91.0,8,3015.0,3,4,4,11,Champions
14628.0,90.0,5,1997.9999999999998,3,3,3,9,Loyal
14915.0,90.0,11,1811.2500000000005,3,4,3,10,Champions
16723.0,90.0,4,1231.36,3,3,3,9,Loyal
15652.0,90.0,5,1405.94,3,3,3,9,Loyal
15939.0,89.0,16,9060.389999999998,3,4,4,11,Champions
14212.0,89.0,2,2190.140000000001,3,2,3,8,Loyal
13372.0,89.0,1,378.64,3,1,2,6,At Risk
15035.0,89.0,1,252.73000000000005,3,1,1,5,Lost
16384.0,89.0,4,1358.9500000000007,3,3,3,9,Loyal
12635.0,89.0,4,2930.4100000000017,3,3,4,10,Champions
15636.0,89.0,4,1444.5800000000006,3,3,3,9,Loyal
14837.0,89.0,9,3460.319999999998,3,4,4,11,Champions
13124.0,89.0,4,4641.659999999994,3,3,4,10,Champions
16211.0,88.0,3,1090.59,3,2,3,8,Loyal
14307.0,88.0,10,4287.92,3,4,4,11,Champions
15980.0,88.0,7,6543.680000000001,3,4,4,11,Champions
16209.0,88.0,9,4146.780000000002,3,4,4,11,Champions
18255.0,88.0,2,303.1499999999999,3,2,1,6,At Risk
12965.0,88.0,1,769.8099999999996,3,2,2,7,At Risk
16796.0,88.0,1,305.62,3,1,1,5,Lost
13611.0,88.0,10,3297.930000000001,3,4,4,11,Champions
13375.0,88.0,2,1792.2300000000002,3,2,3,8,Loyal
18215.0,88.0,5,2232.4900000000007,3,3,3,9,Loyal
17919.0,87.0,2,1840.3199999999995,3,2,3,8,Loyal
15216.0,87.0,2,486.09000000000003,3,2,2,7,At Risk
16098.0,87.0,14,4010.6999999999994,3,4,4,11,Champions
16451.0,87.0,3,1013.1499999999997,3,2,3,8,Loyal
17037.0,87.0,1,1267.3199999999995,3,1,3,7,At Risk
16984.0,87.0,9,10350.529999999966,3,4,4,11,Champions
16475.0,87.0,4,544.3,3,3,2,8,Loyal
16141.0,87.0,2,955.9400000000003,3,2,3,8,Loyal
17433.0,87.0,2,569.96,3,2,2,7,At Risk
15764.0,87.0,8,4503.080000000001,3,4,4,11,Champions
12884.0,87.0,1,309.05,3,1,1,5,Lost
15996.0,87.0,7,1386.3999999999999,3,3,3,9,Loyal
14500.0,87.0,3,356.85,3,3,2,8,Loyal
15673.0,87.0,9,6204.319999999994,3,4,4,11,Champions
12924.0,87.0,12,2469.3999999999996,3,4,4,11,Champions
12756.0,86.0,1,112.08,3,1,1,5,Lost
14753.0,86.0,2,869.5099999999999,3,2,3,8,Loyal
17640.0,86.0,6,3168.9400000000005,3,3,4,10,Champions
16036.0,86.0,4,2556.8400000000015,3,3,4,10,Champions
16959.0,86.0,1,117.35,3,1,1,5,Lost
15343.0,86.0,1,364.5,3,1,2,6,At Risk
15201.0,86.0,7,1842.9499999999998,3,3,3,9,Loyal
16229.0,86.0,6,2867.860000000003,3,3,4,10,Champions
16745.0,86.0,17,7180.700000000005,3,4,4,11,Champions
14163.0,86.0,5,2594.620000000001,3,3,4,10,Champions
18173.0,86.0,5,2696.3600000000006,3,3,4,10,Champions
18251.0,86.0,9,26278.86000000001,3,4,4,11,Champions
14660.0,86.0,2,285.73999999999995,3,2,1,6,At Risk
13518.0,85.0,1,627.1600000000001,3,1,2,6,At Risk
14177.0,85.0,13,2209.6900000000023,3,4,3,10,Champions
13662.0,85.0,11,2233.6099999999997,3,4,3,10,Champions
13134.0,85.0,6,2475.23,3,3,4,10,Champions
13877.0,85.0,3,449.67999999999995,3,2,2,7,At Risk
12566.0,85.0,1,351.6499999999999,3,1,2,6,At Risk
13539.0,85.0,7,1569.3600000000006,3,3,3,9,Loyal
17002.0,85.0,7,2571.550000000001,3,4,4,11,Champions
17347.0,85.0,1,228.96,3,1,1,5,Lost
17333.0,85.0,1,494.2500000000001,3,1,2,6,At Risk
17033.0,85.0,4,1332.79,3,3,3,9,Loyal
15322.0,85.0,2,1390.8600000000001,3,2,3,8,Loyal
17846.0,84.0,1,2033.1,3,2,3,8,Loyal
15205.0,84.0,2,653.2399999999999,3,2,2,7,At Risk
15417.0,84.0,1,508.8000000000001,3,1,2,6,At Risk
16573.0,84.0,2,663.6099999999999,3,2,2,7,At Risk
12995.0,84.0,1,211.32,3,1,1,5,Lost
16709.0,84.0,14,9056.009999999993,3,4,4,11,Champions
12722.0,84.0,4,997.63,3,3,3,9,Loyal
17047.0,84.0,6,2289.2300000000014,3,3,4,10,Champions
16108.0,84.0,4,2235.9200000000005,3,3,3,9,Loyal
13141.0,84.0,17,7656.079999999994,3,4,4,11,Champions
17594.0,84.0,4,2497.880000000002,3,3,4,10,Champions
15466.0,84.0,4,1560.4600000000005,3,3,3,9,Loyal
12434.0,84.0,3,1103.4299999999998,3,2,3,8,Loyal
17786.0,84.0,2,266.84999999999997,3,2,1,6,At Risk
17898.0,84.0,4,299.18,3,3,1,7,At Risk
14894.0,84.0,3,1492.8100000000002,3,3,3,9,Loyal
14557.0,84.0,1,788.38,3,2,2,7,At Risk
15099.0,83.0,1,410.48,3,1,2,6,At Risk
15410.0,83.0,10,4685.720000000005,3,4,4,11,Champions
13563.0,83.0,2,777.5299999999999,3,2,2,7,At Risk
16878.0,83.0,1,13.3,3,1,1,5,Lost
15975.0,83.0,1,371.01000000000005,3,1,2,6,At Risk
12871.0,83.0,3,744.02,3,2,2,7,At Risk
15523.0,83.0,16,17259.190000000006,3,4,4,11,Champions
14124.0,83.0,1,419.58,3,1,2,6,At Risk
15947.0,82.0,1,1708.2400000000002,3,2,3,8,Loyal
13562.0,81.0,8,4838.180000000008,3,4,4,11,Champions
18094.0,81.0,13,6391.519999999996,3,4,4,11,Champions
13334.0,81.0,5,6201.7999999999965,3,3,4,10,Champions
14934.0,81.0,5,3503.500000000001,3,3,4,10,Champions
16370.0,81.0,4,1301.9100000000008,3,3,3,9,Loyal
13325.0,81.0,1,675.3,3,1,2,6,At Risk
12379.0,81.0,4,1620.2199999999998,3,3,3,9,Loyal
16080.0,81.0,4,602.56,3,3,2,8,Loyal
18232.0,81.0,4,592.97,3,3,2,8,Loyal
13067.0,81.0,3,508.51,3,2,2,7,At Risk
16906.0,81.0,7,1410.9200000000012,3,3,3,9,Loyal
13774.0,81.0,1,344.99999999999994,3,1,2,6,At Risk
12527.0,81.0,5,735.5100000000001,3,3,2,8,Loyal
17058.0,81.0,3,1179.8899999999999,3,2,3,8,Loyal
18194.0,81.0,6,4162.040000000001,3,3,4,10,Champions
17802.0,81.0,10,4946.22,3,4,4,11,Champions
12497.0,81.0,3,6248.499999999999,3,2,4,9,Loyal
17628.0,80.0,1,75.75000000000001,3,1,1,5,Lost
15888.0,80.0,3,429.16,3,2,2,7,At Risk
17848.0,80.0,30,3559.1099999999974,3,4,4,11,Champions
15341.0,80.0,2,2402.7199999999993,3,2,4,9,Loyal
16624.0,80.0,2,810.57,3,2,2,7,At Risk
16215.0,80.0,1,242.35,3,1,1,5,Lost
16527.0,80.0,2,1232.9399999999998,3,2,3,8,Loyal
15504.0,80.0,4,402.7,3,3,2,8,Loyal
15675.0,80.0,4,542.04,3,3,2,8,Loyal
18017.0,80.0,4,688.0,3,3,2,8,Loyal
13228.0,80.0,1,358.0,3,1,2,6,At Risk
14236.0,80.0,5,1555.3400000000008,3,3,3,9,Loyal
12752.0,80.0,1,4366.780000000001,3,1,4,8,Loyal
17415.0,79.0,1,507.83999999999986,3,1,2,6,At Risk
13908.0,79.0,4,2369.549999999999,3,3,4,10,Champions
15026.0,79.0,5,1048.8899999999996,3,3,3,9,Loyal
17873.0,79.0,18,6265.329999999999,3,4,4,11,Champions
13038.0,79.0,3,908.4600000000002,3,3,3,9,Loyal
14356.0,79.0,2,701.2299999999999,3,2,2,7,At Risk
13356.0,79.0,1,768.24,3,1,2,6,At Risk
12701.0,79.0,6,2446.41,3,3,4,10,Champions
16493.0,79.0,7,2132.0900000000006,3,4,3,10,Champions
12435.0,79.0,6,13925.930000000008,3,3,4,10,Champions
12390.0,79.0,1,549.8400000000001,3,1,2,6,At Risk
16928.0,79.0,29,3897.5299999999993,3,4,4,11,Champions
16777.0,79.0,5,1292.1800000000017,3,3,3,9,Loyal
16584.0,79.0,5,3156.1699999999987,3,3,4,10,Champions
17475.0,78.0,1,194.36999999999998,3,1,1,5,Lost
12409.0,78.0,7,23419.29,3,4,4,11,Champions
15810.0,78.0,8,2999.0399999999995,3,4,4,11,Champions
16627.0,78.0,1,322.8,3,1,1,5,Lost
12604.0,78.0,2,254.17999999999992,3,2,1,6,At Risk
14951.0,78.0,1,311.69,3,1,1,5,Lost
13959.0,78.0,6,1064.7700000000002,3,3,3,9,Loyal
12550.0,78.0,1,964.8299999999995,3,2,3,8,Loyal
17172.0,78.0,3,956.5699999999998,3,2,3,8,Loyal
17731.0,78.0,6,1708.99,3,3,3,9,Loyal
15603.0,78.0,2,88.48,3,2,1,6,At Risk
16213.0,78.0,1,159.00000000000003,3,1,1,5,Lost
17027.0,78.0,9,1310.6300000000008,3,4,3,10,Champions
14887.0,78.0,1,1862.0,3,2,3,8,Loyal
13946.0,78.0,6,1876.2300000000002,3,3,3,9,Loyal
12854.0,78.0,7,2970.969999999999,3,4,4,11,Champions
13529.0,78.0,2,307.76000000000005,3,2,1,6,At Risk
16735.0,78.0,14,6217.410000000005,3,4,4,11,Champions
12520.0,78.0,5,2634.2599999999993,3,3,4,10,Champions
16236.0,77.0,1,432.20000000000005,3,1,2,6,At Risk
15067.0,77.0,5,3862.880000000002,3,3,4,10,Champions
12579.0,77.0,1,440.41999999999996,3,1,2,6,At Risk
18189.0,77.0,3,1403.73,3,2,3,8,Loyal
16978.0,77.0,3,768.8800000000001,3,2,2,7,At Risk
12930.0,77.0,2,415.8,3,2,2,7,At Risk
14147.0,77.0,9,2590.2000000000003,3,4,4,11,Champions
15744.0,77.0,1,34.8,3,1,1,5,Lost
12609.0,77.0,9,3435.86,3,4,4,11,Champions
13486.0,77.0,3,1122.4099999999999,3,2,3,8,Loyal
12425.0,77.0,2,1741.4099999999996,3,2,3,8,Loyal
14854.0,77.0,11,4303.0599999999995,3,4,4,11,Champions
12516.0,77.0,4,2648.62,3,3,4,10,Champions
17079.0,77.0,1,118.80000000000001,3,1,1,5,Lost
12739.0,77.0,4,2726.7300000000005,3,3,4,10,Champions
17603.0,77.0,4,1788.3800000000008,3,3,3,9,Loyal
15075.0,77.0,1,773.03,3,2,2,7,At Risk
13320.0,77.0,6,2211.6000000000004,3,3,3,9,Loyal
17480.0,77.0,2,882.23,3,2,3,8,Loyal
14038.0,77.0,5,3069.8800000000015,3,3,4,10,Champions
13127.0,77.0,1,259.16999999999996,3,1,1,5,Lost
17311.0,77.0,6,3566.560000000001,3,3,4,10,Champions
16715.0,77.0,2,625.5200000000001,3,2,2,7,At Risk
13055.0,77.0,4,2321.11,3,3,4,10,Champions
17388.0,77.0,11,2675.3700000000003,3,4,4,11,Champions
13519.0,77.0,2,343.21000000000004,3,2,2,7,At Risk
13220.0,77.0,5,1336.09,3,3,3,9,Loyal
13279.0,77.0,1,137.75,3,1,1,5,Lost
15475.0,76.0,1,454.1099999999999,3,1,2,6,At Risk
14880.0,76.0,3,690.5900000000003,3,3,2,8,Loyal
14014.0,76.0,3,1948.2100000000005,3,2,3,8,Loyal
14652.0,76.0,1,114.18,3,1,1,5,Lost
16872.0,76.0,6,1213.13,3,3,3,9,Loyal
15978.0,76.0,3,3279.420000000001,3,3,4,10,Champions
16485.0,76.0,5,2287.19,3,3,4,10,Champions
13336.0,76.0,1,795.12,3,2,2,7,At Risk
15549.0,76.0,8,2334.159999999999,3,4,4,11,Champions
17498.0,75.0,1,272.21999999999997,3,1,1,5,Lost
16480.0,75.0,1,769.2899999999997,3,2,2,7,At Risk
17506.0,75.0,1,302.2,3,1,1,5,Lost
16689.0,75.0,2,422.59999999999997,3,2,2,7,At Risk
13787.0,75.0,6,1222.5000000000002,3,3,3,9,Loyal
15799.0,75.0,4,1421.3399999999995,3,3,3,9,Loyal
14561.0,75.0,3,1080.7600000000004,3,2,3,8,Loyal
16603.0,74.0,2,482.46999999999997,3,2,2,7,At Risk
16198.0,74.0,2,1030.0409999999997,3,2,3,8,Loyal
14235.0,74.0,9,4717.990000000001,3,4,4,11,Champions
12412.0,74.0,6,2596.930000000001,3,3,4,10,Champions
15154.0,74.0,3,1343.720000000001,3,2,3,8,Loyal
13390.0,74.0,1,544.08,3,1,2,6,At Risk
17154.0,74.0,1,329.34,3,1,1,5,Lost
15366.0,74.0,7,2389.079999999999,3,4,4,11,Champions
12348.0,74.0,5,2019.4,3,3,3,9,Loyal
15312.0,74.0,12,2930.19,3,4,4,11,Champions
16383.0,74.0,7,2896.6900000000064,3,4,4,11,Champions
14152.0,74.0,7,1997.3399999999995,3,4,3,10,Champions
13927.0,74.0,2,708.26,3,2,2,7,At Risk
18155.0,74.0,3,371.62,3,3,2,8,Loyal
16594.0,74.0,1,181.0899999999999,3,1,1,5,Lost
18066.0,74.0,3,1440.4,3,2,3,8,Loyal
15626.0,74.0,3,1067.5200000000002,3,2,3,8,Loyal
16342.0,74.0,4,322.40999999999997,3,3,1,7,At Risk
14757.0,74.0,1,420.50000000000006,3,1,2,6,At Risk
14806.0,74.0,2,303.43,3,2,1,6,At Risk
12823.0,74.0,18,6501.5,3,4,4,11,Champions
13670.0,74.0,1,349.70000000000005,3,1,2,6,At Risk
12545.0,74.0,2,1000.3899999999998,3,2,3,8,Loyal
16629.0,73.0,2,408.6299999999998,3,2,2,7,At Risk
16266.0,73.0,14,1757.9500000000016,3,4,3,10,Champions
17805.0,73.0,2,927.03,3,2,3,8,Loyal
15243.0,73.0,2,927.2800000000005,3,2,3,8,Loyal
13866.0,73.0,1,145.67000000000002,3,1,1,5,Lost
12612.0,73.0,1,704.04,3,1,2,6,At Risk
13035.0,73.0,3,1364.2000000000003,3,2,3,8,Loyal
17061.0,73.0,11,5232.23,3,4,4,11,Champions
17674.0,73.0,2,551.0400000000002,3,2,2,7,At Risk
13434.0,73.0,5,1666.86,3,3,3,9,Loyal
15958.0,73.0,4,462.1199999999999,3,3,2,8,Loyal
12987.0,73.0,5,1312.2100000000003,3,3,3,9,Loyal
17997.0,73.0,8,1962.4600000000025,3,4,3,10,Champions
13555.0,73.0,13,8891.839999999995,3,4,4,11,Champions
18278.0,73.0,2,414.2,3,2,2,7,At Risk
13405.0,73.0,6,1213.8109999999997,3,3,3,9,Loyal
17788.0,73.0,2,1117.9,3,2,3,8,Loyal
13639.0,73.0,2,1346.2700000000002,3,2,3,8,Loyal
16462.0,73.0,3,136.0,3,2,1,6,At Risk
16468.0,73.0,3,787.5200000000001,3,2,2,7,At Risk
13233.0,73.0,4,1176.4599999999998,3,3,3,9,Loyal
13514.0,73.0,4,815.8999999999999,3,3,2,8,Loyal
14908.0,73.0,2,381.9,3,2,2,7,At Risk
14818.0,73.0,6,1153.56,3,3,3,9,Loyal
14101.0,73.0,13,9961.93,3,4,4,11,Champions
14473.0,73.0,2,234.34,3,2,1,6,At Risk
14272.0,73.0,4,920.81,3,3,3,9,Loyal
16778.0,73.0,2,245.94,3,2,1,6,At Risk
14109.0,72.0,1,144.2,3,1,1,5,Lost
16681.0,72.0,7,1921.8400000000006,3,3,3,9,Loyal
15841.0,72.0,9,2742.4099999999994,3,4,4,11,Champions
15827.0,72.0,28,3603.140000000001,3,4,4,11,Champions
16181.0,72.0,1,305.54,3,1,1,5,Lost
16122.0,72.0,6,895.6200000000003,3,3,3,9,Loyal
17370.0,72.0,4,446.18,3,3,2,8,Loyal
13979.0,72.0,7,3379.9300000000007,3,4,4,11,Champions
13505.0,72.0,4,4393.629999999999,3,3,4,10,Champions
17591.0,72.0,8,2339.3199999999997,3,4,4,11,Champions
15674.0,72.0,13,6948.229999999999,3,4,4,11,Champions
13397.0,72.0,10,3191.8699999999994,3,4,4,11,Champions
12455.0,72.0,10,5879.950000000002,3,4,4,11,Champions
13515.0,72.0,6,1265.82,3,3,3,9,Loyal
17656.0,72.0,5,1674.69,3,3,3,9,Loyal
13016.0,72.0,3,789.8899999999998,3,2,2,7,At Risk
16909.0,71.0,1,379.14000000000004,3,1,2,6,At Risk
18192.0,71.0,1,957.9699999999998,3,2,3,8,Loyal
12393.0,71.0,6,2399.45,3,3,4,10,Champions
17950.0,71.0,7,1166.2899999999997,3,4,3,10,Champions
14609.0,71.0,10,1486.2,3,4,3,10,Champions
12372.0,71.0,3,1298.0400000000004,3,2,3,8,Loyal
13061.0,71.0,1,248.61,3,1,1,5,Lost
16281.0,71.0,3,3424.02,3,3,4,10,Champions
18235.0,71.0,3,1796.4799999999998,3,3,3,9,Loyal
15175.0,71.0,1,224.14000000000001,3,1,1,5,Lost
17819.0,71.0,12,6021.049999999998,3,4,4,11,Champions
16321.0,71.0,7,604.5500000000002,3,4,2,9,Loyal
13901.0,71.0,15,5676.339999999998,3,4,4,11,Champions
18242.0,71.0,8,3605.210000000003,3,4,4,11,Champions
17513.0,71.0,3,1158.8,3,2,3,8,Loyal
14475.0,71.0,4,1151.1499999999999,3,3,3,9,Loyal
16690.0,71.0,4,353.03000000000003,3,3,2,8,Loyal
16182.0,71.0,9,9971.65,3,4,4,11,Champions
17894.0,71.0,18,2304.580000000001,3,4,4,11,Champions
14978.0,71.0,10,3112.189999999999,3,4,4,11,Champions
13321.0,71.0,2,567.36,3,2,2,7,At Risk
14947.0,71.0,6,1049.79,3,3,3,9,Loyal
15348.0,71.0,1,158.04000000000002,3,1,1,5,Lost
16650.0,71.0,7,1916.11,3,3,3,9,Loyal
17783.0,71.0,3,376.9600000000003,3,2,2,7,At Risk
18265.0,71.0,2,801.5100000000001,3,2,2,7,At Risk
13741.0,71.0,3,668.4300000000001,3,3,2,8,Loyal
15036.0,71.0,3,429.56000000000006,3,2,2,7,At Risk
15030.0,71.0,8,1979.9100000000003,3,4,3,10,Champions
17427.0,71.0,1,100.8,3,2,1,6,At Risk
17724.0,70.0,3,1033.0000000000002,3,2,3,8,Loyal
14681.0,70.0,6,875.1500000000001,3,3,3,9,Loyal
17572.0,70.0,10,652.21,3,4,2,9,Loyal
16101.0,70.0,4,3229.1600000000017,3,3,4,10,Champions
13092.0,70.0,12,2140.28,3,4,3,10,Champions
13972.0,70.0,2,190.25000000000006,3,2,1,6,At Risk
13764.0,70.0,6,2919.620000000002,3,3,4,10,Champions
16574.0,70.0,3,1301.7800000000009,3,2,3,8,Loyal
13095.0,70.0,1,74.39999999999999,3,1,1,5,Lost
17905.0,70.0,13,2178.870000000001,3,4,3,10,Champions
12822.0,70.0,2,948.8800000000002,3,2,3,8,Loyal
13354.0,70.0,1,743.5299999999996,3,1,2,6,At Risk
13886.0,70.0,1,243.55999999999997,3,1,1,5,Lost
17376.0,70.0,4,453.64000000000004,3,3,2,8,Loyal
16268.0,70.0,2,667.6500000000001,3,2,2,7,At Risk
16233.0,70.0,9,1818.3100000000006,3,4,3,10,Champions
15593.0,70.0,1,199.8,3,1,1,5,Lost
13364.0,70.0,1,134.96,3,1,1,5,Lost
15321.0,70.0,12,6709.729999999994,3,4,4,11,Champions
13503.0,70.0,6,1859.2399999999993,3,3,3,9,Loyal
12458.0,70.0,4,1777.4899999999998,3,3,3,9,Loyal
12718.0,70.0,1,238.24999999999997,3,1,1,5,Lost
18053.0,70.0,3,571.07,3,3,2,8,Loyal
12728.0,70.0,5,1070.1699999999996,3,3,3,9,Loyal
15062.0,70.0,8,2585.620000000001,3,4,4,11,Champions
18204.0,70.0,3,1975.35,3,2,3,8,Loyal
14916.0,70.0,8,3042.950000000003,3,4,4,11,Champions
14305.0,70.0,3,1858.9599999999998,3,2,3,8,Loyal
14409.0,70.0,9,3427.2900000000027,3,4,4,11,Champions
14164.0,70.0,2,1631.77,3,2,3,8,Loyal
16589.0,70.0,4,612.3600000000002,3,3,2,8,Loyal
12703.0,70.0,4,1006.53,3,3,3,9,Loyal
12694.0,69.0,3,1843.3500000000008,3,2,3,8,Loyal
15185.0,69.0,1,310.62,3,1,1,5,Lost
13347.0,69.0,1,341.36,3,1,1,5,Lost
12842.0,69.0,4,1917.99,3,3,3,9,Loyal
18008.0,69.0,23,19759.080000000013,3,4,4,11,Champions
16613.0,69.0,1,618.5900000000001,3,1,2,6,At Risk
15834.0,69.0,7,3764.3899999999967,3,4,4,11,Champions
16404.0,69.0,1,443.05000000000007,3,1,2,6,At Risk
15164.0,68.0,9,2028.110000000001,3,4,3,10,Champions
16693.0,68.0,5,1179.480000000001,3,3,3,9,Loyal
16591.0,68.0,1,213.50000000000003,3,1,1,5,Lost
15579.0,68.0,5,1250.6300000000012,3,3,3,9,Loyal
15774.0,68.0,6,1288.3400000000004,3,3,3,9,Loyal
13344.0,67.0,3,2511.690000000002,3,3,4,10,Champions
14193.0,67.0,3,1210.1900000000003,3,2,3,8,Loyal
16774.0,67.0,8,1567.4800000000002,3,4,3,10,Champions
18116.0,67.0,13,2134.4900000000043,3,4,3,10,Champions
16667.0,67.0,2,567.1799999999997,3,2,2,7,At Risk
14970.0,67.0,12,4919.35,3,4,4,11,Champions
14644.0,67.0,7,2247.7200000000003,3,4,3,10,Champions
14488.0,67.0,1,1064.28,3,1,3,7,At Risk
12886.0,67.0,2,1378.4,3,2,3,8,Loyal
15091.0,67.0,3,1046.6100000000001,3,2,3,8,Loyal
14333.0,67.0,1,415.20000000000005,3,1,2,6,At Risk
13635.0,67.0,4,2999.1599999999985,3,3,4,10,Champions
16183.0,66.0,4,1077.81,3,3,3,9,Loyal
16253.0,66.0,7,7272.199999999997,3,4,4,11,Champions
14184.0,66.0,1,452.89,3,1,2,6,At Risk
15299.0,66.0,10,6156.530000000001,3,4,4,11,Champions
16881.0,66.0,1,432.0,3,1,2,6,At Risk
14651.0,66.0,9,2025.5200000000018,3,4,3,10,Champions
15241.0,66.0,11,3050.1600000000003,3,4,4,11,Champions
12637.0,66.0,12,8283.810000000007,3,4,4,11,Champions
12413.0,66.0,4,999.4499999999999,3,3,3,9,Loyal
16882.0,66.0,3,705.12,3,3,2,8,Loyal
13801.0,66.0,1,324.79999999999995,3,1,1,5,Lost
13431.0,66.0,8,3316.2400000000025,3,4,4,11,Champions
16556.0,66.0,17,8012.579999999981,3,4,4,11,Champions
16441.0,66.0,5,1019.1299999999995,3,3,3,9,Loyal
15930.0,66.0,1,426.63000000000005,3,1,2,6,At Risk
15255.0,66.0,9,3706.019999999998,3,4,4,11,Champions
16875.0,66.0,11,4234.530000000001,3,4,4,11,Champions
15730.0,65.0,5,1726.5800000000006,3,3,3,9,Loyal
12457.0,65.0,8,2995.9099999999994,3,4,4,11,Champions
13552.0,65.0,22,6948.919999999997,3,4,4,11,Champions
13792.0,65.0,3,383.95000000000005,3,2,2,7,At Risk
17957.0,65.0,1,111.67999999999998,3,1,1,5,Lost
16140.0,65.0,3,1433.4600000000005,3,2,3,8,Loyal
17667.0,65.0,9,3950.700000000001,3,4,4,11,Champions
15276.0,65.0,4,619.8,3,3,2,8,Loyal
15181.0,65.0,5,1200.2,3,3,3,9,Loyal
13317.0,65.0,19,6486.090999999993,3,4,4,11,Champions
15339.0,65.0,7,1821.0200000000013,3,3,3,9,Loyal
15127.0,65.0,2,711.5,3,2,2,7,At Risk
16059.0,65.0,12,3053.569999999999,3,4,4,11,Champions
12843.0,65.0,30,6583.359999999996,3,4,4,11,Champions
15739.0,65.0,1,449.12,3,1,2,6,At Risk
15228.0,65.0,6,5580.270000000003,3,3,4,10,Champions
13989.0,65.0,5,2026.0599999999995,3,3,3,9,Loyal
15757.0,65.0,6,2940.3599999999988,3,3,4,10,Champions
12512.0,65.0,2,132.18000000000006,3,2,1,6,At Risk
13351.0,65.0,1,373.94,3,1,2,6,At Risk
16374.0,65.0,5,1723.4000000000021,3,3,3,9,Loyal
16106.0,65.0,1,108.38,3,1,1,5,Lost
13483.0,65.0,1,140.34,3,1,1,5,Lost
14462.0,65.0,12,2242.8100000000013,3,4,3,10,Champions
15837.0,64.0,2,777.01,3,2,2,7,At Risk
16758.0,64.0,1,369.34000000000003,3,1,2,6,At Risk
16040.0,64.0,7,2416.8999999999987,3,4,4,11,Champions
14538.0,64.0,5,1370.8400000000001,3,3,3,9,Loyal
17382.0,64.0,8,902.28,3,4,3,10,Champions
14317.0,64.0,1,508.5799999999999,3,1,2,6,At Risk
17483.0,64.0,4,591.73,3,3,2,8,Loyal
14054.0,64.0,1,92.46,3,2,1,6,At Risk
17647.0,64.0,3,331.65999999999997,3,3,1,7,At Risk
16895.0,64.0,5,1102.9,3,3,3,9,Loyal
13947.0,64.0,1,90.6,3,2,1,6,At Risk
15244.0,64.0,3,912.08,3,3,3,9,Loyal
13845.0,64.0,1,312.98,3,1,1,5,Lost
14389.0,64.0,5,1898.0099999999993,3,3,3,9,Loyal
12789.0,64.0,3,273.34999999999997,3,3,1,7,At Risk
17222.0,64.0,6,1579.5100000000004,3,3,3,9,Loyal
16160.0,64.0,2,1025.4400000000003,3,2,3,8,Loyal
13602.0,64.0,4,1025.17,3,3,3,9,Loyal
15762.0,64.0,2,583.7500000000001,3,2,2,7,At Risk
13591.0,64.0,7,2093.9400000000005,3,4,3,10,Champions
15048.0,64.0,4,380.9999999999999,3,3,2,8,Loyal
13177.0,64.0,2,512.2,3,2,2,7,At Risk
16803.0,64.0,1,332.3,3,1,1,5,Lost
14396.0,64.0,7,1969.3800000000035,3,4,3,10,Champions
15416.0,64.0,7,4572.819999999999,3,4,4,11,Champions
18033.0,64.0,1,93.82000000000004,3,2,1,6,At Risk
12923.0,63.0,3,770.4199999999997,3,2,2,7,At Risk
17921.0,63.0,10,2394.3600000000015,3,4,4,11,Champions
13771.0,63.0,9,5728.819999999998,3,4,4,11,Champions
14819.0,63.0,4,456.40999999999997,3,3,2,8,Loyal
13023.0,63.0,3,1449.0299999999995,3,2,3,8,Loyal
16184.0,63.0,6,1158.7900000000002,3,3,3,9,Loyal
15766.0,63.0,3,831.0600000000002,3,2,2,7,At Risk
12781.0,63.0,2,826.7400000000001,3,2,2,7,At Risk
12519.0,63.0,2,716.5400000000001,3,2,2,7,At Risk
15874.0,63.0,21,11284.760000000007,3,4,4,11,Champions
13359.0,63.0,2,1043.3100000000002,3,2,3,8,Loyal
13276.0,63.0,5,1891.9099999999999,3,3,3,9,Loyal
14257.0,63.0,9,5954.450000000002,3,4,4,11,Champions
15815.0,63.0,5,2100.6,3,3,3,9,Loyal
13049.0,63.0,4,1408.2400000000002,3,3,3,9,Loyal
16455.0,63.0,11,3995.57,3,4,4,11,Champions
13419.0,63.0,1,221.06,3,1,1,5,Lost
12420.0,63.0,1,600.3900000000001,3,1,2,6,At Risk
13504.0,63.0,1,295.93,3,1,1,5,Lost
16432.0,63.0,1,287.4,3,1,1,5,Lost
17030.0,63.0,1,146.87,3,1,1,5,Lost
13169.0,63.0,3,840.0799999999999,3,2,2,7,At Risk
14844.0,63.0,10,6702.43,3,4,4,11,Champions
15706.0,63.0,4,1060.56,3,3,3,9,Loyal
13876.0,63.0,1,122.7,3,1,1,5,Lost
13422.0,63.0,1,2626.3000000000006,3,1,4,8,Loyal
13806.0,63.0,1,256.38,3,1,1,5,Lost
16477.0,63.0,11,4094.3700000000026,3,4,4,11,Champions
12740.0,63.0,1,427.6,3,1,2,6,At Risk
14792.0,63.0,1,6.2,3,2,1,6,At Risk
14959.0,63.0,4,695.4199999999998,3,3,2,8,Loyal
15264.0,63.0,2,848.3999999999999,3,2,2,7,At Risk
13348.0,63.0,1,233.76,3,1,1,5,Lost
12394.0,63.0,2,1272.48,3,2,3,8,Loyal
14067.0,63.0,2,374.6999999999999,3,2,2,7,At Risk
14518.0,63.0,1,174.37000000000003,3,1,1,5,Lost
15518.0,63.0,15,4189.989999999994,3,4,4,11,Champions
12939.0,63.0,20,25264.80000000001,3,4,4,11,Champions
13587.0,63.0,4,1673.5,3,3,3,9,Loyal
15315.0,63.0,2,570.5000000000001,3,2,2,7,At Risk
16316.0,63.0,13,5744.910000000001,3,4,4,11,Champions
15937.0,63.0,1,145.35,3,1,1,5,Lost
15306.0,63.0,9,3484.73,3,4,4,11,Champions
15300.0,63.0,1,496.43999999999994,3,1,2,6,At Risk
12492.0,62.0,3,715.2099999999999,3,3,2,8,Loyal
14029.0,62.0,2,467.65999999999997,3,2,2,7,At Risk
13763.0,62.0,3,5217.440000000001,3,2,4,9,Loyal
13689.0,62.0,2,1259.5,3,2,3,8,Loyal
16354.0,62.0,5,1119.46,3,3,3,9,Loyal
12885.0,62.0,3,1175.2199999999993,3,2,3,8,Loyal
18136.0,62.0,5,1631.3600000000006,3,3,3,9,Loyal
16104.0,61.0,9,2774.4600000000028,3,4,4,11,Champions
16248.0,61.0,1,152.94000000000003,3,1,1,5,Lost
13259.0,61.0,9,1402.5400000000022,3,4,3,10,Champions
16179.0,60.0,1,215.82999999999998,3,1,1,5,Lost
16518.0,60.0,4,959.3699999999999,3,3,3,9,Loyal
17025.0,60.0,5,1349.6699999999998,3,3,3,9,Loyal
16921.0,60.0,3,409.2099999999999,3,2,2,7,At Risk
14128.0,60.0,3,924.2100000000003,3,3,3,9,Loyal
17648.0,60.0,5,2216.37,3,3,3,9,Loyal
15606.0,60.0,17,5230.989999999998,3,4,4,11,Champions
15304.0,60.0,9,796.4000000000001,3,4,2,9,Loyal
18169.0,60.0,1,202.64999999999998,3,1,1,5,Lost
18126.0,60.0,1,200.92000000000002,3,1,1,5,Lost
14514.0,60.0,9,4380.040000000003,3,4,4,11,Champions
15756.0,60.0,4,528.0099999999995,3,3,2,8,Loyal
13260.0,60.0,1,557.6200000000001,3,1,2,6,At Risk
16982.0,60.0,1,384.06,3,1,2,6,At Risk
14027.0,60.0,1,104.82000000000002,3,1,1,5,Lost
18088.0,60.0,1,166.02999999999997,3,1,1,5,Lost
16395.0,60.0,14,3518.409999999999,3,4,4,11,Champions
16685.0,60.0,2,324.24,3,2,1,6,At Risk
14665.0,60.0,7,2749.65,3,4,4,11,Champions
16380.0,60.0,1,1743.15,3,2,3,8,Loyal
14801.0,60.0,1,189.33999999999995,3,1,1,5,Lost
13473.0,60.0,8,2657.760000000001,3,4,4,11,Champions
16595.0,60.0,5,1757.75,3,3,3,9,Loyal
15193.0,60.0,1,499.32000000000005,3,1,2,6,At Risk
13373.0,60.0,6,7587.189999999994,3,3,4,10,Champions
13193.0,60.0,1,112.08000000000001,3,1,1,5,Lost
17284.0,59.0,8,2788.0599999999954,3,4,4,11,Champions
13224.0,59.0,2,2155.9499999999994,3,2,3,8,Loyal
14175.0,59.0,8,7678.879999999998,3,4,4,11,Champions
14857.0,59.0,7,3651.851000000001,3,4,4,11,Champions
12607.0,59.0,1,1579.51,3,2,3,8,Loyal
12824.0,59.0,1,397.12,3,1,2,6,At Risk
13283.0,59.0,4,373.36,3,3,2,8,Loyal
16861.0,59.0,5,946.5900000000001,3,3,3,9,Loyal
12530.0,59.0,9,3759.2600000000007,3,4,4,11,Champions
14451.0,59.0,12,3258.679999999999,3,4,4,11,Champions
15211.0,59.0,2,894.41,3,2,3,8,Loyal
12772.0,59.0,1,892.4700000000004,3,2,3,8,Loyal
14201.0,59.0,10,1193.54,3,4,3,10,Champions
13352.0,59.0,1,397.9800000000001,3,1,2,6,At Risk
14535.0,59.0,9,5973.229999999982,3,4,4,11,Champions
15886.0,59.0,4,1052.8700000000001,3,3,3,9,Loyal
17589.0,59.0,18,13837.939999999999,3,4,4,11,Champions
16776.0,59.0,2,592.5099999999998,3,2,2,7,At Risk
17462.0,59.0,2,675.6899999999998,3,2,2,7,At Risk
13517.0,59.0,3,2128.42,3,2,3,8,Loyal
17552.0,59.0,12,2786.77,3,4,4,11,Champions
16136.0,59.0,4,946.8000000000002,3,3,3,9,Loyal
17620.0,59.0,1,81.44,3,2,1,6,At Risk
13666.0,59.0,5,127.90000000000002,3,3,1,7,At Risk
13980.0,59.0,5,768.8199999999999,3,3,2,8,Loyal
13109.0,59.0,3,1134.0300000000002,3,2,3,8,Loyal
16385.0,59.0,5,881.3499999999998,3,3,3,9,Loyal
14529.0,59.0,3,578.6099999999999,3,3,2,8,Loyal
15553.0,59.0,1,428.92999999999995,3,1,2,6,At Risk
15128.0,59.0,5,1783.6800000000005,3,3,3,9,Loyal
14952.0,59.0,32,17629.34999999999,3,4,4,11,Champions
17214.0,59.0,6,1059.1199999999997,3,3,3,9,Loyal
13520.0,58.0,11,6606.0,3,4,4,11,Champions
14761.0,58.0,3,447.91999999999996,3,2,2,7,At Risk
16171.0,58.0,1,73.2,3,1,1,5,Lost
16120.0,58.0,6,2967.5100000000007,3,3,4,10,Champions
14541.0,58.0,14,2491.3800000000015,3,4,4,11,Champions
12602.0,58.0,1,153.12,3,1,1,5,Lost
16203.0,58.0,6,943.8399999999998,3,3,3,9,Loyal
13627.0,58.0,7,2245.9000000000005,3,4,3,10,Champions
12836.0,58.0,15,6559.7299999999905,3,4,4,11,Champions
17489.0,58.0,2,376.63999999999993,3,2,2,7,At Risk
13690.0,58.0,1,172.25,3,1,1,5,Lost
16086.0,58.0,10,2687.7300000000005,3,4,4,11,Champions
18171.0,58.0,9,2437.3100000000004,3,4,4,11,Champions
12633.0,58.0,7,5678.160000000002,3,4,4,11,Champions
15840.0,58.0,2,355.55999999999995,3,2,2,7,At Risk
15421.0,58.0,10,3805.3399999999992,3,4,4,11,Champions
13208.0,58.0,9,1976.2999999999997,3,4,3,10,Champions
15038.0,58.0,9,1146.5300000000013,3,4,3,10,Champions
14642.0,58.0,1,96.12,3,2,1,6,At Risk
15281.0,58.0,16,8543.569999999989,3,4,4,11,Champions
17064.0,58.0,3,855.4500000000003,3,3,2,8,Loyal
16652.0,58.0,16,17550.38999999999,3,4,4,11,Champions
13919.0,58.0,4,1360.6800000000003,3,3,3,9,Loyal
17913.0,58.0,14,3429.290000000001,3,4,4,11,Champions
12679.0,58.0,4,1113.0200000000002,3,3,3,9,Loyal
17190.0,58.0,7,1726.5700000000004,3,3,3,9,Loyal
15199.0,58.0,10,3122.3999999999996,3,4,4,11,Champions
13842.0,58.0,18,5319.3399999999965,3,4,4,11,Champions
17863.0,58.0,12,5360.479999999998,3,4,4,11,Champions
16753.0,57.0,1,223.92000000000004,3,1,1,5,Lost
18277.0,57.0,5,1180.0500000000002,3,3,3,9,Loyal
13487.0,57.0,5,846.8699999999999,3,3,2,8,Loyal
15831.0,57.0,3,794.6399999999994,3,2,2,7,At Risk
13930.0,57.0,2,337.34,3,2,1,6,At Risk
12359.0,57.0,10,8873.389999999998,3,4,4,11,Champions
17509.0,57.0,8,6083.640000000001,3,4,4,11,Champions
14775.0,57.0,3,1011.8999999999999,3,2,3,8,Loyal
12446.0,57.0,1,1002.3099999999998,3,2,3,8,Loyal
12667.0,57.0,1,620.1299999999999,3,1,2,6,At Risk
17279.0,57.0,1,187.83,3,1,1,5,Lost
12876.0,57.0,4,4081.790000000002,3,3,4,10,Champions
14537.0,57.0,2,641.4,3,2,2,7,At Risk
13827.0,57.0,3,409.7999999999997,3,2,2,7,At Risk
13464.0,57.0,6,3097.6399999999994,3,3,4,10,Champions
17169.0,57.0,3,1156.73,3,2,3,8,Loyal
14852.0,57.0,18,6132.429999999996,3,4,4,11,Champions
16770.0,57.0,9,1778.9300000000019,3,4,3,10,Champions
13865.0,57.0,4,501.55999999999995,3,3,2,8,Loyal
16773.0,56.0,3,421.23999999999984,3,2,2,7,At Risk
13853.0,56.0,1,1090.1399999999996,3,1,3,7,At Risk
16793.0,56.0,1,243.83999999999997,3,1,1,5,Lost
14976.0,56.0,7,790.8599999999998,3,4,2,9,Loyal
16413.0,56.0,2,522.0299999999999,3,2,2,7,At Risk
14937.0,56.0,3,1621.8799999999999,3,2,3,8,Loyal
16394.0,56.0,5,1555.3400000000006,3,3,3,9,Loyal
16121.0,56.0,5,1450.0400000000006,3,3,3,9,Loyal
15272.0,56.0,6,2030.9500000000019,3,3,3,9,Loyal
17181.0,56.0,3,309.8499999999999,3,3,1,7,At Risk
13911.0,56.0,20,4234.990000000001,3,4,4,11,Champions
12613.0,56.0,10,6817.370000000007,3,4,4,11,Champions
14624.0,56.0,6,814.07,3,3,2,8,Loyal
18160.0,56.0,3,1003.8800000000001,3,3,3,9,Loyal
18228.0,56.0,2,779.9,3,2,2,7,At Risk
13213.0,56.0,11,3851.519999999999,3,4,4,11,Champions
16224.0,56.0,5,1616.54,3,3,3,9,Loyal
13858.0,56.0,1,216.16999999999996,3,1,1,5,Lost
14975.0,56.0,2,472.39000000000004,3,2,2,7,At Risk
17771.0,56.0,4,387.40999999999997,3,3,2,8,Loyal
16239.0,56.0,6,1492.2,3,3,3,9,Loyal
14567.0,56.0,2,1530.3600000000008,3,2,3,8,Loyal
12631.0,56.0,6,3481.569999999999,3,3,4,10,Champions
17614.0,56.0,1,386.31999999999994,3,1,2,6,At Risk
15367.0,56.0,11,5081.33,3,4,4,11,Champions
16430.0,56.0,7,1117.9399999999998,3,4,3,10,Champions
15620.0,56.0,4,1942.3600000000006,3,3,3,9,Loyal
14089.0,56.0,1,158.75,3,1,1,5,Lost
14421.0,56.0,6,2469.3699999999994,3,3,4,10,Champions
14555.0,56.0,6,2304.0299999999993,3,3,4,10,Champions
16950.0,56.0,10,3541.7700000000013,3,4,4,11,Champions
12454.0,55.0,5,16679.78,3,3,4,10,Champions
13136.0,55.0,13,6274.559999999998,3,4,4,11,Champions
17180.0,55.0,11,2236.7700000000027,3,4,3,10,Champions
17986.0,55.0,1,20.8,3,1,1,5,Lost
16081.0,55.0,8,4278.960000000002,3,4,4,11,Champions
13006.0,55.0,1,81.57,3,2,1,6,At Risk
17892.0,55.0,3,244.09999999999997,3,3,1,7,At Risk
15826.0,55.0,4,2598.2799999999997,3,3,4,10,Champions
15994.0,54.0,3,1175.68,3,2,3,8,Loyal
16934.0,54.0,6,2083.1400000000003,3,3,3,9,Loyal
13034.0,54.0,3,756.82,3,2,2,7,At Risk
16674.0,54.0,2,304.23999999999984,3,2,1,6,At Risk
14780.0,54.0,2,447.68000000000006,3,2,2,7,At Risk
15440.0,54.0,3,383.6799999999999,3,2,2,7,At Risk
16206.0,54.0,13,2589.8700000000013,3,4,4,11,Champions
13878.0,54.0,4,2416.900000000001,3,3,4,10,Champions
12940.0,54.0,2,899.6899999999997,3,2,3,8,Loyal
16052.0,53.0,1,362.06,3,1,2,6,At Risk
18042.0,53.0,2,281.15,3,2,1,6,At Risk
16542.0,53.0,2,257.32000000000005,3,2,1,6,At Risk
13875.0,53.0,14,4814.370000000001,3,4,4,11,Champions
13923.0,53.0,1,351.13000000000005,3,1,2,6,At Risk
13750.0,53.0,11,3602.1800000000003,3,4,4,11,Champions
17520.0,53.0,1,546.81,3,1,2,6,At Risk
14443.0,53.0,5,2082.9700000000003,3,3,3,9,Loyal
17734.0,53.0,6,1442.3200000000002,3,3,3,9,Loyal
16563.0,53.0,6,4412.559999999998,3,3,4,10,Champions
12475.0,53.0,2,1149.64,3,2,3,8,Loyal
17205.0,53.0,3,999.3500000000001,3,3,3,9,Loyal
17527.0,53.0,4,939.3700000000002,3,3,3,9,Loyal
15012.0,53.0,3,646.2600000000003,3,3,2,8,Loyal
16412.0,53.0,5,593.1899999999997,3,3,2,8,Loyal
15335.0,53.0,1,170.21999999999997,3,1,1,5,Lost
17534.0,53.0,5,1668.8299999999995,3,3,3,9,Loyal
15545.0,53.0,2,288.96999999999986,3,2,1,6,At Risk
17201.0,53.0,4,1143.1000000000013,3,3,3,9,Loyal
13760.0,53.0,5,1363.64,3,3,3,9,Loyal
17244.0,52.0,5,1826.0400000000009,3,3,3,9,Loyal
16737.0,52.0,2,835.1999999999999,3,2,2,7,At Risk
14798.0,52.0,8,724.3100000000003,3,4,2,9,Loyal
13594.0,52.0,2,533.3199999999999,3,2,2,7,At Risk
14830.0,52.0,1,188.88000000000005,3,1,1,5,Lost
12463.0,52.0,4,1344.7799999999997,3,3,3,9,Loyal
16932.0,52.0,3,412.54999999999984,3,2,2,7,At Risk
16389.0,52.0,4,1382.0699999999997,3,3,3,9,Loyal
16848.0,52.0,4,1411.6200000000003,3,3,3,9,Loyal
14015.0,52.0,1,917.34,3,2,3,8,Loyal
17612.0,52.0,18,5394.860000000004,3,4,4,11,Champions
15066.0,52.0,1,893.5900000000001,3,2,3,8,Loyal
17785.0,52.0,3,403.38000000000005,3,2,2,7,At Risk
13015.0,52.0,11,6579.78,3,4,4,11,Champions
15678.0,52.0,3,1825.9399999999987,3,3,3,9,Loyal
15598.0,52.0,2,548.0199999999999,3,2,2,7,At Risk
12794.0,52.0,2,860.41,3,2,2,7,At Risk
13265.0,52.0,5,2092.6600000000003,3,3,3,9,Loyal
14211.0,52.0,18,4402.290000000002,3,4,4,11,Champions
17206.0,52.0,1,204.24000000000004,3,1,1,5,Lost
15327.0,52.0,1,208.75000000000003,3,1,1,5,Lost
17679.0,52.0,7,3577.6099999999997,3,4,4,11,Champions
16249.0,52.0,5,1800.0700000000004,3,3,3,9,Loyal
15637.0,52.0,5,797.59,3,3,2,8,Loyal
14841.0,52.0,14,7163.000000000002,3,4,4,11,Champions
15505.0,52.0,5,3610.960000000001,3,3,4,10,Champions
16363.0,52.0,1,109.36,3,1,1,5,Lost
13805.0,51.0,2,924.5999999999999,3,2,3,8,Loyal
13849.0,51.0,5,3469.3000000000006,3,3,4,10,Champions
17934.0,51.0,3,1049.1500000000003,3,2,3,8,Loyal
17262.0,51.0,11,2488.7599999999998,3,4,4,11,Champions
15853.0,51.0,1,110.79999999999998,3,1,1,5,Lost
16940.0,51.0,8,6427.6599999999935,3,4,4,11,Champions
12744.0,51.0,11,25317.059999999998,3,4,4,11,Champions
13032.0,51.0,9,2815.960000000002,3,4,4,11,Champions
13637.0,51.0,3,804.2999999999998,3,2,2,7,At Risk
16123.0,51.0,1,307.78000000000003,3,1,1,5,Lost
12360.0,51.0,8,4252.889999999999,3,4,4,11,Champions
14381.0,51.0,2,625.9399999999996,3,2,2,7,At Risk
17973.0,51.0,1,337.04,3,1,1,5,Lost
15220.0,51.0,6,1778.9599999999994,3,3,3,9,Loyal
16730.0,51.0,3,743.11,3,2,2,7,At Risk
12611.0,51.0,1,1193.3199999999997,3,1,3,7,At Risk
16515.0,51.0,10,3179.060000000001,3,4,4,11,Champions
15140.0,51.0,8,3243.690000000001,3,4,4,11,Champions
16734.0,51.0,3,646.76,3,3,2,8,Loyal
15604.0,51.0,1,216.38999999999996,3,1,1,5,Lost
13491.0,51.0,27,4467.660000000001,3,4,4,11,Champions
17148.0,51.0,1,124.88,3,1,1,5,Lost
16131.0,51.0,12,9957.419999999995,3,4,4,11,Champions
14107.0,51.0,11,4877.299999999996,3,4,4,11,Champions
16621.0,51.0,4,813.4800000000002,3,3,2,8,Loyal
14229.0,51.0,7,2594.04,3,4,4,11,Champions
16470.0,51.0,11,2416.85,3,4,4,11,Champions
14861.0,51.0,10,1380.7299999999998,3,4,3,10,Champions
18019.0,51.0,1,38.449999999999996,3,1,1,5,Lost
12759.0,51.0,8,5020.739999999995,3,4,4,11,Champions
14639.0,51.0,9,4978.959999999996,3,4,4,11,Champions
12863.0,51.0,6,2792.5500000000006,3,3,4,10,Champions
15610.0,51.0,1,112.46,3,1,1,5,Lost
14799.0,50.0,2,338.1499999999999,3,2,1,6,At Risk
18149.0,50.0,7,1553.9599999999996,3,3,3,9,Loyal
16170.0,50.0,20,6869.000000000004,3,4,4,11,Champions
14261.0,50.0,2,1163.4499999999996,3,2,3,8,Loyal
14631.0,50.0,6,2025.690000000001,3,3,3,9,Loyal
17354.0,50.0,4,3133.9600000000023,3,3,4,10,Champions
12370.0,50.0,7,4316.559999999999,3,4,4,11,Champions
15006.0,50.0,2,757.7800000000001,3,2,2,7,At Risk
14495.0,50.0,3,174.8,3,2,1,6,At Risk
14776.0,50.0,15,3708.2999999999956,3,4,4,11,Champions
16826.0,50.0,1,341.7,3,1,1,5,Lost
15296.0,50.0,12,10323.029999999992,3,4,4,11,Champions
17007.0,50.0,7,1120.1000000000001,3,4,3,10,Champions
12596.0,50.0,2,618.2699999999999,3,2,2,7,At Risk
16593.0,50.0,8,1071.1400000000003,3,4,3,10,Champions
15664.0,50.0,4,1254.0300000000002,3,3,3,9,Loyal
15468.0,50.0,3,1430.48,3,2,3,8,Loyal
16260.0,50.0,1,1035.45,3,2,3,8,Loyal
15301.0,50.0,17,6909.669999999996,3,4,4,11,Champions
14273.0,50.0,4,559.9700000000001,3,3,2,8,Loyal
15754.0,50.0,9,3037.6099999999988,3,4,4,11,Champions
18252.0,50.0,7,1533.6899999999998,3,3,3,9,Loyal
14638.0,50.0,1,443.6,3,1,2,6,At Risk
15803.0,50.0,4,1929.66,3,3,3,9,Loyal
13669.0,50.0,3,413.55,3,2,2,7,At Risk
17764.0,50.0,5,1513.57,3,3,3,9,Loyal
14923.0,50.0,1,749.1,3,1,2,6,At Risk
13245.0,50.0,2,989.2199999999999,3,2,3,8,Loyal
14306.0,50.0,6,3151.4000000000005,3,3,4,10,Champions
17824.0,50.0,1,298.4,3,1,1,5,Lost
13897.0,49.0,3,1160.7200000000005,3,2,3,8,Loyal
15129.0,49.0,23,6860.179999999995,3,4,4,11,Champions
13761.0,49.0,6,1952.1699999999996,3,3,3,9,Loyal
14585.0,49.0,5,1143.2699999999998,3,3,3,9,Loyal
16177.0,49.0,8,2247.3099999999995,3,4,3,10,Champions
14967.0,49.0,6,1982.61,3,3,3,9,Loyal
17672.0,49.0,7,5778.629999999997,3,4,4,11,Champions
15469.0,49.0,3,874.25,3,3,3,9,Loyal
13725.0,49.0,8,1980.5600000000004,3,4,3,10,Champions
12403.0,49.0,2,1019.36,3,2,3,8,Loyal
13917.0,49.0,2,272.03999999999996,3,2,1,6,At Risk
16846.0,49.0,3,842.4100000000001,3,2,2,7,At Risk
15565.0,49.0,2,173.16000000000003,3,2,1,6,At Risk
12407.0,49.0,5,1708.1199999999997,3,3,3,9,Loyal
17092.0,49.0,11,5511.410000000002,3,4,4,11,Champions
15121.0,49.0,2,457.7199999999999,3,2,2,7,At Risk
16918.0,49.0,16,3206.539999999999,3,4,4,11,Champions
13573.0,49.0,6,904.52,3,3,3,9,Loyal
14427.0,49.0,4,1263.5199999999995,3,3,3,9,Loyal
13366.0,49.0,1,56.160000000000004,3,1,1,5,Lost
15286.0,49.0,1,240.55,3,1,1,5,Lost
15807.0,49.0,5,1817.52,3,3,3,9,Loyal
17571.0,49.0,5,1630.910000000001,3,3,3,9,Loyal
15587.0,49.0,7,1522.0799999999997,3,3,3,9,Loyal
17420.0,49.0,6,953.5799999999995,3,3,3,9,Loyal
17832.0,49.0,1,155.37000000000003,3,1,1,5,Lost
16099.0,49.0,7,1573.1999999999996,3,3,3,9,Loyal
17125.0,49.0,1,230.49999999999997,3,1,1,5,Lost
12556.0,49.0,2,599.56,3,2,2,7,At Risk
15836.0,49.0,1,137.37,3,1,1,5,Lost
14484.0,49.0,4,1070.9799999999998,3,3,3,9,Loyal
13918.0,49.0,2,1212.8399999999997,3,2,3,8,Loyal
16153.0,49.0,11,5133.489999999998,3,4,4,11,Champions
16497.0,49.0,23,6695.279999999997,3,4,4,11,Champions
13974.0,48.0,2,677.7200000000003,3,2,2,7,At Risk
13157.0,48.0,9,5687.359999999999,3,4,4,11,Champions
15740.0,48.0,1,154.88,3,1,1,5,Lost
15677.0,48.0,3,1305.6299999999999,3,2,3,8,Loyal
17361.0,48.0,5,871.7900000000003,3,3,3,9,Loyal
17940.0,48.0,16,30306.790000000005,3,4,4,11,Champions
14233.0,48.0,7,2904.270000000001,3,4,4,11,Champions
15819.0,48.0,10,3934.790000000001,3,4,4,11,Champions
16768.0,47.0,9,1698.5700000000008,3,4,3,10,Champions
15000.0,47.0,1,490.5199999999999,3,1,2,6,At Risk
14800.0,47.0,17,7191.329999999992,3,4,4,11,Champions
16007.0,47.0,7,3053.059999999997,3,4,4,11,Champions
13598.0,46.0,5,761.9600000000002,3,3,2,8,Loyal
16325.0,46.0,12,3597.4999999999973,3,4,4,11,Champions
17836.0,46.0,1,110.21,3,1,1,5,Lost
16017.0,46.0,5,1545.5800000000006,3,3,3,9,Loyal
16491.0,46.0,2,1533.1600000000003,3,2,3,8,Loyal
12546.0,46.0,2,1161.5000000000005,3,2,3,8,Loyal
15592.0,46.0,1,388.58,3,1,2,6,At Risk
15215.0,46.0,7,2422.4300000000003,3,4,4,11,Champions
15277.0,46.0,2,476.34,3,2,2,7,At Risk
16019.0,46.0,27,17329.16,3,4,4,11,Champions
14312.0,46.0,11,3090.29,3,4,4,11,Champions
14504.0,46.0,4,673.2599999999996,3,3,2,8,Loyal
17111.0,46.0,2,459.58000000000004,3,2,2,7,At Risk
17186.0,46.0,2,144.0,3,2,1,6,At Risk
16686.0,46.0,16,4881.069999999991,3,4,4,11,Champions
14145.0,46.0,7,7600.05,3,4,4,11,Champions
16742.0,46.0,14,2799.87,3,4,4,11,Champions
14019.0,46.0,3,1421.6100000000001,3,2,3,8,Loyal
14764.0,46.0,1,278.3,3,1,1,5,Lost
14731.0,46.0,3,380.0199999999999,3,2,2,7,At Risk
17344.0,45.0,2,457.36,3,2,2,7,At Risk
15806.0,45.0,3,784.5799999999999,3,2,2,7,At Risk
16444.0,45.0,17,3625.879999999998,3,4,4,11,Champions
15844.0,45.0,1,130.74,3,1,1,5,Lost
14474.0,45.0,2,1258.8899999999999,3,2,3,8,Loyal
14139.0,45.0,4,1086.8000000000002,3,3,3,9,Loyal
14997.0,45.0,4,776.6000000000001,3,3,2,8,Loyal
13481.0,45.0,11,3830.840000000004,3,4,4,11,Champions
18240.0,45.0,1,422.58000000000004,3,1,2,6,At Risk
18147.0,45.0,2,179.34,3,2,1,6,At Risk
16023.0,45.0,3,719.8099999999998,3,3,2,8,Loyal
14001.0,45.0,9,4228.850000000001,3,4,4,11,Champions
16728.0,45.0,4,1048.2800000000002,3,3,3,9,Loyal
13652.0,45.0,5,2262.0500000000015,3,3,4,10,Champions
17004.0,45.0,4,2324.359999999999,3,3,4,10,Champions
15345.0,45.0,1,393.53999999999996,3,1,2,6,At Risk
13165.0,45.0,3,1451.1600000000005,3,2,3,8,Loyal
15801.0,45.0,3,1063.95,3,2,3,8,Loyal
15068.0,45.0,4,1174.9000000000008,3,3,3,9,Loyal
17423.0,45.0,3,1118.9500000000005,3,2,3,8,Loyal
15786.0,45.0,5,8501.620000000003,3,3,4,10,Champions
12398.0,45.0,1,1635.6599999999999,3,2,3,8,Loyal
15142.0,45.0,6,2619.92,3,3,4,10,Champions
13176.0,45.0,1,481.49,3,1,2,6,At Risk
17317.0,45.0,3,2600.34,3,3,4,10,Champions
16708.0,45.0,1,656.6299999999999,3,1,2,6,At Risk
17712.0,44.0,1,522.9099999999999,3,1,2,6,At Risk
16208.0,44.0,10,3440.450000000001,3,4,4,11,Champions
12879.0,44.0,3,573.22,3,3,2,8,Loyal
15516.0,44.0,3,62.43,3,3,1,7,At Risk
17917.0,44.0,3,335.0299999999999,3,3,1,7,At Risk
17928.0,44.0,3,341.23999999999995,3,3,1,7,At Risk
15630.0,44.0,3,1481.3999999999992,3,3,3,9,Loyal
16454.0,44.0,4,30.950000000000003,3,3,1,7,At Risk
14341.0,44.0,18,4452.020000000002,3,4,4,11,Champions
15656.0,44.0,4,748.5000000000001,3,3,2,8,Loyal
15158.0,44.0,2,606.02,3,2,2,7,At Risk
16071.0,44.0,4,1076.8,3,3,3,9,Loyal
13601.0,44.0,4,1159.9900000000002,3,3,3,9,Loyal
17024.0,44.0,3,95.85,3,2,1,6,At Risk
16258.0,44.0,15,11942.51999999998,3,4,4,11,Champions
16110.0,44.0,4,1781.5900000000006,3,3,3,9,Loyal
16056.0,44.0,1,650.75,3,1,2,6,At Risk
18079.0,44.0,5,4203.929999999996,3,3,4,10,Champions
12371.0,44.0,5,4067.3799999999987,3,3,4,10,Champions
16225.0,44.0,15,2859.310000000003,3,4,4,11,Champions
16750.0,44.0,5,623.93,3,3,2,8,Loyal
16418.0,44.0,5,1028.7400000000005,3,3,3,9,Loyal
16188.0,44.0,5,1087.66,3,3,3,9,Loyal
14754.0,44.0,6,1547.93,3,3,3,9,Loyal
13182.0,44.0,1,121.18,3,1,1,5,Lost
12812.0,44.0,1,229.64,3,1,1,5,Lost
15240.0,44.0,12,4459.9800000000005,3,4,4,11,Champions
13340.0,44.0,12,22100.559999999998,3,4,4,11,Champions
14315.0,44.0,8,3197.8200000000015,3,4,4,11,Champions
18045.0,44.0,1,178.33999999999997,3,1,1,5,Lost
17470.0,44.0,11,2626.4699999999984,3,4,4,11,Champions
15320.0,43.0,1,267.13,3,1,1,5,Lost
13416.0,43.0,3,940.8000000000001,3,3,3,9,Loyal
18276.0,43.0,6,1656.520000000001,3,3,3,9,Loyal
14752.0,43.0,1,389.64,3,1,2,6,At Risk
12456.0,43.0,3,3181.0399999999977,3,3,4,10,Champions
17175.0,43.0,4,1443.69,3,3,3,9,Loyal
15659.0,43.0,3,532.49,3,2,2,7,At Risk
17878.0,43.0,3,1378.93,3,2,3,8,Loyal
17895.0,43.0,1,95.45000000000002,3,2,1,6,At Risk
18226.0,43.0,26,11878.879999999996,3,4,4,11,Champions
17684.0,43.0,1,239.41,3,1,1,5,Lost
16415.0,43.0,3,696.7599999999999,3,3,2,8,Loyal
14842.0,43.0,4,2824.6900000000005,3,3,4,10,Champions
16345.0,43.0,2,1178.7899999999997,3,2,3,8,Loyal
15821.0,43.0,2,570.9600000000002,3,2,2,7,At Risk
15990.0,43.0,7,1997.7500000000002,3,4,3,10,Champions
15835.0,43.0,4,954.0899999999997,3,3,3,9,Loyal
16232.0,43.0,7,2712.9700000000007,3,4,4,11,Champions
13107.0,43.0,9,5253.069999999998,3,4,4,11,Champions
12448.0,43.0,1,449.45,3,1,2,6,At Risk
17414.0,43.0,6,2249.5200000000004,3,3,4,10,Champions
15791.0,43.0,5,3608.340000000001,3,3,4,10,Champions
14690.0,43.0,4,777.6800000000002,3,3,2,8,Loyal
14598.0,43.0,2,384.0400000000001,3,2,2,7,At Risk
14379.0,43.0,4,1265.1599999999999,3,3,3,9,Loyal
16680.0,42.0,3,821.45,3,2,2,7,At Risk
17669.0,42.0,10,6142.3499999999985,3,4,4,11,Champions
14412.0,42.0,3,1426.1899999999994,3,2,3,8,Loyal
16843.0,42.0,35,19571.43,3,4,4,11,Champions
14716.0,42.0,3,543.2799999999999,3,3,2,8,Loyal
16026.0,42.0,1,236.08999999999995,3,1,1,5,Lost
14498.0,42.0,10,3900.8300000000004,3,4,4,11,Champions
13654.0,42.0,11,6307.999999999996,3,4,4,11,Champions
13538.0,42.0,12,3103.1300000000015,3,4,4,11,Champions
12536.0,42.0,3,12601.829999999998,3,3,4,10,Champions
16847.0,42.0,2,614.8900000000002,3,2,2,7,At Risk
14004.0,42.0,11,6258.4500000000035,3,4,4,11,Champions
16648.0,42.0,3,672.7999999999998,3,3,2,8,Loyal
14218.0,42.0,1,169.47999999999996,3,1,1,5,Lost
13993.0,42.0,19,6775.709999999999,3,4,4,11,Champions
14357.0,42.0,1,225.12000000000006,3,1,1,5,Lost
17545.0,42.0,6,1409.860000000001,3,3,3,9,Loyal
18261.0,42.0,2,324.24,3,2,1,6,At Risk
17459.0,42.0,2,657.3000000000001,3,2,2,7,At Risk
14738.0,42.0,9,1821.9000000000008,3,4,3,10,Champions
15096.0,42.0,1,219.38999999999996,3,1,1,5,Lost
15288.0,42.0,10,3715.3800000000006,3,4,4,11,Champions
12430.0,42.0,1,256.40000000000003,3,1,1,5,Lost
18287.0,42.0,7,4182.99,3,4,4,11,Champions
14239.0,42.0,21,4263.170000000004,3,4,4,11,Champions
16150.0,42.0,10,4002.1700000000005,3,4,4,11,Champions
12432.0,42.0,5,5059.3200000000015,3,3,4,10,Champions
15622.0,42.0,17,7852.609999999994,3,4,4,11,Champions
15014.0,42.0,2,257.66999999999996,3,2,1,6,At Risk
14232.0,42.0,5,2048.07,3,3,3,9,Loyal
14221.0,41.0,17,6517.489999999993,3,4,4,11,Champions
16554.0,41.0,8,2841.720000000001,3,4,4,11,Champions
16102.0,41.0,3,1842.1400000000006,3,2,3,8,Loyal
12895.0,41.0,2,372.8,3,2,2,7,At Risk
12678.0,41.0,21,34281.17999999999,3,4,4,11,Champions
17418.0,41.0,3,670.0599999999998,3,3,2,8,Loyal
13812.0,41.0,3,539.0,3,3,2,8,Loyal
17839.0,41.0,1,318.15,3,1,1,5,Lost
17837.0,41.0,8,1541.230000000001,3,4,3,10,Champions
17272.0,41.0,4,2148.6299999999997,3,3,3,9,Loyal
16235.0,40.0,9,2053.710000000001,3,4,3,10,Champions
14040.0,40.0,35,12523.810000000005,3,4,4,11,Champions
14810.0,40.0,13,2354.0300000000007,3,4,4,11,Champions
15370.0,40.0,8,3739.010000000001,3,4,4,11,Champions
13524.0,40.0,5,680.1800000000001,3,3,2,8,Loyal
14582.0,40.0,1,114.11000000000001,3,1,1,5,Lost
17018.0,40.0,6,2287.7,3,3,4,10,Champions
17255.0,40.0,4,781.7000000000005,3,3,2,8,Loyal
15860.0,40.0,17,2361.3000000000043,3,4,4,11,Champions
13278.0,40.0,4,1435.8499999999995,3,3,3,9,Loyal
14077.0,40.0,6,615.0799999999998,3,3,2,8,Loyal
15865.0,40.0,5,2241.4199999999996,3,3,3,9,Loyal
15059.0,40.0,19,3491.199999999996,3,4,4,11,Champions
14179.0,40.0,2,701.5699999999998,3,2,2,7,At Risk
17609.0,40.0,11,1887.9000000000005,3,4,3,10,Champions
15708.0,40.0,9,3887.1499999999996,3,4,4,11,Champions
13566.0,40.0,5,1688.600000000001,3,3,3,9,Loyal
17372.0,40.0,28,4347.309999999998,3,4,4,11,Champions
16601.0,40.0,3,677.0,3,3,2,8,Loyal
13544.0,39.0,6,790.2000000000006,3,3,2,8,Loyal
15521.0,39.0,16,7098.239999999993,3,4,4,11,Champions
17213.0,39.0,13,4869.400000000001,3,4,4,11,Champions
13186.0,39.0,3,1575.8900000000006,3,2,3,8,Loyal
17447.0,39.0,2,541.5299999999999,3,2,2,7,At Risk
14295.0,39.0,5,2362.91,3,3,4,10,Champions
16049.0,39.0,6,1852.150000000001,3,3,3,9,Loyal
15376.0,39.0,3,1221.5599999999995,3,2,3,8,Loyal
14158.0,39.0,1,507.6599999999999,3,1,2,6,At Risk
15752.0,39.0,9,3924.9100000000067,3,4,4,11,Champions
13813.0,39.0,8,2765.4700000000003,3,4,4,11,Champions
12571.0,39.0,2,519.6099999999999,3,2,2,7,At Risk
13145.0,39.0,7,1128.52,3,4,3,10,Champions
15669.0,39.0,4,684.34,3,3,2,8,Loyal
13617.0,39.0,8,1278.7500000000005,3,4,3,10,Champions
15667.0,39.0,1,301.32,3,1,1,5,Lost
15385.0,39.0,3,942.0800000000003,3,3,3,9,Loyal
15360.0,39.0,1,427.93,3,1,2,6,At Risk
16836.0,39.0,4,782.3699999999999,3,3,2,8,Loyal
12909.0,39.0,8,3103.1900000000005,3,4,4,11,Champions
15478.0,39.0,3,1983.4799999999998,3,2,3,8,Loyal
15748.0,39.0,3,609.81,3,3,2,8,Loyal
13103.0,39.0,3,709.64,3,3,2,8,Loyal
13607.0,39.0,2,1075.81,3,2,3,8,Loyal
18067.0,39.0,1,396.33000000000004,3,1,2,6,At Risk
16190.0,39.0,8,2723.5499999999997,3,4,4,11,Champions
13421.0,39.0,8,4058.75,3,4,4,11,Champions
14808.0,39.0,8,2718.5999999999976,3,4,4,11,Champions
17796.0,39.0,7,1236.3900000000003,3,4,3,10,Champions
17373.0,39.0,7,1167.5,3,4,3,10,Champions
17951.0,39.0,4,1340.5800000000002,3,3,3,9,Loyal
12581.0,39.0,1,197.71,3,1,1,5,Lost
16029.0,38.0,107,117763.62000000014,3,4,4,11,Champions
15018.0,38.0,3,496.2099999999999,3,2,2,7,At Risk
13461.0,38.0,6,4160.000000000001,3,3,4,10,Champions
12552.0,38.0,2,437.82,3,2,2,7,At Risk
16969.0,38.0,3,650.4100000000003,3,3,2,8,Loyal
17396.0,38.0,14,8409.599999999999,3,4,4,11,Champions
16018.0,38.0,4,698.1299999999999,3,3,2,8,Loyal
13726.0,38.0,2,1079.6599999999999,3,2,3,8,Loyal
14995.0,38.0,2,231.98,3,2,1,6,At Risk
14485.0,38.0,1,162.80000000000004,3,1,1,5,Lost
16830.0,38.0,4,1207.4999999999998,3,3,3,9,Loyal
13982.0,38.0,9,3954.290000000002,3,4,4,11,Champions
13292.0,38.0,5,994.5100000000001,3,3,3,9,Loyal
12674.0,38.0,4,1970.6000000000006,3,3,3,9,Loyal
12491.0,38.0,1,460.40000000000003,3,1,2,6,At Risk
13327.0,38.0,20,9134.479999999992,3,4,4,11,Champions
14345.0,38.0,1,108.97999999999999,3,1,1,5,Lost
16825.0,38.0,5,1826.8899999999999,3,3,3,9,Loyal
16127.0,38.0,2,801.3100000000001,3,2,2,7,At Risk
13697.0,38.0,1,151.3,3,1,1,5,Lost
12588.0,38.0,4,958.78,3,3,3,9,Loyal
17733.0,38.0,2,692.1899999999998,3,2,2,7,At Risk
16960.0,38.0,8,1990.8800000000006,3,4,3,10,Champions
18257.0,38.0,12,4600.150000000001,3,4,4,11,Champions
12522.0,38.0,2,192.72,3,2,1,6,At Risk
15329.0,38.0,11,2958.8300000000013,3,4,4,11,Champions
15974.0,38.0,7,3442.1500000000005,3,4,4,11,Champions
14167.0,38.0,8,1274.2900000000004,3,4,3,10,Champions
17166.0,38.0,2,206.34,3,2,1,6,At Risk
16043.0,37.0,8,1856.5900000000001,3,4,3,10,Champions
17719.0,37.0,15,5396.040000000003,3,4,4,11,Champions
15847.0,37.0,5,822.5700000000003,3,3,2,8,Loyal
15065.0,37.0,5,3326.8600000000006,3,3,4,10,Champions
12594.0,37.0,15,5090.110000000005,3,4,4,11,Champions
15830.0,37.0,1,576.0,3,1,2,6,At Risk
17966.0,37.0,10,1963.92,3,4,3,10,Champions
15275.0,37.0,1,615.14,3,1,2,6,At Risk
17696.0,37.0,27,7679.58999999999,3,4,4,11,Champions
12779.0,37.0,14,6474.109999999998,3,4,4,11,Champions
18105.0,37.0,1,113.48000000000002,3,1,1,5,Lost
13477.0,37.0,11,2819.1700000000023,3,4,4,11,Champions
15576.0,37.0,1,921.37,3,2,3,8,Loyal
16308.0,37.0,7,5120.0,3,4,4,11,Champions
16971.0,37.0,1,357.20999999999987,3,1,2,6,At Risk
16884.0,37.0,4,1070.97,3,3,3,9,Loyal
17965.0,37.0,29,7006.649999999985,3,4,4,11,Champions
16747.0,37.0,2,836.0600000000002,3,2,2,7,At Risk
15423.0,37.0,3,266.89,3,3,1,7,At Risk
16014.0,37.0,5,1100.2800000000004,3,3,3,9,Loyal
18270.0,37.0,3,444.54999999999995,3,2,2,7,At Risk
16729.0,37.0,21,7205.3299999999845,3,4,4,11,Champions
14383.0,37.0,3,1247.6899999999998,3,2,3,8,Loyal
12830.0,37.0,6,6814.640000000001,3,3,4,10,Champions
14815.0,36.0,2,778.5000000000001,3,2,2,7,At Risk
17800.0,36.0,9,1187.2100000000003,3,4,3,10,Champions
16841.0,36.0,12,4006.0599999999995,3,4,4,11,Champions
15651.0,36.0,5,1259.06,3,3,3,9,Loyal
13316.0,36.0,10,12940.819999999998,3,4,4,11,Champions
16221.0,36.0,9,2019.9200000000005,3,4,3,10,Champions
13271.0,36.0,1,211.4899999999999,3,1,1,5,Lost
13904.0,36.0,2,332.64,3,2,1,6,At Risk
17999.0,36.0,3,528.4599999999997,3,2,2,7,At Risk
16337.0,36.0,1,151.05,3,1,1,5,Lost
17947.0,36.0,1,176.68,3,1,1,5,Lost
18104.0,36.0,1,754.6400000000001,3,1,2,6,At Risk
16706.0,36.0,3,531.35,3,2,2,7,At Risk
16367.0,36.0,3,1350.4800000000005,3,2,3,8,Loyal
14528.0,36.0,1,364.22,3,1,2,6,At Risk
13728.0,36.0,16,2855.170000000003,3,4,4,11,Champions
17442.0,36.0,15,4620.300000000002,3,4,4,11,Champions
13636.0,36.0,5,949.1199999999998,3,3,3,9,Loyal
17653.0,36.0,4,1207.5600000000002,3,3,3,9,Loyal
17816.0,36.0,6,96.11000000000001,3,3,1,7,At Risk
14098.0,36.0,1,147.35,3,1,1,5,Lost
12808.0,36.0,5,776.6999999999999,3,3,2,8,Loyal
15227.0,36.0,9,2488.4900000000007,3,4,4,11,Champions
18164.0,36.0,1,399.6500000000001,3,1,2,6,At Risk
14974.0,36.0,1,89.94,3,2,1,6,At Risk
15998.0,36.0,16,8274.139999999983,3,4,4,11,Champions
15551.0,36.0,7,1679.810000000001,3,3,3,9,Loyal
17403.0,35.0,2,382.87,3,2,2,7,At Risk
17351.0,35.0,12,1988.23,3,4,3,10,Champions
13168.0,35.0,5,1840.7300000000005,3,3,3,9,Loyal
13721.0,35.0,2,741.54,3,2,2,7,At Risk
14636.0,35.0,2,609.8499999999999,3,2,2,7,At Risk
12576.0,35.0,8,2142.720000000001,3,4,3,10,Champions
17979.0,35.0,4,732.4099999999999,3,3,2,8,Loyal
15612.0,35.0,2,195.15,3,2,1,6,At Risk
15010.0,35.0,1,308.94,3,1,1,5,Lost
18205.0,35.0,2,517.36,3,2,2,7,At Risk
17076.0,35.0,6,1242.75,3,3,3,9,Loyal
16602.0,35.0,2,763.3299999999999,3,2,2,7,At Risk
16409.0,35.0,12,5652.739999999992,3,4,4,11,Champions
12944.0,35.0,2,604.5099999999999,3,2,2,7,At Risk
16914.0,35.0,1,183.76,3,1,1,5,Lost
15809.0,35.0,7,1274.4400000000007,3,4,3,10,Champions
17193.0,35.0,9,2310.04,3,4,4,11,Champions
17634.0,35.0,9,2358.590000000003,3,4,4,11,Champions
14913.0,35.0,8,4073.129999999995,3,4,4,11,Champions
12352.0,35.0,10,2849.840000000002,3,4,4,11,Champions
18035.0,35.0,5,1260.2300000000007,3,3,3,9,Loyal
18022.0,35.0,5,1507.25,3,3,3,9,Loyal
14856.0,35.0,3,1290.5300000000002,3,2,3,8,Loyal
12544.0,35.0,1,372.7,3,1,2,6,At Risk
14150.0,35.0,2,658.64,3,2,2,7,At Risk
15605.0,35.0,9,1741.9499999999998,3,4,3,10,Champions
15722.0,35.0,11,5234.000000000002,3,4,4,11,Champions
13592.0,35.0,4,247.95999999999998,3,3,1,7,At Risk
17078.0,35.0,2,378.20000000000005,3,2,2,7,At Risk
17203.0,35.0,10,5564.089999999996,3,4,4,11,Champions
15252.0,35.0,5,2103.4099999999994,3,3,3,9,Loyal
12397.0,35.0,2,2409.8999999999996,3,2,4,9,Loyal
18081.0,35.0,3,343.45,3,3,2,8,Loyal
13324.0,35.0,18,10513.47,3,4,4,11,Champions
12431.0,35.0,27,10432.219999999992,3,4,4,11,Champions
17930.0,35.0,13,4275.22,3,4,4,11,Champions
12577.0,34.0,8,1617.1000000000001,3,4,3,10,Champions
16555.0,34.0,6,1915.6799999999996,3,3,3,9,Loyal
14592.0,34.0,3,557.9399999999998,3,3,2,8,Loyal
16318.0,34.0,1,328.15,3,1,1,5,Lost
17084.0,34.0,3,5001.21,3,2,4,9,Loyal
12928.0,34.0,12,4304.890000000003,3,4,4,11,Champions
15597.0,34.0,2,563.3700000000001,3,2,2,7,At Risk
14971.0,34.0,3,1097.98,3,2,3,8,Loyal
17274.0,34.0,2,573.2199999999998,3,2,2,7,At Risk
13651.0,34.0,3,226.85000000000002,3,3,1,7,At Risk
13938.0,34.0,1,71.66,3,1,1,5,Lost
16012.0,34.0,5,2978.5899999999992,3,3,4,10,Champions
16887.0,34.0,3,658.1699999999998,3,3,2,8,Loyal
17703.0,34.0,4,1094.84,3,3,3,9,Loyal
15707.0,34.0,4,916.9799999999996,3,3,3,9,Loyal
17233.0,34.0,3,560.8599999999999,3,3,2,8,Loyal
15017.0,33.0,1,125.58000000000004,3,1,1,5,Lost
16445.0,33.0,4,583.1599999999996,3,3,2,8,Loyal
12838.0,33.0,10,2975.91,3,4,4,11,Champions
13532.0,33.0,1,210.30999999999986,3,1,1,5,Lost
15407.0,33.0,4,1046.7400000000005,3,3,3,9,Loyal
13772.0,33.0,8,3100.0200000000004,3,4,4,11,Champions
16676.0,33.0,6,2361.8999999999996,3,3,4,10,Champions
14936.0,33.0,12,12410.809999999961,3,4,4,11,Champions
13527.0,33.0,12,4541.29,3,4,4,11,Champions
16466.0,33.0,15,3767.089999999999,3,4,4,11,Champions
15952.0,33.0,4,781.91,3,3,2,8,Loyal
12645.0,33.0,8,3539.300000000002,3,4,4,11,Champions
16243.0,33.0,2,409.09999999999985,3,2,2,7,At Risk
13365.0,33.0,2,2225.37,3,2,3,8,Loyal
14404.0,33.0,13,2724.1299999999997,3,4,4,11,Champions
16612.0,32.0,9,3245.430000000001,3,4,4,11,Champions
15785.0,32.0,16,5969.929999999995,3,4,4,11,Champions
17082.0,32.0,6,4732.03,3,3,4,10,Champions
13634.0,32.0,16,5033.769999999993,3,4,4,11,Champions
16771.0,32.0,10,3949.6,3,4,4,11,Champions
15839.0,32.0,3,1048.4899999999998,3,2,3,8,Loyal
15522.0,32.0,2,397.98999999999995,3,2,2,7,At Risk
18170.0,32.0,9,2877.9999999999986,3,4,4,11,Champions
13097.0,32.0,28,13324.10000000002,3,4,4,11,Champions
16053.0,32.0,6,3634.8400000000042,3,3,4,10,Champions
15493.0,32.0,9,4121.679999999988,3,4,4,11,Champions
15870.0,32.0,4,857.4599999999996,3,3,2,8,Loyal
14387.0,32.0,3,1727.600000000001,3,3,3,9,Loyal
17107.0,32.0,10,16052.719999999967,3,4,4,11,Champions
17608.0,32.0,4,488.05999999999995,3,3,2,8,Loyal
15696.0,32.0,13,3881.2199999999966,3,4,4,11,Champions
17761.0,32.0,1,712.78,3,1,2,6,At Risk
14080.0,32.0,5,1115.6799999999996,3,3,3,9,Loyal
13155.0,32.0,6,1370.4799999999998,3,3,3,9,Loyal
17430.0,32.0,4,622.5699999999999,3,3,2,8,Loyal
14039.0,32.0,2,267.28000000000003,3,2,1,6,At Risk
16357.0,32.0,4,868.3699999999997,3,3,2,8,Loyal
12638.0,32.0,2,921.4899999999999,3,2,3,8,Loyal
16488.0,32.0,3,498.8,3,2,2,7,At Risk
17164.0,32.0,7,2467.3500000000004,3,4,4,11,Champions
17831.0,32.0,1,35.400000000000006,3,1,1,5,Lost
15513.0,32.0,35,26437.050000000032,3,4,4,11,Champions
13824.0,32.0,12,3314.7599999999998,3,4,4,11,Champions
17623.0,32.0,7,2365.769999999999,3,4,4,11,Champions
15025.0,32.0,2,979.7900000000006,3,2,3,8,Loyal
14174.0,32.0,1,134.46,3,1,1,5,Lost
15618.0,32.0,4,776.8510000000001,3,3,2,8,Loyal
14517.0,32.0,2,330.45,3,2,1,6,At Risk
12408.0,32.0,8,4340.77,3,4,4,11,Champions
16372.0,32.0,5,1290.310000000002,3,3,3,9,Loyal
15719.0,32.0,31,10195.969999999934,3,4,4,11,Champions
13759.0,32.0,2,659.41,3,2,2,7,At Risk
15526.0,32.0,2,148.44,3,2,1,6,At Risk
12484.0,32.0,12,6354.100000000002,3,4,4,11,Champions
13523.0,32.0,6,4534.570000000002,3,3,4,10,Champions
12357.0,32.0,3,18287.660000000014,3,2,4,9,Loyal
15427.0,32.0,3,1430.5400000000009,3,2,3,8,Loyal
13329.0,31.0,8,4808.7699999999995,3,4,4,11,Champions
17043.0,31.0,8,2593.650000000001,3,4,4,11,Champions
18016.0,31.0,7,1954.56,3,4,3,10,Champions
15763.0,31.0,2,1086.9200000000003,3,2,3,8,Loyal
16637.0,31.0,4,1154.4700000000003,3,3,3,9,Loyal
15249.0,31.0,18,9266.000000000005,3,4,4,11,Champions
14360.0,31.0,4,2118.03,3,3,3,9,Loyal
15950.0,31.0,10,7120.910000000008,3,4,4,11,Champions
18036.0,31.0,11,1545.4899999999998,3,4,3,10,Champions
14524.0,31.0,13,2909.860000000001,3,4,4,11,Champions
17289.0,31.0,9,2041.8000000000013,3,4,3,10,Champions
13381.0,31.0,12,8224.369999999999,3,4,4,11,Champions
13047.0,31.0,24,8428.530000000004,3,4,4,11,Champions
16362.0,31.0,6,922.16,3,3,3,9,Loyal
16505.0,31.0,1,777.6,3,2,2,7,At Risk
12832.0,31.0,2,383.03000000000003,3,2,2,7,At Risk
15573.0,31.0,5,1188.4200000000012,3,3,3,9,Loyal
13717.0,31.0,8,1763.3000000000004,3,4,3,10,Champions
12472.0,31.0,19,16249.290000000014,3,4,4,11,Champions
18150.0,31.0,3,566.5799999999999,3,3,2,8,Loyal
15330.0,31.0,2,714.9599999999999,3,2,2,7,At Risk
13710.0,31.0,3,509.52,3,2,2,7,At Risk
17219.0,31.0,2,259.12999999999994,3,2,1,6,At Risk
17886.0,31.0,6,1572.5500000000006,3,3,3,9,Loyal
14700.0,31.0,5,3076.059999999999,3,3,4,10,Champions
14050.0,31.0,2,746.3600000000001,3,2,2,7,At Risk
14623.0,31.0,10,2016.9800000000002,3,4,3,10,Champions
15957.0,31.0,3,921.2499999999999,3,3,3,9,Loyal
16187.0,31.0,15,6911.44,3,4,4,11,Champions
14073.0,31.0,1,151.03999999999996,3,1,1,5,Lost
14929.0,31.0,2,836.6899999999999,3,2,2,7,At Risk
16348.0,31.0,8,1744.4200000000021,3,4,3,10,Champions
17158.0,31.0,5,1979.999999999999,3,3,3,9,Loyal
16732.0,31.0,4,4387.639999999998,3,3,4,10,Champions
12721.0,31.0,8,4013.08,3,4,4,11,Champions
17964.0,31.0,2,463.2099999999999,3,2,2,7,At Risk
16751.0,30.0,1,1764.7199999999998,3,2,3,8,Loyal
15406.0,30.0,4,975.8700000000001,3,3,3,9,Loyal
15103.0,30.0,2,703.36,3,2,2,7,At Risk
14284.0,30.0,3,1299.6499999999994,3,2,3,8,Loyal
13110.0,30.0,12,2957.469999999999,3,4,4,11,Champions
16880.0,30.0,8,1813.2100000000005,3,4,3,10,Champions
14214.0,30.0,5,1004.3799999999997,3,3,3,9,Loyal
16767.0,30.0,15,8056.7599999999975,3,4,4,11,Champions
14676.0,30.0,12,8356.789999999995,3,4,4,11,Champions
18216.0,30.0,1,481.75,3,1,2,6,At Risk
14691.0,30.0,5,2114.329999999999,3,3,3,9,Loyal
16284.0,30.0,3,1018.4799999999998,3,2,3,8,Loyal
17160.0,30.0,17,10209.159999999987,3,4,4,11,Champions
12849.0,30.0,6,3042.4700000000007,3,3,4,10,Champions
17865.0,30.0,46,26312.190000000082,3,4,4,11,Champions
15153.0,30.0,1,329.25000000000006,3,1,1,5,Lost
16618.0,30.0,5,2647.59,3,3,4,10,Champions
13867.0,30.0,3,1005.0900000000001,3,3,3,9,Loyal
16837.0,30.0,11,3170.980000000001,3,4,4,11,Champions
17515.0,30.0,9,1602.510000000002,3,4,3,10,Champions
13029.0,30.0,5,1927.3,3,3,3,9,Loyal
16041.0,30.0,3,3166.4,3,3,4,10,Champions
16639.0,30.0,4,1747.9799999999998,3,3,3,9,Loyal
17637.0,30.0,2,547.0600000000001,3,2,2,7,At Risk
13643.0,30.0,10,2156.7699999999995,3,4,3,10,Champions
12990.0,30.0,7,955.4999999999999,3,3,3,9,Loyal
16863.0,30.0,3,834.2700000000001,3,2,2,7,At Risk
15027.0,30.0,10,3195.6000000000004,3,4,4,11,Champions
13272.0,30.0,2,276.56,3,2,1,6,At Risk
14188.0,30.0,6,2054.36,3,3,3,9,Loyal
17022.0,30.0,2,260.0,3,2,1,6,At Risk
13046.0,30.0,3,949.2500000000001,3,2,3,8,Loyal
12893.0,30.0,1,176.54999999999995,3,1,1,5,Lost
17633.0,30.0,7,2057.3900000000003,3,4,3,10,Champions
13975.0,30.0,12,5256.399999999997,3,4,4,11,Champions
13623.0,30.0,10,2533.0599999999986,3,4,4,11,Champions
13384.0,30.0,11,6680.829999999998,3,4,4,11,Champions
13695.0,30.0,16,2770.7299999999987,3,4,4,11,Champions
16205.0,30.0,7,1820.1100000000029,3,3,3,9,Loyal
15356.0,30.0,13,3239.5699999999993,3,4,4,11,Champions
15043.0,30.0,6,2870.3199999999997,3,3,4,10,Champions
12949.0,30.0,22,15526.700000000017,3,4,4,11,Champions
17313.0,30.0,1,2328.8399999999997,3,1,4,8,Loyal
14108.0,30.0,4,1044.96,3,3,3,9,Loyal
18177.0,30.0,9,2216.3199999999993,3,4,3,10,Champions
13804.0,30.0,9,3161.120000000002,3,4,4,11,Champions
13992.0,29.0,3,219.5,3,3,1,7,At Risk
12541.0,29.0,3,981.1800000000002,3,3,3,9,Loyal
17197.0,29.0,1,1013.0099999999999,3,2,3,8,Loyal
16516.0,29.0,1,101.70000000000002,3,2,1,6,At Risk
15485.0,29.0,7,4810.919999999998,3,4,4,11,Champions
17521.0,29.0,5,1278.0600000000004,3,3,3,9,Loyal
18125.0,29.0,4,1131.7499999999993,3,3,3,9,Loyal
16953.0,29.0,1,20.8,3,1,1,5,Lost
13522.0,29.0,1,125.8,3,1,1,5,Lost
12532.0,29.0,1,349.83,3,1,2,6,At Risk
17038.0,29.0,2,743.1700000000003,3,2,2,7,At Risk
17416.0,29.0,22,17298.450000000008,3,4,4,11,Champions
14968.0,29.0,2,501.2399999999999,3,2,2,7,At Risk
12981.0,29.0,2,372.22,3,2,2,7,At Risk
16218.0,29.0,13,3968.670000000002,3,4,4,11,Champions
17867.0,29.0,15,1582.0500000000006,3,4,3,10,Champions
17791.0,29.0,1,106.1,3,1,1,5,Lost
14944.0,29.0,19,9784.669999999991,3,4,4,11,Champions
18236.0,29.0,12,1795.3500000000004,3,4,3,10,Champions
17537.0,29.0,2,887.6700000000001,3,2,3,8,Loyal
16628.0,29.0,7,2318.1000000000004,3,4,4,11,Champions
13983.0,29.0,21,6753.889999999998,3,4,4,11,Champions
17059.0,29.0,9,4864.56999999999,3,4,4,11,Champions
18274.0,29.0,1,175.92,3,1,1,5,Lost
14240.0,29.0,3,1247.4900000000002,3,2,3,8,Loyal
15450.0,29.0,1,429.84,3,1,2,6,At Risk
16996.0,29.0,9,2123.6099999999997,3,4,3,10,Champions
14921.0,29.0,2,1316.0700000000002,3,2,3,8,Loyal
17011.0,29.0,3,671.7,3,3,2,8,Loyal
12708.0,29.0,18,5117.659999999999,3,4,4,11,Champions
15452.0,29.0,6,1785.1100000000008,3,3,3,9,Loyal
17340.0,29.0,18,19617.949999999986,3,4,4,11,Champions
13209.0,29.0,13,8509.51,3,4,4,11,Champions
16025.0,29.0,1,439.65999999999997,3,1,2,6,At Risk
15114.0,29.0,12,3400.119999999999,3,4,4,11,Champions
16986.0,29.0,11,4888.750000000002,3,4,4,11,Champions
17690.0,29.0,20,6963.799999999998,3,4,4,11,Champions
17702.0,29.0,6,3144.04,3,3,4,10,Champions
12659.0,29.0,1,91.68,3,2,1,6,At Risk
15986.0,29.0,2,354.41999999999996,3,2,2,7,At Risk
16003.0,29.0,10,5613.829999999996,3,4,4,11,Champions
16126.0,28.0,15,14644.599999999999,3,4,4,11,Champions
15463.0,28.0,1,126.14,3,1,1,5,Lost
12844.0,28.0,4,648.6,3,3,2,8,Loyal
17109.0,28.0,8,1291.7100000000007,3,4,3,10,Champions
16912.0,28.0,15,4460.510000000001,3,4,4,11,Champions
16907.0,28.0,9,1470.8900000000021,3,4,3,10,Champions
14035.0,28.0,9,2794.749999999999,3,4,4,11,Champions
12589.0,28.0,8,4695.659999999998,3,4,4,11,Champions
14064.0,28.0,15,3260.2400000000002,3,4,4,11,Champions
15184.0,28.0,4,685.3899999999999,3,3,2,8,Loyal
12473.0,28.0,5,3928.0499999999993,3,3,4,10,Champions
14863.0,28.0,1,266.76,3,1,1,5,Lost
15557.0,28.0,1,468.90999999999997,3,1,2,6,At Risk
18209.0,28.0,1,139.10000000000002,3,1,1,5,Lost
14543.0,28.0,39,14587.869999999994,3,4,4,11,Champions
13148.0,28.0,26,8497.819999999985,3,4,4,11,Champions
12712.0,28.0,21,6723.029999999996,3,4,4,11,Champions
16386.0,28.0,3,1068.1599999999992,3,2,3,8,Loyal
14226.0,28.0,6,2985.1299999999987,3,3,4,10,Champions
13810.0,28.0,3,1499.01,3,3,3,9,Loyal
15111.0,28.0,5,2442.370000000001,3,3,4,10,Champions
17162.0,28.0,10,1715.4599999999994,3,4,3,10,Champions
13727.0,28.0,8,1074.15,3,4,3,10,Champions
16743.0,28.0,14,4212.149999999995,3,4,4,11,Champions
13606.0,28.0,3,276.74999999999994,3,3,1,7,At Risk
18135.0,28.0,10,1249.62,3,4,3,10,Champions
12600.0,28.0,21,4967.420000000002,3,4,4,11,Champions
14829.0,28.0,7,1455.8699999999997,3,3,3,9,Loyal
16791.0,28.0,15,3957.6299999999983,3,4,4,11,Champions
17977.0,28.0,2,1511.4499999999998,3,2,3,8,Loyal
17512.0,28.0,18,5467.82,3,4,4,11,Champions
16903.0,28.0,3,1041.7500000000005,3,2,3,8,Loyal
13817.0,28.0,2,382.98,3,2,2,7,At Risk
18217.0,28.0,4,945.0400000000001,3,3,3,9,Loyal
17901.0,28.0,3,260.0799999999999,3,3,1,7,At Risk
13396.0,28.0,2,1360.9899999999998,3,2,3,8,Loyal
14765.0,28.0,3,254.10999999999996,3,3,1,7,At Risk
13460.0,28.0,2,183.43999999999997,3,2,1,6,At Risk
12538.0,28.0,2,640.4499999999999,3,2,2,7,At Risk
16434.0,28.0,12,2673.6900000000005,3,4,4,11,Champions
12384.0,28.0,2,585.2700000000001,3,2,2,7,At Risk
14466.0,28.0,13,4267.149999999999,3,4,4,11,Champions
15289.0,28.0,5,1593.0900000000001,3,3,3,9,Loyal
12617.0,28.0,1,352.9800000000001,3,1,2,6,At Risk
14662.0,28.0,7,1376.4300000000012,3,3,3,9,Loyal
17932.0,28.0,3,1331.57,3,2,3,8,Loyal
12599.0,28.0,13,2296.72,3,4,4,11,Champions
17015.0,28.0,3,1838.6100000000006,3,3,3,9,Loyal
17295.0,28.0,3,547.0,3,3,2,8,Loyal
14712.0,28.0,4,1328.07,3,3,3,9,Loyal
14789.0,28.0,1,197.64000000000001,3,1,1,5,Lost
15238.0,28.0,3,1071.9899999999998,3,2,3,8,Loyal
14748.0,28.0,10,2681.9000000000015,3,4,4,11,Champions
15355.0,28.0,2,277.05000000000007,3,2,1,6,At Risk
12697.0,28.0,3,957.5900000000001,3,2,3,8,Loyal
17573.0,28.0,3,380.59999999999997,3,2,2,7,At Risk
17054.0,27.0,5,1356.3300000000004,3,3,3,9,Loyal
13732.0,27.0,1,491.85999999999996,3,1,2,6,At Risk
17191.0,27.0,15,4310.339999999997,3,4,4,11,Champions
17069.0,27.0,14,5517.23,3,4,4,11,Champions
12517.0,27.0,5,2481.5999999999995,3,3,4,10,Champions
15608.0,27.0,5,1785.9799999999998,3,3,3,9,Loyal
17052.0,27.0,1,399.0899999999998,3,1,2,6,At Risk
17088.0,27.0,4,1991.0099999999993,3,3,3,9,Loyal
13310.0,27.0,5,1541.2000000000005,3,3,3,9,Loyal
17071.0,27.0,13,3793.710000000004,3,4,4,11,Champions
13557.0,27.0,13,3032.259999999999,3,4,4,11,Champions
13895.0,27.0,6,4008.5199999999995,3,3,4,10,Champions
18014.0,27.0,1,162.22000000000003,3,1,1,5,Lost
12685.0,27.0,6,2863.0799999999995,3,3,4,10,Champions
15492.0,27.0,2,659.4599999999999,3,2,2,7,At Risk
13091.0,27.0,3,2321.82,3,2,4,9,Loyal
16671.0,27.0,3,1692.2700000000002,3,3,3,9,Loyal
16433.0,27.0,2,384.52000000000004,3,2,2,7,At Risk
12480.0,27.0,7,5464.85,3,4,4,11,Champions
16460.0,27.0,3,811.2299999999998,3,2,2,7,At Risk
12691.0,27.0,7,1170.4,3,4,3,10,Champions
16332.0,27.0,11,2000.010000000002,3,4,3,10,Champions
15692.0,27.0,1,191.04000000000002,3,1,1,5,Lost
12726.0,27.0,11,4014.599999999998,3,4,4,11,Champions
17211.0,26.0,13,3773.349999999996,3,4,4,11,Champions
15599.0,26.0,3,1250.0600000000002,3,2,3,8,Loyal
13450.0,26.0,13,4120.04,3,4,4,11,Champions
13984.0,26.0,12,1893.8000000000002,3,4,3,10,Champions
14487.0,26.0,7,1266.270000000001,3,4,3,10,Champions
13170.0,26.0,1,108.81000000000002,3,1,1,5,Lost
14661.0,26.0,1,107.95,3,1,1,5,Lost
16416.0,26.0,9,2957.88,3,4,4,11,Champions
17790.0,26.0,20,2779.410000000001,3,4,4,11,Champions
14044.0,26.0,10,3077.699999999998,3,4,4,11,Champions
17041.0,26.0,6,1655.2,3,3,3,9,Loyal
14882.0,26.0,14,3546.65,3,4,4,11,Champions
13892.0,26.0,6,1267.6499999999999,3,3,3,9,Loyal
17838.0,26.0,13,5604.639999999997,3,4,4,11,Champions
15429.0,26.0,2,397.34999999999985,3,2,2,7,At Risk
16560.0,26.0,8,3048.3799999999974,3,4,4,11,Champions
16571.0,26.0,10,4248.739999999999,3,4,4,11,Champions
13700.0,25.0,13,2596.969999999999,3,4,4,11,Champions
17663.0,25.0,17,5175.829999999998,3,4,4,11,Champions
15365.0,25.0,13,4557.129999999997,3,4,4,11,Champions
12428.0,25.0,9,7956.460000000005,3,4,4,11,Champions
14382.0,25.0,2,1193.6299999999994,3,2,3,8,Loyal
17287.0,25.0,21,3826.859999999997,3,4,4,11,Champions
14494.0,25.0,3,401.4599999999999,3,2,2,7,At Risk
12689.0,25.0,2,1247.6099999999997,3,2,3,8,Loyal
15168.0,25.0,1,106.55999999999999,3,1,1,5,Lost
14227.0,25.0,15,6368.710000000004,3,4,4,11,Champions
17658.0,25.0,2,595.42,3,2,2,7,At Risk
14784.0,25.0,3,449.93,3,2,2,7,At Risk
16930.0,25.0,3,378.88999999999993,3,2,2,7,At Risk
12865.0,25.0,4,3323.4700000000003,3,3,4,10,Champions
17720.0,25.0,10,2666.9100000000003,3,4,4,11,Champions
18082.0,25.0,1,680.8400000000004,3,1,2,6,At Risk
15863.0,25.0,5,355.0999999999998,3,3,2,8,Loyal
18263.0,25.0,3,1213.1599999999999,3,2,3,8,Loyal
12508.0,25.0,2,397.87999999999994,3,2,2,7,At Risk
13603.0,25.0,1,164.34,3,1,1,5,Lost
13451.0,25.0,11,7090.059999999991,3,4,4,11,Champions
13549.0,25.0,8,1005.7999999999997,3,4,3,10,Champions
13146.0,25.0,1,228.91000000000003,3,1,1,5,Lost
18069.0,25.0,11,4464.919999999991,3,4,4,11,Champions
15203.0,25.0,15,4400.180000000003,3,4,4,11,Champions
15787.0,25.0,3,933.2600000000001,3,3,3,9,Loyal
15449.0,25.0,3,974.5200000000003,3,2,3,8,Loyal
12867.0,25.0,13,7829.259999999989,3,4,4,11,Champions
18211.0,25.0,5,600.0699999999999,3,3,2,8,Loyal
12938.0,25.0,1,114.14,3,1,1,5,Lost
15411.0,25.0,4,1348.9300000000005,3,3,3,9,Loyal
16898.0,25.0,5,885.2100000000002,3,3,3,9,Loyal
13178.0,25.0,21,14059.189999999982,3,4,4,11,Champions
16726.0,25.0,7,2063.880000000002,3,4,3,10,Champions
14862.0,25.0,2,841.1999999999998,3,2,2,7,At Risk
14499.0,25.0,7,2101.7900000000022,3,4,3,10,Champions
16720.0,25.0,3,758.7400000000002,3,2,2,7,At Risk
14902.0,25.0,3,1035.6200000000001,3,2,3,8,Loyal
17538.0,25.0,1,98.42,3,2,1,6,At Risk
16303.0,25.0,7,7928.2699999999995,3,4,4,11,Champions
16936.0,25.0,2,548.2899999999995,3,2,2,7,At Risk
14530.0,25.0,16,6088.869999999995,4,4,4,12,Champions
13379.0,25.0,3,572.56,4,3,2,9,Loyal
15291.0,25.0,40,13517.759999999997,4,4,4,12,Champions
18117.0,25.0,1,315.65000000000003,4,1,1,6,At Risk
14684.0,25.0,6,1430.0300000000013,4,3,3,10,Champions
13735.0,24.0,13,9762.770000000006,4,4,4,12,Champions
13236.0,24.0,2,744.85,4,2,2,8,Loyal
13577.0,24.0,11,3489.2800000000057,4,4,4,12,Champions
17793.0,24.0,1,300.3399999999999,4,1,1,6,At Risk
15050.0,24.0,5,4087.1900000000014,4,3,4,11,Champions
13846.0,24.0,4,1307.7900000000002,4,3,3,10,Champions
13692.0,24.0,5,3114.399999999999,4,3,4,11,Champions
17044.0,24.0,12,11962.299999999994,4,4,4,12,Champions
13058.0,24.0,3,271.4,4,3,1,8,Loyal
16341.0,24.0,7,3850.7899999999995,4,4,4,12,Champions
12883.0,24.0,4,703.4700000000001,4,3,2,9,Loyal
17652.0,24.0,12,4867.719999999999,4,4,4,12,Champions
17081.0,24.0,6,949.39,4,3,3,10,Champions
17314.0,24.0,17,4904.429999999998,4,4,4,12,Champions
16504.0,24.0,1,465.88000000000005,4,1,2,7,At Risk
17510.0,24.0,2,514.5600000000001,4,2,2,8,Loyal
16423.0,24.0,1,346.11999999999995,4,1,2,7,At Risk
15419.0,24.0,1,135.85999999999999,4,1,1,6,At Risk
17235.0,24.0,8,1562.9799999999998,4,4,3,11,Champions
15758.0,24.0,1,205.25,4,1,1,6,At Risk
15532.0,24.0,10,3738.849999999994,4,4,4,12,Champions
15582.0,24.0,3,682.91,4,3,2,9,Loyal
16207.0,24.0,1,394.37999999999994,4,1,2,7,At Risk
14725.0,24.0,4,1252.7399999999998,4,3,3,10,Champions
18043.0,24.0,3,529.2899999999995,4,2,2,8,Loyal
15781.0,24.0,3,345.46,4,3,2,9,Loyal
15981.0,24.0,21,9362.770000000004,4,4,4,12,Champions
13455.0,24.0,6,2212.9900000000002,4,3,3,10,Champions
15524.0,24.0,2,591.4,4,2,2,8,Loyal
14953.0,24.0,4,971.3199999999996,4,3,3,10,Champions
14533.0,24.0,11,3466.370000000001,4,4,4,12,Champions
17777.0,24.0,3,647.5599999999998,4,3,2,9,Loyal
12374.0,24.0,4,2989.2200000000003,4,3,4,11,Champions
12642.0,24.0,3,1013.2600000000001,4,2,3,9,Loyal
15660.0,24.0,15,2603.6900000000005,4,4,4,12,Champions
16478.0,24.0,3,331.0,4,3,1,8,Loyal
13632.0,24.0,8,3645.8099999999995,4,4,4,12,Champions
15458.0,24.0,2,370.44,4,2,2,8,Loyal
12676.0,24.0,11,2843.090000000001,4,4,4,12,Champions
13835.0,24.0,7,1095.27,4,4,3,11,Champions
15681.0,24.0,14,2989.7000000000007,4,4,4,12,Champions
14715.0,24.0,8,1825.4500000000007,4,4,3,11,Champions
16519.0,24.0,4,439.05999999999995,4,3,2,9,Loyal
17540.0,24.0,6,1590.6000000000004,4,3,3,10,Champions
15125.0,24.0,24,17024.87,4,4,4,12,Champions
17974.0,24.0,6,1739.0900000000001,4,3,3,10,Champions
18259.0,24.0,7,3941.900000000001,4,4,4,12,Champions
14680.0,24.0,58,55688.5,4,4,4,12,Champions
15058.0,24.0,16,3387.580000000001,4,4,4,12,Champions
16557.0,23.0,2,281.85,4,2,1,7,At Risk
17198.0,23.0,3,692.22,4,3,2,9,Loyal
17357.0,23.0,2,384.38999999999993,4,2,2,8,Loyal
16469.0,23.0,5,803.9000000000002,4,3,2,9,Loyal
15556.0,23.0,1,279.77000000000004,4,1,1,6,At Risk
15269.0,23.0,3,1225.36,4,2,3,9,Loyal
13449.0,23.0,1,291.88,4,1,1,6,At Risk
18123.0,23.0,3,666.6400000000001,4,3,2,9,Loyal
17220.0,23.0,21,4457.310000000001,4,4,4,12,Champions
18246.0,23.0,3,758.8199999999999,4,2,2,8,Loyal
16855.0,23.0,2,328.4,4,2,1,7,At Risk
14544.0,23.0,3,2938.529999999999,4,3,4,11,Champions
16008.0,23.0,15,5339.130000000005,4,4,4,12,Champions
12640.0,23.0,3,1174.5799999999997,4,2,3,9,Loyal
17680.0,23.0,3,497.44999999999993,4,2,2,8,Loyal
15679.0,23.0,4,781.2799999999997,4,3,2,9,Loyal
15584.0,23.0,6,1268.2000000000016,4,3,3,10,Champions
12731.0,23.0,17,25775.710000000036,4,4,4,12,Champions
15900.0,23.0,4,886.5699999999997,4,3,3,10,Champions
15110.0,23.0,6,1505.8500000000006,4,3,3,10,Champions
17153.0,23.0,1,213.78000000000003,4,1,1,6,At Risk
16916.0,23.0,4,902.0200000000002,4,3,3,10,Champions
14714.0,23.0,4,906.24,4,3,3,10,Champions
13614.0,23.0,6,2332.740000000001,4,3,4,11,Champions
14507.0,23.0,11,3216.7400000000016,4,4,4,12,Champions
17564.0,23.0,3,454.0099999999999,4,2,2,8,Loyal
14426.0,23.0,17,11727.939999999995,4,4,4,12,Champions
14626.0,23.0,11,5410.919999999999,4,4,4,12,Champions
14640.0,23.0,10,3649.3599999999997,4,4,4,12,Champions
14057.0,23.0,22,8346.660000000003,4,4,4,12,Champions
13816.0,23.0,2,571.6699999999998,4,2,2,8,Loyal
17377.0,23.0,78,17644.27000000007,4,4,4,12,Champions
16240.0,23.0,2,3718.800000000001,4,2,4,10,Champions
13066.0,23.0,2,470.8,4,2,2,8,Loyal
15955.0,23.0,22,8085.980000000003,4,4,4,12,Champions
12890.0,23.0,2,706.0200000000002,4,2,2,8,Loyal
16669.0,23.0,3,1348.88,4,2,3,9,Loyal
13894.0,23.0,3,564.62,4,3,2,9,Loyal
14286.0,23.0,7,8479.76,4,4,4,12,Champions
12415.0,23.0,28,144458.36999999973,4,4,4,12,Champions
13410.0,23.0,9,2201.96,4,4,3,11,Champions
14666.0,23.0,1,195.25,4,1,1,6,At Risk
12933.0,23.0,8,1636.6300000000012,4,4,3,11,Champions
14522.0,23.0,8,1748.4200000000003,4,4,3,11,Champions
16245.0,23.0,3,1413.6600000000005,4,2,3,9,Loyal
14853.0,23.0,5,1376.8700000000001,4,3,3,10,Champions
18181.0,23.0,5,1188.3400000000001,4,3,3,10,Champions
16717.0,23.0,14,6663.6799999999985,4,4,4,12,Champions
15720.0,23.0,2,739.2200000000003,4,2,2,8,Loyal
17549.0,23.0,2,148.86,4,2,1,7,At Risk
13871.0,22.0,17,7885.8499999999985,4,4,4,12,Champions
13131.0,22.0,7,3313.769999999999,4,4,4,12,Champions
13629.0,22.0,19,13370.859999999999,4,4,4,12,Champions
16298.0,22.0,7,1085.7000000000003,4,4,3,11,Champions
17461.0,22.0,3,735.8199999999994,4,3,2,9,Loyal
14898.0,22.0,14,3365.9500000000016,4,4,4,12,Champions
17896.0,22.0,1,256.32,4,1,1,6,At Risk
17596.0,22.0,13,4491.4599999999955,4,4,4,12,Champions
15657.0,22.0,1,30.0,4,1,1,6,At Risk
13447.0,22.0,3,1129.14,4,2,3,9,Loyal
15967.0,22.0,12,2966.0000000000005,4,4,4,12,Champions
13308.0,22.0,4,1670.3700000000001,4,3,3,10,Champions
16804.0,22.0,3,536.9899999999998,4,3,2,9,Loyal
14112.0,22.0,13,5834.590000000006,4,4,4,12,Champions
18075.0,22.0,20,5783.290000000002,4,4,4,12,Champions
15051.0,22.0,9,3926.910000000003,4,4,4,12,Champions
12567.0,22.0,15,11767.479999999998,4,4,4,12,Champions
16869.0,22.0,4,817.1199999999994,4,3,2,9,Loyal
16638.0,22.0,15,2380.1300000000006,4,4,4,12,Champions
18006.0,22.0,4,969.5099999999999,4,3,3,10,Champions
16204.0,22.0,3,918.7099999999999,4,3,3,10,Champions
12993.0,22.0,8,1259.6299999999999,4,4,3,11,Champions
17828.0,22.0,4,1820.0900000000001,4,3,3,10,Champions
12753.0,22.0,6,21429.389999999996,4,3,4,11,Champions
16999.0,22.0,2,484.82,4,2,2,8,Loyal
12910.0,22.0,13,5796.519999999998,4,4,4,12,Champions
17613.0,22.0,14,4544.550000000001,4,4,4,12,Champions
15506.0,22.0,6,2030.3299999999986,4,3,3,10,Champions
12481.0,22.0,15,12185.509999999987,4,4,4,12,Champions
17368.0,22.0,14,2758.290000000001,4,4,4,12,Champions
16809.0,22.0,9,1727.4299999999992,4,4,3,11,Champions
14948.0,22.0,6,1101.9699999999998,4,3,3,10,Champions
12991.0,22.0,3,764.8199999999999,4,2,2,8,Loyal
18167.0,22.0,3,1384.8600000000001,4,2,3,9,Loyal
13926.0,22.0,1,223.85000000000002,4,1,1,6,At Risk
12610.0,22.0,5,2099.540000000001,4,3,3,10,Champions
15124.0,22.0,4,450.82,4,3,2,9,Loyal
13028.0,22.0,2,661.32,4,2,2,8,Loyal
13939.0,22.0,7,1560.9600000000005,4,3,3,10,Champions
17330.0,22.0,4,423.8,4,3,2,9,Loyal
17147.0,22.0,9,3199.95,4,4,4,12,Champions
17716.0,22.0,24,15956.969999999985,4,4,4,12,Champions
16186.0,22.0,26,8718.429999999993,4,4,4,12,Champions
16085.0,22.0,12,2341.0300000000007,4,4,4,12,Champions
15489.0,22.0,8,2419.61,4,4,4,12,Champions
18059.0,22.0,3,306.46,4,3,1,8,Loyal
12626.0,22.0,9,6620.479999999998,4,4,4,12,Champions
14851.0,22.0,3,829.41,4,2,2,8,Loyal
15529.0,22.0,12,4783.659999999991,4,4,4,12,Champions
17095.0,22.0,7,2572.250000000003,4,4,4,12,Champions
12477.0,22.0,9,20276.370000000003,4,4,4,12,Champions
13575.0,22.0,5,732.0699999999998,4,3,2,9,Loyal
13285.0,22.0,6,3364.5900000000006,4,3,4,11,Champions
12356.0,22.0,6,6371.729999999995,4,3,4,11,Champions
15805.0,22.0,30,10148.929999999993,4,4,4,12,Champions
15432.0,22.0,2,320.76,4,2,1,7,At Risk
13500.0,22.0,4,1466.3000000000002,4,3,3,10,Champions
12500.0,22.0,19,5955.210000000002,4,4,4,12,Champions
14332.0,22.0,5,1917.4100000000005,4,3,3,10,Champions
17159.0,21.0,5,2099.59,4,3,3,10,Champions
13962.0,21.0,3,362.79999999999995,4,3,2,9,Loyal
12931.0,21.0,57,92347.34000000003,4,4,4,12,Champions
13828.0,21.0,1,209.48999999999995,4,1,1,6,At Risk
16531.0,21.0,11,2298.3300000000013,4,4,4,12,Champions
17286.0,21.0,3,389.17999999999967,4,2,2,8,Loyal
17799.0,21.0,20,6246.929999999987,4,4,4,12,Champions
13815.0,21.0,8,7475.740000000004,4,4,4,12,Champions
16414.0,21.0,5,551.2099999999999,4,3,2,9,Loyal
14416.0,21.0,2,490.21999999999997,4,2,2,8,Loyal
14234.0,21.0,4,754.1199999999998,4,3,2,9,Loyal
16656.0,21.0,30,16833.170000000002,4,4,4,12,Champions
12618.0,21.0,1,177.31,4,1,1,6,At Risk
12847.0,21.0,2,1609.0,4,2,3,9,Loyal
15864.0,21.0,7,2180.76,4,4,3,11,Champions
12406.0,21.0,5,6390.359999999996,4,3,4,11,Champions
12539.0,21.0,7,11214.750000000015,4,4,4,12,Champions
14034.0,21.0,3,648.89,4,3,2,9,Loyal
17397.0,21.0,3,1198.2800000000004,4,2,3,9,Loyal
12997.0,21.0,8,2110.91,4,4,3,11,Champions
17163.0,21.0,4,699.78,4,3,2,9,Loyal
13138.0,21.0,7,1274.0100000000002,4,4,3,11,Champions
15267.0,21.0,5,1717.36,4,3,3,10,Champions
14593.0,21.0,12,3665.5300000000047,4,4,4,12,Champions
12647.0,21.0,36,16955.55,4,4,4,12,Champions
13160.0,21.0,1,91.79999999999998,4,2,1,7,At Risk
15435.0,21.0,1,149.29000000000002,4,1,1,6,At Risk
16511.0,21.0,6,1760.4900000000014,4,3,3,10,Champions
14434.0,21.0,6,1372.8,4,3,3,10,Champions
12391.0,21.0,6,2724.839999999995,4,3,4,11,Champions
13941.0,21.0,15,10027.179999999998,4,4,4,12,Champions
12445.0,21.0,2,434.97999999999996,4,2,2,8,Loyal
16134.0,21.0,5,2145.3400000000006,4,3,3,10,Champions
12449.0,21.0,6,4835.890000000001,4,3,4,11,Champions
13171.0,21.0,3,468.4099999999999,4,2,2,8,Loyal
17797.0,21.0,8,1971.8700000000015,4,4,3,11,Champions
13313.0,21.0,12,3445.3200000000033,4,4,4,12,Champions
13117.0,21.0,18,2255.6600000000003,4,4,4,12,Champions
18061.0,21.0,28,6083.8099999999995,4,4,4,12,Champions
12427.0,21.0,3,825.8000000000002,4,2,2,8,Loyal
12603.0,21.0,1,739.1999999999999,4,1,2,7,At Risk
18034.0,21.0,3,754.1999999999996,4,2,2,8,Loyal
15983.0,21.0,8,3110.369999999999,4,4,4,12,Champions
18221.0,21.0,6,1424.9399999999996,4,3,3,10,Champions
16945.0,21.0,33,8548.160000000005,4,4,4,12,Champions
17080.0,21.0,7,957.53,4,3,3,10,Champions
16871.0,21.0,6,2812.34,4,3,4,11,Champions
17985.0,21.0,1,631.35,4,1,2,7,At Risk
14641.0,21.0,1,110.46,4,1,1,6,At Risk
12380.0,21.0,11,9676.300000000001,4,4,4,12,Champions
15530.0,21.0,5,1808.6799999999998,4,3,3,10,Champions
16293.0,21.0,15,4279.199999999998,4,4,4,12,Champions
15563.0,21.0,7,2859.4599999999964,4,4,4,12,Champions
16070.0,21.0,2,852.15,4,2,2,8,Loyal
15287.0,21.0,5,856.0300000000003,4,3,2,9,Loyal
14362.0,21.0,1,151.50000000000003,4,1,1,6,At Risk
17760.0,21.0,6,746.39,4,3,2,9,Loyal
14849.0,21.0,43,15407.609999999988,4,4,4,12,Champions
16009.0,21.0,4,972.11,4,3,3,10,Champions
14508.0,21.0,5,822.9200000000005,4,3,2,9,Loyal
16042.0,21.0,8,2245.32,4,4,3,11,Champions
15081.0,21.0,12,1854.5700000000008,4,4,3,11,Champions
15811.0,21.0,7,3486.1499999999983,4,4,4,12,Champions
13880.0,20.0,17,4293.86,4,4,4,12,Champions
16350.0,20.0,9,2253.890000000001,4,4,4,12,Champions
17888.0,20.0,25,1807.4400000000012,4,4,3,11,Champions
13094.0,20.0,13,2209.44,4,4,3,11,Champions
17779.0,20.0,3,650.3199999999999,4,3,2,9,Loyal
15933.0,20.0,3,1107.4600000000005,4,2,3,9,Loyal
17961.0,20.0,100,2866.7400000000002,4,4,4,12,Champions
15494.0,20.0,5,3702.6000000000013,4,3,4,11,Champions
13960.0,20.0,2,230.22000000000003,4,2,1,7,At Risk
14342.0,20.0,6,918.44,4,3,3,10,Champions
15088.0,20.0,2,1160.0699999999997,4,2,3,9,Loyal
14793.0,20.0,2,625.9000000000001,4,2,2,8,Loyal
17301.0,20.0,2,294.3900000000001,4,2,1,7,At Risk
17063.0,20.0,13,3638.530000000001,4,4,4,12,Champions
16924.0,20.0,3,829.8899999999999,4,2,2,8,Loyal
12578.0,20.0,4,4642.449999999999,4,3,4,11,Champions
14820.0,20.0,9,1274.7600000000002,4,4,3,11,Champions
14285.0,20.0,8,3284.4199999999996,4,4,4,12,Champions
12444.0,20.0,5,5005.46,4,3,4,11,Champions
14903.0,20.0,5,2795.3300000000004,4,3,4,11,Champions
13516.0,20.0,4,1685.2600000000002,4,3,3,10,Champions
17650.0,20.0,1,166.08,4,1,1,6,At Risk
15368.0,20.0,2,722.74,4,2,2,8,Loyal
17621.0,20.0,6,3175.120000000001,4,3,4,11,Champions
16279.0,20.0,9,5698.2800000000025,4,4,4,12,Champions
16463.0,20.0,4,1422.4000000000003,4,3,3,10,Champions
12498.0,20.0,3,403.7,4,2,2,8,Loyal
17904.0,20.0,1,181.06999999999996,4,1,1,6,At Risk
15963.0,19.0,2,470.76000000000005,4,2,2,8,Loyal
17555.0,19.0,5,1045.7399999999998,4,3,3,10,Champions
14116.0,19.0,5,1382.7400000000002,4,3,3,10,Champions
16784.0,19.0,5,892.33,4,3,3,10,Champions
14157.0,19.0,5,978.6899999999997,4,3,3,10,Champions
14525.0,19.0,17,8026.539999999986,4,4,4,12,Champions
14881.0,19.0,1,255.39999999999998,4,1,1,6,At Risk
14664.0,19.0,2,636.24,4,2,2,8,Loyal
14159.0,19.0,20,7860.800000000005,4,4,4,12,Champions
18110.0,19.0,2,392.27999999999986,4,2,2,8,Loyal
14477.0,19.0,7,1969.6,4,4,3,11,Champions
12702.0,19.0,1,219.0,4,1,1,6,At Risk
14052.0,19.0,2,466.6599999999997,4,2,2,8,Loyal
17387.0,19.0,2,746.8099999999997,4,2,2,8,Loyal
14502.0,19.0,11,2429.8299999999995,4,4,4,12,Champions
14595.0,19.0,8,2164.45,4,4,3,11,Champions
13988.0,19.0,8,4757.8,4,4,4,12,Champions
13212.0,19.0,3,786.8300000000004,4,2,2,8,Loyal
15919.0,19.0,2,525.6899999999998,4,2,2,8,Loyal
15465.0,19.0,32,12100.400000000001,4,4,4,12,Champions
12540.0,19.0,33,22254.490000000038,4,4,4,12,Champions
16506.0,19.0,2,90.30000000000001,4,2,1,7,At Risk
16762.0,19.0,3,1207.2400000000002,4,2,3,9,Loyal
12778.0,19.0,9,1775.6800000000012,4,4,3,11,Champions
16464.0,19.0,3,1298.6599999999999,4,2,3,9,Loyal
13118.0,19.0,9,2415.410000000004,4,4,4,12,Champions
15906.0,19.0,10,2530.1899999999996,4,4,4,12,Champions
16212.0,18.0,4,1293.7100000000005,4,3,3,10,Champions
17561.0,18.0,4,703.0200000000003,4,3,2,9,Loyal
13832.0,18.0,2,609.8899999999999,4,2,2,8,Loyal
16399.0,18.0,3,630.2200000000003,4,3,2,9,Loyal
14553.0,18.0,9,1818.6,4,4,3,11,Champions
13189.0,18.0,2,260.68,4,2,1,7,At Risk
16710.0,18.0,22,5921.349999999991,4,4,4,12,Champions
12795.0,18.0,1,430.48,4,1,2,7,At Risk
13142.0,18.0,1,307.09,4,1,1,6,At Risk
16666.0,18.0,2,217.70999999999995,4,2,1,7,At Risk
16411.0,18.0,4,756.3900000000003,4,3,2,9,Loyal
13823.0,18.0,7,3403.4499999999985,4,4,4,12,Champions
16406.0,18.0,3,528.3600000000001,4,2,2,8,Loyal
13167.0,18.0,5,1125.1499999999994,4,3,3,10,Champions
14984.0,18.0,6,1260.5100000000004,4,3,3,10,Champions
15738.0,18.0,41,13043.320000000007,4,4,4,12,Champions
14449.0,18.0,8,2230.960000000001,4,4,3,11,Champions
13673.0,18.0,2,387.44,4,2,2,8,Loyal
13200.0,18.0,4,870.0900000000003,4,3,3,10,Champions
17758.0,18.0,12,4964.030000000001,4,4,4,12,Champions
13427.0,18.0,6,1006.5300000000001,4,3,3,10,Champions
14950.0,18.0,1,371.2,4,1,2,7,At Risk
15850.0,18.0,6,1006.7500000000007,4,3,3,10,Champions
15676.0,18.0,3,3435.759999999998,4,3,4,11,Champions
17384.0,18.0,3,507.54999999999995,4,2,2,8,Loyal
15745.0,18.0,4,1094.59,4,3,3,10,Champions
14883.0,18.0,6,761.5900000000001,4,3,2,9,Loyal
15857.0,18.0,2,570.4799999999999,4,2,2,8,Loyal
17664.0,18.0,4,1166.2300000000002,4,3,3,10,Champions
15426.0,18.0,9,2156.350000000002,4,4,3,11,Champions
13430.0,18.0,2,679.45,4,2,2,8,Loyal
15567.0,18.0,1,186.01,4,1,1,6,At Risk
14359.0,18.0,3,912.1800000000002,4,3,3,10,Champions
17425.0,18.0,2,759.1700000000002,4,2,2,8,Loyal
15671.0,18.0,7,2657.130000000001,4,4,4,12,Champions
18040.0,18.0,2,357.20000000000005,4,2,2,8,Loyal
16366.0,18.0,4,1548.13,4,3,3,10,Champions
12395.0,18.0,15,4721.169999999996,4,4,4,12,Champions
12984.0,18.0,1,97.5,4,2,1,7,At Risk
16713.0,18.0,32,14115.560000000016,4,4,4,12,Champions
14300.0,18.0,1,43.2,4,1,1,6,At Risk
17738.0,18.0,13,4183.560000000002,4,4,4,12,Champions
18080.0,18.0,2,1231.5,4,2,3,9,Loyal
13565.0,18.0,3,414.7999999999998,4,2,2,8,Loyal
18127.0,18.0,4,556.1299999999998,4,3,2,9,Loyal
12462.0,18.0,2,1189.5900000000004,4,2,3,9,Loyal
12658.0,18.0,1,686.05,4,1,2,7,At Risk
15527.0,18.0,23,5554.889999999996,4,4,4,12,Champions
15988.0,18.0,3,738.8900000000002,4,3,2,9,Loyal
14860.0,18.0,1,170.32,4,1,1,6,At Risk
16533.0,18.0,3,1082.81,4,2,3,9,Loyal
15645.0,18.0,3,1055.1699999999996,4,2,3,9,Loyal
14587.0,18.0,9,1580.2900000000004,4,4,3,11,Champions
15044.0,18.0,35,16024.149999999992,4,4,4,12,Champions
16139.0,18.0,5,1111.15,4,3,3,10,Champions
12597.0,18.0,4,3811.2200000000016,4,3,4,11,Champions
12523.0,18.0,23,4352.3499999999985,4,4,4,12,Champions
12349.0,18.0,4,4428.690000000001,4,3,4,11,Champions
13971.0,18.0,14,4667.570000000004,4,4,4,12,Champions
15533.0,18.0,3,807.5699999999997,4,2,2,8,Loyal
17227.0,18.0,12,1878.9300000000007,4,4,3,11,Champions
17636.0,18.0,1,285.56,4,1,1,6,At Risk
14447.0,18.0,6,1711.73,4,3,3,10,Champions
14198.0,17.0,9,1569.7300000000002,4,4,3,11,Champions
14482.0,17.0,12,4306.719999999998,4,4,4,12,Champions
13499.0,17.0,5,1159.1100000000001,4,3,3,10,Champions
17010.0,17.0,1,195.35999999999999,4,1,1,6,At Risk
16365.0,17.0,15,3167.339999999998,4,4,4,12,Champions
15971.0,17.0,18,5902.830000000001,4,4,4,12,Champions
13456.0,17.0,6,1766.72,4,3,3,10,Champions
18139.0,17.0,6,8438.339999999997,4,3,4,11,Champions
13268.0,17.0,11,3174.7499999999986,4,4,4,12,Champions
15106.0,17.0,5,1422.5200000000004,4,3,3,10,Champions
13247.0,17.0,4,501.12000000000006,4,3,2,9,Loyal
15179.0,17.0,13,7491.9200000000055,4,4,4,12,Champions
15132.0,17.0,5,977.9300000000003,4,3,3,10,Champions
16748.0,17.0,14,3637.3300000000036,4,4,4,12,Champions
14297.0,17.0,4,1305.3299999999997,4,3,3,10,Champions
16655.0,17.0,13,6423.260000000001,4,4,4,12,Champions
16128.0,17.0,11,3801.050000000001,4,4,4,12,Champions
16352.0,17.0,2,494.44000000000005,4,2,2,8,Loyal
17073.0,17.0,4,1446.0899999999995,4,3,3,10,Champions
13282.0,17.0,4,1313.1899999999996,4,3,3,10,Champions
17324.0,17.0,12,2171.0699999999997,4,4,3,11,Champions
15105.0,17.0,9,3094.9100000000026,4,4,4,12,Champions
16956.0,17.0,1,308.73999999999995,4,1,1,6,At Risk
15845.0,17.0,11,4426.28,4,4,4,12,Champions
15699.0,17.0,1,309.65,4,1,1,6,At Risk
13862.0,17.0,9,2556.09,4,4,4,12,Champions
13403.0,17.0,3,229.5,4,3,1,8,Loyal
12504.0,17.0,4,779.0500000000001,4,3,2,9,Loyal
15163.0,17.0,2,304.46999999999997,4,2,1,7,At Risk
14551.0,17.0,7,878.0899999999999,4,3,3,10,Champions
16532.0,17.0,5,8756.64,4,3,4,11,Champions
16607.0,17.0,25,5706.869999999997,4,4,4,12,Champions
14424.0,17.0,1,322.08,4,1,1,6,At Risk
17625.0,17.0,8,5978.899999999995,4,4,4,12,Champions
13681.0,17.0,4,827.83,4,3,2,9,Loyal
16369.0,17.0,7,2656.56,4,4,4,12,Champions
16311.0,17.0,2,616.26,4,2,2,8,Loyal
15116.0,17.0,4,1352.7500000000002,4,3,3,10,Champions
13739.0,17.0,2,292.2,4,2,1,7,At Risk
17155.0,17.0,7,892.4600000000003,4,3,3,10,Champions
14467.0,17.0,12,2203.240000000001,4,4,3,11,Champions
15115.0,17.0,2,531.8499999999999,4,2,2,8,Loyal
15093.0,17.0,23,13702.380000000014,4,4,4,12,Champions
12904.0,17.0,2,496.05999999999983,4,2,2,8,Loyal
17432.0,17.0,9,1728.990000000002,4,4,3,11,Champions
17253.0,17.0,1,178.26,4,1,1,6,At Risk
14515.0,17.0,12,3724.0599999999995,4,4,4,12,Champions
17075.0,17.0,10,2236.6300000000015,4,4,3,11,Champions
16107.0,17.0,7,3204.16,4,4,4,12,Champions
13363.0,17.0,3,1723.86,4,3,3,10,Champions
15497.0,17.0,9,8657.38999999999,4,4,4,12,Champions
14657.0,17.0,6,1450.190000000001,4,3,3,10,Champions
14834.0,17.0,7,2206.1600000000003,4,4,3,11,Champions
16330.0,17.0,7,625.3799999999998,4,4,2,10,Champions
17600.0,17.0,1,161.67000000000004,4,1,1,6,At Risk
13246.0,17.0,11,3351.7499999999977,4,4,4,12,Champions
14030.0,17.0,20,7521.79999999998,4,4,4,12,Champions
17100.0,17.0,2,971.7399999999999,4,2,3,9,Loyal
17453.0,17.0,2,486.71999999999997,4,2,2,8,Loyal
13940.0,16.0,4,839.14,4,3,2,9,Loyal
16722.0,16.0,22,8189.559999999997,4,4,4,12,Champions
14020.0,16.0,4,1249.0099999999998,4,3,3,10,Champions
16422.0,16.0,109,61920.870000000046,4,4,4,12,Champions
14205.0,16.0,9,2414.2000000000025,4,4,4,12,Champions
14334.0,16.0,12,4318.480000000001,4,4,4,12,Champions
18249.0,16.0,1,95.34,4,2,1,7,At Risk
16066.0,16.0,5,1521.0400000000002,4,3,3,10,Champions
15965.0,16.0,13,2771.939999999999,4,4,4,12,Champions
14336.0,16.0,4,1614.9100000000008,4,3,3,10,Champions
13502.0,16.0,5,780.5000000000002,4,3,2,9,Loyal
15901.0,16.0,7,687.7199999999996,4,4,2,10,Champions
12586.0,16.0,4,2062.670000000001,4,3,3,10,Champions
14329.0,16.0,15,9887.61999999999,4,4,4,12,Champions
14790.0,16.0,10,2526.62,4,4,4,12,Champions
14768.0,16.0,2,192.60000000000002,4,2,1,7,At Risk
17700.0,16.0,14,6679.969999999994,4,4,4,12,Champions
17659.0,16.0,14,3586.9900000000007,4,4,4,12,Champions
13650.0,16.0,10,3288.0000000000027,4,4,4,12,Champions
16255.0,16.0,15,4529.999999999998,4,4,4,12,Champions
16185.0,16.0,3,644.7200000000001,4,3,2,9,Loyal
12656.0,16.0,8,6407.830000000003,4,4,4,12,Champions
13488.0,16.0,23,14205.959999999985,4,4,4,12,Champions
16020.0,16.0,3,851.0100000000001,4,3,2,9,Loyal
13322.0,16.0,1,199.48000000000002,4,1,1,6,At Risk
12474.0,16.0,31,12372.749999999995,4,4,4,12,Champions
14581.0,16.0,2,409.6500000000001,4,2,2,8,Loyal
12465.0,16.0,2,742.1900000000004,4,2,2,8,Loyal
17685.0,16.0,12,5454.949999999997,4,4,4,12,Champions
12775.0,16.0,7,1686.1200000000008,4,3,3,10,Champions
16164.0,16.0,3,822.48,4,2,2,8,Loyal
16670.0,16.0,20,8030.149999999996,4,4,4,12,Champions
16985.0,16.0,23,10923.159999999985,4,4,4,12,Champions
17519.0,16.0,15,4774.169999999996,4,4,4,12,Champions
12483.0,16.0,19,5097.1799999999985,4,4,4,12,Champions
14505.0,16.0,19,11879.07999999999,4,4,4,12,Champions
16633.0,16.0,6,2883.1,4,3,4,11,Champions
17371.0,16.0,6,655.3700000000003,4,3,2,9,Loyal
16261.0,16.0,6,1041.1600000000003,4,3,3,10,Champions
15949.0,16.0,2,364.71999999999997,4,2,2,8,Loyal
13742.0,16.0,12,3107.8700000000003,4,4,4,12,Champions
14912.0,16.0,6,1889.25,4,3,3,10,Champions
16079.0,16.0,3,1352.0000000000002,4,2,3,9,Loyal
12920.0,16.0,4,486.6400000000001,4,3,2,9,Loyal
15977.0,16.0,2,1054.7299999999998,4,2,3,9,Loyal
17759.0,16.0,5,1261.8800000000006,4,3,3,10,Champions
15814.0,16.0,6,2634.439999999999,4,3,4,11,Champions
13569.0,16.0,4,726.5400000000003,4,3,2,9,Loyal
17297.0,16.0,1,128.18000000000004,4,1,1,6,At Risk
17360.0,16.0,6,1200.510000000001,4,3,3,10,Champions
14049.0,16.0,13,13023.400000000036,4,4,4,12,Champions
15634.0,16.0,2,554.65,4,2,2,8,Loyal
13986.0,16.0,1,320.46000000000004,4,1,1,6,At Risk
13448.0,16.0,13,8745.929999999984,4,4,4,12,Champions
12452.0,16.0,2,430.57000000000005,4,2,2,8,Loyal
16900.0,16.0,3,887.1100000000006,4,3,3,10,Champions
17500.0,16.0,3,1138.0,4,2,3,9,Loyal
13238.0,16.0,6,1006.6299999999993,4,3,3,10,Champions
15727.0,16.0,15,9371.70999999999,4,4,4,12,Champions
15150.0,16.0,13,8977.939999999986,4,4,4,12,Champions
17338.0,16.0,17,11889.329999999985,4,4,4,12,Champions
12936.0,16.0,4,1063.9000000000003,4,3,3,10,Champions
14506.0,16.0,7,2960.2500000000014,4,4,4,12,Champions
14733.0,15.0,15,14335.150000000003,4,4,4,12,Champions
12557.0,15.0,8,18096.14,4,4,4,12,Champions
15398.0,15.0,2,1345.5299999999997,4,2,3,9,Loyal
15632.0,15.0,8,3285.310000000001,4,4,4,12,Champions
15253.0,15.0,8,2055.0900000000006,4,4,3,11,Champions
17133.0,15.0,12,14622.330000000007,4,4,4,12,Champions
12476.0,15.0,23,14083.909999999982,4,4,4,12,Champions
13277.0,15.0,7,523.3,4,4,2,10,Champions
14607.0,15.0,22,23763.13,4,4,4,12,Champions
12388.0,15.0,8,3901.1100000000006,4,4,4,12,Champions
16343.0,15.0,3,614.1199999999999,4,3,2,9,Loyal
18084.0,15.0,3,795.2300000000001,4,2,2,8,Loyal
17463.0,15.0,7,2535.2599999999993,4,4,4,12,Champions
15270.0,15.0,21,8524.859999999995,4,4,4,12,Champions
16653.0,15.0,2,1212.6600000000003,4,2,3,9,Loyal
16482.0,15.0,1,220.62000000000003,4,1,1,6,At Risk
16157.0,15.0,3,656.6900000000002,4,3,2,9,Loyal
17671.0,15.0,5,2009.1599999999999,4,3,3,10,Champions
17809.0,15.0,20,10085.890000000005,4,4,4,12,Champions
14335.0,15.0,2,454.8600000000001,4,2,2,8,Loyal
16660.0,15.0,7,1879.55,4,3,3,10,Champions
14099.0,15.0,20,5750.909999999997,4,4,4,12,Champions
16824.0,15.0,3,686.2399999999999,4,3,2,9,Loyal
13174.0,15.0,12,7995.359999999983,4,4,4,12,Champions
13350.0,15.0,2,979.1200000000001,4,2,3,9,Loyal
14539.0,15.0,2,537.48,4,2,2,8,Loyal
15482.0,15.0,19,14417.36,4,4,4,12,Champions
13831.0,15.0,18,6585.539999999999,4,4,4,12,Champions
16596.0,15.0,4,458.9800000000001,4,3,2,9,Loyal
13018.0,15.0,35,9763.159999999996,4,4,4,12,Champions
16173.0,15.0,6,1418.3199999999995,4,3,3,10,Champions
13638.0,15.0,1,122.64,4,1,1,6,At Risk
12421.0,15.0,6,1098.6,4,3,3,10,Champions
15916.0,15.0,13,3145.239999999998,4,4,4,12,Champions
16057.0,15.0,10,3854.8500000000013,4,4,4,12,Champions
16189.0,15.0,2,215.48,4,2,1,7,At Risk
12494.0,15.0,9,1815.270000000001,4,4,3,11,Champions
15743.0,15.0,4,775.96,4,3,2,9,Loyal
15858.0,15.0,13,3552.409999999992,4,4,4,12,Champions
17469.0,15.0,17,5051.250000000003,4,4,4,12,Champions
17422.0,15.0,11,3594.7600000000016,4,4,4,12,Champions
14675.0,15.0,2,1015.5800000000004,4,2,3,9,Loyal
15005.0,15.0,56,13754.579999999936,4,4,4,12,Champions
13899.0,15.0,2,388.52,4,2,2,8,Loyal
15594.0,15.0,5,1771.7799999999997,4,3,3,10,Champions
17034.0,15.0,5,1276.4199999999998,4,3,3,10,Champions
17228.0,15.0,13,2820.0300000000034,4,4,4,12,Champions
12948.0,15.0,9,2317.4300000000003,4,4,4,12,Champions
13588.0,15.0,9,2478.9499999999985,4,4,4,12,Champions
15393.0,15.0,5,891.3400000000001,4,3,3,10,Champions
17410.0,15.0,5,1214.7199999999998,4,3,3,10,Champions
12757.0,15.0,13,7834.65,4,4,4,12,Champions
14744.0,15.0,14,3660.08,4,4,4,12,Champions
15502.0,15.0,14,13003.869999999999,4,4,4,12,Champions
13644.0,15.0,4,2624.26,4,3,4,11,Champions
12619.0,15.0,10,3781.3800000000006,4,4,4,12,Champions
15034.0,15.0,14,8231.199999999977,4,4,4,12,Champions
17135.0,15.0,10,1722.18,4,4,3,11,Champions
17725.0,15.0,11,3439.0800000000004,4,4,4,12,Champions
17139.0,15.0,25,19566.759999999973,4,4,4,12,Champions
14987.0,15.0,8,1550.6499999999996,4,4,3,11,Champions
13139.0,15.0,8,8202.98,4,4,4,12,Champions
18130.0,14.0,3,1059.3900000000003,4,2,3,9,Loyal
12620.0,14.0,3,1339.4099999999999,4,2,3,9,Loyal
17767.0,14.0,2,413.05,4,2,2,8,Loyal
17458.0,14.0,2,529.58,4,2,2,8,Loyal
13978.0,14.0,2,196.79,4,2,1,7,At Risk
16616.0,14.0,2,500.4200000000001,4,2,2,8,Loyal
12531.0,14.0,2,1933.2,4,2,3,9,Loyal
14756.0,14.0,3,2653.7600000000007,4,3,4,11,Champions
16856.0,14.0,3,358.49,4,3,2,9,Loyal
13525.0,14.0,2,628.78,4,2,2,8,Loyal
13207.0,14.0,4,535.86,4,3,2,9,Loyal
16885.0,14.0,4,684.6000000000003,4,3,2,9,Loyal
15872.0,14.0,4,729.2499999999997,4,3,2,9,Loyal
15428.0,14.0,4,762.7500000000006,4,3,2,9,Loyal
17727.0,14.0,1,1060.25,4,2,3,9,Loyal
14591.0,14.0,4,1320.2100000000005,4,3,3,10,Champions
17624.0,14.0,4,1568.6300000000006,4,3,3,10,Champions
18184.0,14.0,1,49.8,4,1,1,6,At Risk
13579.0,14.0,5,1374.3399999999997,4,3,3,10,Champions
16566.0,14.0,5,614.66,4,3,2,9,Loyal
15725.0,14.0,1,415.2500000000001,4,1,2,7,At Risk
17302.0,14.0,5,1135.6299999999999,4,3,3,10,Champions
13589.0,14.0,6,1120.74,4,3,3,10,Champions
14703.0,14.0,1,318.16999999999996,4,1,1,6,At Risk
17516.0,14.0,6,947.4999999999997,4,3,3,10,Champions
14966.0,14.0,6,1064.2600000000011,4,3,3,10,Champions
17247.0,14.0,1,280.0899999999999,4,1,1,6,At Risk
18161.0,14.0,6,1803.1,4,3,3,10,Champions
17385.0,14.0,1,256.11000000000007,4,1,1,6,At Risk
18188.0,14.0,6,3280.5900000000015,4,3,4,11,Champions
16609.0,14.0,7,5493.460000000006,4,4,4,12,Champions
14805.0,14.0,7,1082.5500000000004,4,4,3,11,Champions
15737.0,14.0,8,1188.12,4,4,3,11,Champions
15117.0,14.0,8,2485.9700000000007,4,4,4,12,Champions
15793.0,14.0,8,2399.5699999999997,4,4,4,12,Champions
14277.0,14.0,9,17197.610000000008,4,4,4,12,Champions
12937.0,14.0,9,3097.609999999999,4,4,4,12,Champions
17348.0,14.0,9,2442.289999999999,4,4,4,12,Champions
17345.0,14.0,10,1586.630000000001,4,4,3,11,Champions
15134.0,14.0,10,1596.2900000000002,4,4,3,11,Champions
13184.0,14.0,10,1668.9500000000014,4,4,3,11,Champions
17096.0,14.0,11,3697.93,4,4,4,12,Champions
13719.0,14.0,11,2783.080000000001,4,4,4,12,Champions
17323.0,14.0,12,1551.04,4,4,3,11,Champions
15382.0,14.0,12,13733.549999999972,4,4,4,12,Champions
16668.0,14.0,13,862.4200000000004,4,4,2,10,Champions
12705.0,14.0,14,11762.099999999984,4,4,4,12,Champions
16719.0,14.0,14,3513.619999999997,4,4,4,12,Champions
13995.0,14.0,14,3902.01,4,4,4,12,Champions
15953.0,14.0,18,3440.3399999999997,4,4,4,12,Champions
16570.0,14.0,20,7434.310000000003,4,4,4,12,Champions
17975.0,14.0,24,6696.329999999992,4,4,4,12,Champions
14709.0,14.0,25,8886.330000000002,4,4,4,12,Champions
12709.0,14.0,34,30291.76000000004,4,4,4,12,Champions
13050.0,14.0,35,11986.519999999982,4,4,4,12,Champions
12681.0,14.0,45,29834.760000000002,4,4,4,12,Champions
18172.0,14.0,52,17467.23999999999,4,4,4,12,Champions
15186.0,13.0,5,1403.2,4,3,3,10,Champions
16327.0,13.0,16,10159.639999999998,4,4,4,12,Champions
13332.0,13.0,1,350.90000000000003,4,1,2,7,At Risk
13048.0,13.0,9,4049.1300000000006,4,4,4,12,Champions
17329.0,13.0,5,998.5300000000003,4,3,3,10,Champions
13437.0,13.0,7,3408.0599999999995,4,4,4,12,Champions
17562.0,13.0,7,1122.3799999999997,4,4,3,11,Champions
12438.0,13.0,2,2906.8499999999995,4,2,4,10,Champions
17557.0,13.0,4,575.4600000000002,4,3,2,9,Loyal
17813.0,13.0,5,1698.0700000000015,4,3,3,10,Champions
14111.0,13.0,4,692.85,4,3,2,9,Loyal
15473.0,13.0,8,2046.0,4,4,3,11,Champions
14710.0,13.0,13,1899.7900000000034,4,4,3,11,Champions
16814.0,13.0,36,11924.850000000002,4,4,4,12,Champions
14946.0,13.0,1,100.9,4,2,1,7,At Risk
13149.0,13.0,4,1676.0599999999997,4,3,3,10,Champions
15747.0,12.0,9,2499.8099999999995,4,4,4,12,Champions
17769.0,12.0,17,7053.3799999999965,4,4,4,12,Champions
18156.0,12.0,2,675.6400000000003,4,2,2,8,Loyal
14878.0,12.0,25,4076.4999999999986,4,4,4,12,Champions
13064.0,12.0,6,1666.8400000000006,4,3,3,10,Champions
13232.0,12.0,7,1328.3500000000015,4,4,3,11,Champions
13571.0,12.0,26,4537.259999999992,4,4,4,12,Champions
16983.0,12.0,11,3490.5300000000034,4,4,4,12,Champions
14577.0,12.0,7,1364.1500000000005,4,4,3,11,Champions
14859.0,12.0,5,1705.6399999999994,4,3,3,10,Champions
17365.0,12.0,15,8184.489999999981,4,4,4,12,Champions
16407.0,12.0,14,2761.6500000000005,4,4,4,12,Champions
17864.0,12.0,5,876.5699999999993,4,3,3,10,Champions
16942.0,12.0,9,1904.9900000000011,4,4,3,11,Champions
17236.0,12.0,12,1929.2600000000004,4,4,3,11,Champions
18145.0,12.0,11,5609.739999999994,4,4,4,12,Champions
17812.0,12.0,7,911.9900000000008,4,3,3,10,Champions
13782.0,12.0,13,1786.080000000002,4,4,3,11,Champions
17231.0,11.0,25,7064.799999999972,4,4,4,12,Champions
17411.0,11.0,5,1425.38,4,3,3,10,Champions
13991.0,11.0,6,852.88,4,3,2,9,Loyal
17068.0,11.0,47,8987.679999999997,4,4,4,12,Champions
16923.0,11.0,32,13157.129999999983,4,4,4,12,Champions
16024.0,11.0,3,483.9900000000004,4,2,2,8,Loyal
15514.0,11.0,18,6392.059999999997,4,4,4,12,Champions
16877.0,11.0,6,846.6199999999998,4,3,2,9,Loyal
13258.0,11.0,5,1009.43,4,3,3,10,Champions
13115.0,11.0,10,5494.699999999994,4,4,4,12,Champions
13004.0,11.0,36,11650.849999999982,4,4,4,12,Champions
15561.0,11.0,8,1934.3899999999999,4,4,3,11,Champions
16005.0,11.0,10,2365.4899999999993,4,4,4,12,Champions
17031.0,11.0,6,2773.850000000001,4,3,4,11,Champions
15351.0,11.0,10,3430.2200000000003,4,4,4,12,Champions
16094.0,11.0,11,3695.56,4,4,4,12,Champions
14741.0,11.0,7,1713.0900000000006,4,3,3,10,Champions
12668.0,11.0,10,11383.029999999993,4,4,4,12,Champions
15009.0,11.0,3,1259.43,4,2,3,9,Loyal
18229.0,11.0,28,10150.509999999998,4,4,4,12,Champions
13081.0,11.0,28,56838.37000000008,4,4,4,12,Champions
17885.0,11.0,1,156.34000000000003,4,1,1,6,At Risk
13914.0,11.0,2,626.45,4,2,2,8,Loyal
15861.0,11.0,12,4369.200000000003,4,4,4,12,Champions
17739.0,11.0,18,7730.589999999996,4,4,4,12,Champions
15555.0,11.0,36,11243.910000000067,4,4,4,12,Champions
14093.0,11.0,1,433.8600000000001,4,1,2,7,At Risk
15022.0,11.0,5,1133.4399999999998,4,3,3,10,Champions
15054.0,11.0,2,302.09999999999997,4,2,1,7,At Risk
17595.0,11.0,2,386.68999999999994,4,2,2,8,Loyal
17924.0,11.0,8,3257.700000000001,4,4,4,12,Champions
14470.0,11.0,3,712.0400000000001,4,3,2,9,Loyal
15987.0,11.0,8,1535.9900000000007,4,4,3,11,Champions
18041.0,11.0,38,8018.769999999974,4,4,4,12,Champions
15436.0,11.0,3,1067.7500000000005,4,2,3,9,Loyal
12906.0,11.0,5,2919.809999999999,4,3,4,11,Champions
13758.0,11.0,15,8698.129999999996,4,4,4,12,Champions
17852.0,11.0,5,657.8100000000002,4,3,2,9,Loyal
13610.0,11.0,14,2103.7100000000055,4,4,3,11,Champions
17988.0,11.0,14,489.5399999999997,4,4,2,10,Champions
15714.0,11.0,5,783.9600000000002,4,3,2,9,Loyal
13546.0,11.0,5,1086.2400000000007,4,3,3,10,Champions
15571.0,11.0,14,3892.3499999999976,4,4,4,12,Champions
17651.0,11.0,16,5703.520000000007,4,4,4,12,Champions
13418.0,11.0,31,11559.660000000003,4,4,4,12,Champions
15511.0,11.0,5,900.5300000000002,4,3,3,10,Champions
16364.0,11.0,2,705.79,4,2,2,8,Loyal
15721.0,11.0,1,471.4,4,1,2,7,At Risk
14215.0,11.0,9,3250.3299999999995,4,4,4,12,Champions
14954.0,11.0,2,462.1199999999997,4,2,2,8,Loyal
17299.0,11.0,6,993.23,4,3,3,10,Champions
18112.0,11.0,4,773.36,4,3,2,9,Loyal
18001.0,11.0,6,924.1400000000006,4,3,3,10,Champions
18096.0,11.0,6,1657.8700000000026,4,3,3,10,Champions
12479.0,10.0,1,527.1999999999999,4,1,2,7,At Risk
13137.0,10.0,16,7586.939999999968,4,4,4,12,Champions
17806.0,10.0,1,546.0400000000001,4,1,2,7,At Risk
14209.0,10.0,15,4993.269999999997,4,4,4,12,Champions
13883.0,10.0,15,6560.019999999999,4,4,4,12,Champions
15838.0,10.0,34,73205.49999999994,4,4,4,12,Champions
12657.0,10.0,4,1643.18,4,3,3,10,Champions
12375.0,10.0,2,457.5000000000001,4,2,2,8,Loyal
17711.0,10.0,2,385.09999999999997,4,2,2,8,Loyal
15218.0,10.0,22,11468.829999999998,4,4,4,12,Champions
14125.0,10.0,3,2720.630000000002,4,3,4,11,Champions
16800.0,10.0,1,1162.6500000000008,4,1,3,8,Loyal
13030.0,10.0,2,752.4399999999999,4,2,2,8,Loyal
16818.0,10.0,11,3349.57,4,4,4,12,Champions
12727.0,10.0,10,5679.53,4,4,4,12,Champions
13496.0,10.0,2,653.3299999999999,4,2,2,8,Loyal
14290.0,10.0,8,4516.5599999999995,4,4,4,12,Champions
17019.0,10.0,11,3602.290000000002,4,4,4,12,Champions
14961.0,10.0,22,16410.149999999987,4,4,4,12,Champions
16347.0,10.0,11,3442.959999999999,4,4,4,12,Champions
13266.0,10.0,19,6135.039999999999,4,4,4,12,Champions
14704.0,10.0,11,1752.9200000000017,4,4,3,11,Champions
16168.0,10.0,66,10360.669999999993,4,4,4,12,Champions
12451.0,10.0,8,12669.87999999999,4,4,4,12,Champions
17772.0,10.0,3,360.7499999999998,4,3,2,9,Loyal
14408.0,10.0,11,4102.2699999999995,4,4,4,12,Champions
14866.0,10.0,19,20746.54,4,4,4,12,Champions
14901.0,10.0,12,1919.0000000000005,4,4,3,11,Champions
16744.0,10.0,7,1291.909999999999,4,4,3,11,Champions
14419.0,10.0,7,1254.6399999999992,4,4,3,11,Champions
12627.0,10.0,7,4478.530000000001,4,4,4,12,Champions
13196.0,10.0,7,3068.8400000000006,4,4,4,12,Champions
18118.0,10.0,29,6221.019999999968,4,4,4,12,Champions
13389.0,10.0,3,797.9600000000002,4,2,2,8,Loyal
13590.0,10.0,18,6336.04,4,4,4,12,Champions
14601.0,10.0,1,213.96,4,1,1,6,At Risk
14667.0,10.0,54,20395.340000000022,4,4,4,12,Champions
14321.0,10.0,7,2218.0600000000004,4,4,3,11,Champions
13928.0,10.0,4,464.57,4,3,2,9,Loyal
17359.0,10.0,2,284.46000000000004,4,2,1,7,At Risk
17655.0,10.0,9,2976.3800000000024,4,4,4,12,Champions
12660.0,10.0,1,245.10000000000002,4,1,1,6,At Risk
15601.0,10.0,30,14191.74000000002,4,4,4,12,Champions
15783.0,10.0,1,246.3,4,1,1,6,At Risk
13349.0,10.0,1,247.32000000000002,4,1,1,6,At Risk
17419.0,10.0,18,6126.250000000001,4,4,4,12,Champions
14173.0,10.0,6,586.0000000000001,4,3,2,9,Loyal
15197.0,10.0,6,1877.5100000000002,4,3,3,10,Champions
17929.0,10.0,12,3082.1,4,4,4,12,Champions
17188.0,10.0,13,4592.93,4,4,4,12,Champions
17523.0,10.0,4,652.74,4,3,2,9,Loyal
14452.0,10.0,4,658.9499999999997,4,3,2,9,Loyal
16992.0,10.0,13,5476.499999999999,4,4,4,12,Champions
15148.0,10.0,1,301.28999999999996,4,1,1,6,At Risk
13950.0,10.0,4,745.06,4,3,2,9,Loyal
15619.0,10.0,1,336.40000000000003,4,1,1,6,At Risk
13014.0,10.0,11,5381.080000000003,4,4,4,12,Champions
17306.0,10.0,21,9782.350000000002,4,4,4,12,Champions
17237.0,10.0,4,994.1300000000002,4,3,3,10,Champions
14597.0,10.0,6,2184.63,4,3,3,10,Champions
15540.0,10.0,2,460.68000000000006,4,2,2,8,Loyal
13467.0,10.0,2,1071.9100000000005,4,2,3,9,Loyal
13429.0,10.0,4,1006.8000000000001,4,3,3,10,Champions
13844.0,10.0,1,361.61999999999995,4,1,2,7,At Risk
13657.0,10.0,2,382.14,4,2,2,8,Loyal
14511.0,10.0,5,1314.81,4,3,3,10,Champions
17379.0,10.0,1,389.72,4,1,2,7,At Risk
13188.0,10.0,1,114.60000000000001,4,1,1,6,At Risk
18101.0,10.0,5,622.01,4,3,2,9,Loyal
12654.0,10.0,5,601.98,4,3,2,9,Loyal
14480.0,10.0,4,1299.5200000000002,4,3,3,10,Champions
14180.0,10.0,33,6117.499999999992,4,4,4,12,Champions
14701.0,10.0,15,4487.109999999993,4,4,4,12,Champions
14550.0,10.0,4,1345.0600000000004,4,3,3,10,Champions
16115.0,9.0,12,2553.799999999998,4,4,4,12,Champions
14554.0,9.0,4,2279.489999999999,4,3,4,11,Champions
17101.0,9.0,7,2507.05,4,4,4,12,Champions
15206.0,9.0,4,420.29999999999995,4,3,2,9,Loyal
12598.0,9.0,11,4534.089999999999,4,4,4,12,Champions
15790.0,9.0,1,218.74999999999994,4,1,1,6,At Risk
12488.0,9.0,3,1298.6599999999999,4,2,3,9,Loyal
18058.0,9.0,3,774.0600000000002,4,2,2,8,Loyal
16852.0,9.0,2,144.91,4,2,1,7,At Risk
14156.0,9.0,156,313437.62000000046,4,4,4,12,Champions
14540.0,9.0,11,3709.6400000000017,4,4,4,12,Champions
15039.0,9.0,93,39141.48000000017,4,4,4,12,Champions
15903.0,9.0,12,8939.840000000002,4,4,4,12,Champions
15024.0,9.0,16,3559.3899999999976,4,4,4,12,Champions
15414.0,9.0,3,774.8999999999999,4,2,2,8,Loyal
16782.0,9.0,38,9636.119999999972,4,4,4,12,Champions
14963.0,9.0,12,3123.5699999999997,4,4,4,12,Champions
15152.0,9.0,14,5263.829999999999,4,4,4,12,Champions
16775.0,9.0,16,2820.8399999999974,4,4,4,12,Champions
13428.0,9.0,3,478.5399999999998,4,2,2,8,Loyal
15782.0,9.0,4,4014.1,4,3,4,11,Champions
13068.0,9.0,2,344.0,4,2,2,8,Loyal
15615.0,9.0,47,21373.969999999943,4,4,4,12,Champions
17466.0,9.0,2,763.2800000000002,4,2,2,8,Loyal
12798.0,9.0,4,8510.93,4,3,4,11,Champions
14785.0,9.0,2,77.4,4,2,1,7,At Risk
13147.0,9.0,4,712.8000000000001,4,3,2,9,Loyal
12787.0,9.0,4,862.18,4,3,2,9,Loyal
12957.0,9.0,13,8706.969999999994,4,4,4,12,Champions
16657.0,9.0,4,874.4299999999996,4,3,3,10,Champions
18241.0,9.0,21,2986.9900000000002,4,4,4,12,Champions
14088.0,9.0,16,64036.80000000004,4,4,4,12,Champions
16361.0,9.0,4,891.21,4,3,3,10,Champions
13211.0,9.0,10,2618.770000000001,4,4,4,12,Champions
15089.0,9.0,6,2420.8400000000024,4,3,4,11,Champions
14755.0,9.0,25,9972.549999999992,4,4,4,12,Champions
14836.0,9.0,3,102.44999999999999,4,2,1,7,At Risk
13203.0,9.0,10,2648.2500000000014,4,4,4,12,Champions
14432.0,9.0,6,2248.4999999999977,4,3,3,10,Champions
13784.0,9.0,14,2910.2299999999996,4,4,4,12,Champions
12966.0,9.0,1,160.18,4,1,1,6,At Risk
14824.0,9.0,10,4022.9099999999985,4,4,4,12,Champions
17468.0,9.0,3,194.8,4,2,1,7,At Risk
14893.0,9.0,3,1809.6100000000006,4,3,3,10,Champions
15394.0,9.0,11,5286.800000000005,4,4,4,12,Champions
14390.0,9.0,13,6150.030000000004,4,4,4,12,Champions
15297.0,9.0,3,641.9400000000002,4,3,2,9,Loyal
15755.0,9.0,17,5993.119999999988,4,4,4,12,Champions
15611.0,9.0,26,2997.2799999999997,4,4,4,12,Champions
16295.0,9.0,4,1328.5500000000004,4,3,3,10,Champions
14062.0,9.0,24,25585.649999999987,4,4,4,12,Champions
15239.0,9.0,2,780.59,4,2,2,8,Loyal
12630.0,9.0,2,1270.88,4,2,3,9,Loyal
12953.0,9.0,2,828.8099999999998,4,2,2,8,Loyal
13576.0,9.0,28,11202.590000000006,4,4,4,12,Champions
16549.0,9.0,34,12781.800000000012,4,4,4,12,Champions
14349.0,9.0,1,133.50000000000003,4,1,1,6,At Risk
15073.0,9.0,8,2788.0199999999995,4,4,4,12,Champions
12464.0,9.0,8,1212.05,4,4,3,11,Champions
13658.0,9.0,9,6025.5000000000055,4,4,4,12,Champions
17682.0,9.0,11,4065.2799999999993,4,4,4,12,Champions
14005.0,9.0,5,2874.7200000000003,4,3,4,11,Champions
13647.0,9.0,8,3041.6800000000017,4,4,4,12,Champions
13198.0,9.0,8,4974.229999999995,4,4,4,12,Champions
14711.0,9.0,11,2839.6199999999976,4,4,4,12,Champions
16062.0,9.0,8,2863.4499999999985,4,4,4,12,Champions
14723.0,9.0,11,1803.060000000004,4,4,3,11,Champions
15113.0,9.0,3,3509.4300000000003,4,3,4,11,Champions
14388.0,9.0,16,6388.200000000007,4,4,4,12,Champions
12670.0,9.0,7,3760.2900000000004,4,4,4,12,Champions
16479.0,9.0,2,300.8299999999999,4,2,1,7,At Risk
13999.0,9.0,29,9502.25999999999,4,4,4,12,Champions
16241.0,9.0,16,3992.8599999999965,4,4,4,12,Champions
17381.0,8.0,38,36398.64999999998,4,4,4,12,Champions
12951.0,8.0,15,3213.719999999999,4,4,4,12,Champions
17502.0,8.0,4,689.0999999999999,4,3,2,9,Loyal
12901.0,8.0,28,17654.539999999997,4,4,4,12,Champions
15680.0,8.0,10,4028.6899999999982,4,4,4,12,Champions
14289.0,8.0,6,911.2599999999998,4,3,3,10,Champions
12524.0,8.0,17,11126.109999999993,4,4,4,12,Champions
13255.0,8.0,3,678.76,4,3,2,9,Loyal
16700.0,8.0,25,8830.769999999997,4,4,4,12,Champions
12429.0,8.0,8,6204.409999999997,4,4,4,12,Champions
15172.0,8.0,5,1624.0499999999997,4,3,3,10,Champions
18158.0,8.0,2,453.4000000000001,4,2,2,8,Loyal
14243.0,8.0,17,7217.750000000002,4,4,4,12,Champions
13362.0,8.0,7,5394.070000000001,4,4,4,12,Champions
14258.0,8.0,25,32051.340000000015,4,4,4,12,Champions
15046.0,8.0,25,7623.789999999999,4,4,4,12,Champions
15951.0,8.0,3,1013.1699999999998,4,2,3,9,Loyal
13040.0,8.0,2,676.99,4,2,2,8,Loyal
15101.0,8.0,6,1477.9400000000003,4,3,3,10,Champions
16496.0,8.0,6,2330.7699999999995,4,3,4,11,Champions
13012.0,8.0,11,2957.83,4,4,4,12,Champions
17737.0,8.0,2,168.24,4,2,1,7,At Risk
16839.0,8.0,44,21758.24999999998,4,4,4,12,Champions
12921.0,8.0,74,35233.24000000005,4,4,4,12,Champions
14804.0,8.0,1,353.27,4,1,2,7,At Risk
18230.0,8.0,9,4291.059999999998,4,4,4,12,Champions
16376.0,8.0,2,974.9600000000005,4,2,3,9,Loyal
17288.0,8.0,11,2468.429999999999,4,4,4,12,Champions
15544.0,8.0,20,7807.890000000012,4,4,4,12,Champions
17937.0,8.0,7,4301.22,4,4,4,12,Champions
16712.0,8.0,13,4232.869999999995,4,4,4,12,Champions
14618.0,8.0,7,1342.3199999999997,4,4,3,11,Champions
16938.0,8.0,9,6995.35999999999,4,4,4,12,Champions
15444.0,8.0,2,1411.2100000000025,4,2,3,9,Loyal
17911.0,8.0,1,366.2300000000001,4,1,2,7,At Risk
14713.0,8.0,21,5115.759999999994,4,4,4,12,Champions
15251.0,8.0,21,20324.540000000008,4,4,4,12,Champions
15467.0,8.0,3,524.8800000000001,4,2,2,8,Loyal
13090.0,8.0,24,13091.739999999998,4,4,4,12,Champions
15993.0,8.0,7,2777.669999999999,4,4,4,12,Champions
13509.0,8.0,8,1114.72,4,4,3,11,Champions
12572.0,8.0,2,1020.4200000000002,4,2,3,9,Loyal
12714.0,8.0,12,14093.710000000006,4,4,4,12,Champions
16145.0,8.0,19,6805.44,4,4,4,12,Champions
16915.0,8.0,11,1543.1800000000005,4,4,3,11,Champions
14178.0,8.0,7,1600.2599999999998,4,3,3,10,Champions
15380.0,8.0,11,3248.9600000000023,4,4,4,12,Champions
14659.0,8.0,9,2529.930000000001,4,4,4,12,Champions
15021.0,8.0,12,2500.590000000001,4,4,4,12,Champions
16265.0,8.0,12,6935.169999999999,4,4,4,12,Champions
12784.0,8.0,3,1763.1500000000008,4,3,3,10,Champions
14047.0,8.0,14,3968.1099999999997,4,4,4,12,Champions
14448.0,8.0,2,375.35,4,2,2,8,Loyal
14869.0,8.0,6,2778.1399999999985,4,3,4,11,Champions
14385.0,8.0,3,202.10999999999999,4,2,1,7,At Risk
14146.0,8.0,12,9450.299999999992,4,4,4,12,Champions
13854.0,8.0,39,11944.560000000009,4,4,4,12,Champions
15654.0,8.0,2,922.5300000000001,4,2,3,9,Loyal
17736.0,8.0,3,377.44,4,2,2,8,Loyal
13159.0,8.0,4,1429.3500000000008,4,3,3,10,Champions
12882.0,8.0,2,1463.0399999999995,4,2,3,9,Loyal
12528.0,8.0,6,1933.480000000001,4,3,3,10,Champions
15687.0,8.0,9,2993.1000000000004,4,4,4,12,Champions
18179.0,8.0,8,2547.550000000001,4,4,4,12,Champions
16156.0,8.0,20,6188.180000000001,4,4,4,12,Champions
16701.0,8.0,26,9916.729999999994,4,4,4,12,Champions
15712.0,8.0,12,3472.4099999999985,4,4,4,12,Champions
16169.0,7.0,4,1822.9700000000003,4,3,3,10,Champions
12664.0,7.0,11,6070.04,4,4,4,12,Champions
12558.0,7.0,1,269.96000000000004,4,1,1,6,At Risk
14262.0,7.0,8,2618.2300000000014,4,4,4,12,Champions
17386.0,7.0,7,2812.77,4,4,4,12,Champions
16440.0,7.0,6,3856.9699999999993,4,3,4,11,Champions
14895.0,7.0,38,25119.54000000002,4,4,4,12,Champions
15060.0,7.0,4,294.24999999999983,4,3,1,8,Loyal
17115.0,7.0,7,2761.4900000000016,4,4,4,12,Champions
12364.0,7.0,4,1313.1,4,3,3,10,Champions
18122.0,7.0,6,1793.0600000000013,4,3,3,10,Champions
12700.0,7.0,4,4939.990000000007,4,3,4,11,Champions
16119.0,7.0,8,1720.8100000000002,4,4,3,11,Champions
16899.0,7.0,8,1695.7700000000004,4,4,3,11,Champions
14309.0,7.0,11,3780.8100000000018,4,4,4,12,Champions
14298.0,7.0,82,91194.49000000078,4,4,4,12,Champions
17942.0,7.0,1,77.50000000000001,4,1,1,6,At Risk
12553.0,7.0,12,4608.750000000003,4,4,4,12,Champions
16242.0,7.0,14,7404.649999999997,4,4,4,12,Champions
16038.0,7.0,3,471.78,4,2,2,8,Loyal
17576.0,7.0,41,8711.950000000004,4,4,4,12,Champions
15531.0,7.0,2,1972.389999999999,4,2,3,9,Loyal
17426.0,7.0,13,8077.769999999991,4,4,4,12,Champions
17321.0,7.0,6,1665.2100000000007,4,3,3,10,Champions
18282.0,7.0,2,178.05,4,2,1,7,At Risk
14287.0,7.0,3,176.63,4,2,1,7,At Risk
12684.0,7.0,7,2283.629999999999,4,4,4,12,Champions
14092.0,7.0,24,7229.449999999991,4,4,4,12,Champions
15862.0,7.0,13,2512.2900000000013,4,4,4,12,Champions
15144.0,7.0,29,12160.309999999983,4,4,4,12,Champions
15028.0,7.0,6,962.9399999999998,4,3,3,10,Champions
12762.0,7.0,2,1898.5200000000002,4,2,3,9,Loyal
13183.0,7.0,15,7036.180000000003,4,4,4,12,Champions
12919.0,7.0,6,1335.1899999999996,4,3,3,10,Champions
16966.0,7.0,7,2154.9700000000003,4,4,3,11,Champions
14367.0,7.0,16,9227.820000000007,4,4,4,12,Champions
17293.0,7.0,17,3750.63,4,4,4,12,Champions
17350.0,7.0,7,1893.7010000000007,4,3,3,10,Champions
16011.0,7.0,29,5601.009999999996,4,4,4,12,Champions
17566.0,7.0,2,869.7700000000002,4,2,3,9,Loyal
18097.0,7.0,11,4627.919999999999,4,4,4,12,Champions
14732.0,7.0,19,5517.0700000000015,4,4,4,12,Champions
13705.0,7.0,7,1717.1899999999998,4,3,3,10,Champions
14960.0,7.0,2,221.26999999999995,4,2,1,7,At Risk
18077.0,7.0,18,4078.7899999999972,4,4,4,12,Champions
17450.0,7.0,51,244784.25000000003,4,4,4,12,Champions
17768.0,7.0,7,3292.7300000000005,4,4,4,12,Champions
14897.0,7.0,8,3140.54,4,4,4,12,Champions
14292.0,7.0,16,9226.24999999999,4,4,4,12,Champions
18144.0,7.0,19,4892.95,4,4,4,12,Champions
17157.0,7.0,19,5151.899999999999,4,4,4,12,Champions
14126.0,7.0,4,1172.46,4,3,3,10,Champions
16789.0,7.0,1,80.8,4,2,1,7,At Risk
15948.0,7.0,3,1509.0899999999997,4,3,3,10,Champions
15904.0,7.0,1,164.68000000000004,4,1,1,6,At Risk
14440.0,7.0,13,5982.030000000001,4,4,4,12,Champions
15500.0,7.0,4,1131.5600000000004,4,3,3,10,Champions
14299.0,7.0,27,14070.250000000002,4,4,4,12,Champions
12856.0,7.0,6,2170.7799999999997,4,3,3,10,Champions
13297.0,7.0,7,4368.620000000001,4,4,4,12,Champions
17183.0,7.0,6,3347.309999999999,4,3,4,11,Champions
14688.0,7.0,28,7190.419999999994,4,4,4,12,Champions
12562.0,7.0,9,4966.920000000004,4,4,4,12,Champions
12587.0,7.0,1,144.0,4,1,1,6,At Risk
17014.0,7.0,3,583.4300000000001,4,3,2,9,Loyal
17495.0,7.0,3,806.7199999999997,4,2,2,8,Loyal
15434.0,7.0,11,2567.0599999999986,4,4,4,12,Champions
14655.0,7.0,7,3878.5099999999993,4,4,4,12,Champions
16813.0,7.0,10,1652.1800000000007,4,4,3,11,Champions
16759.0,7.0,3,789.7899999999998,4,2,2,8,Loyal
15602.0,7.0,16,3137.9599999999996,4,4,4,12,Champions
12963.0,7.0,12,3235.7900000000004,4,4,4,12,Champions
14766.0,7.0,11,6375.729999999996,4,4,4,12,Champions
16333.0,7.0,22,26626.8,4,4,4,12,Champions
13495.0,7.0,10,4863.309999999999,4,4,4,12,Champions
15373.0,7.0,17,3084.540000000001,4,4,4,12,Champions
16103.0,6.0,22,6191.710000000004,4,4,4,12,Champions
17611.0,6.0,28,8337.52999999998,4,4,4,12,Champions
14594.0,6.0,2,363.3299999999999,4,2,2,8,Loyal
15271.0,6.0,24,4528.539999999999,4,4,4,12,Champions
12970.0,6.0,10,1453.5999999999997,4,4,3,11,Champions
15570.0,6.0,25,8736.489999999987,4,4,4,12,Champions
14250.0,6.0,3,1904.0499999999988,4,2,3,9,Loyal
15547.0,6.0,26,10057.050000000007,4,4,4,12,Champions
12704.0,6.0,8,2340.84,4,4,4,12,Champions
13560.0,6.0,1,171.42000000000004,4,1,1,6,At Risk
13017.0,6.0,1,204.0,4,1,1,6,At Risk
16474.0,6.0,7,1810.6500000000021,4,3,3,10,Champions
15078.0,6.0,53,17286.729999999945,4,4,4,12,Champions
13953.0,6.0,12,6640.680000000002,4,4,4,12,Champions
12695.0,6.0,7,1407.1200000000001,4,3,3,10,Champions
17086.0,6.0,6,2050.079999999999,4,3,3,10,Champions
17584.0,6.0,6,5309.419999999999,4,3,4,11,Champions
13309.0,6.0,6,1706.3699999999992,4,3,3,10,Champions
16989.0,6.0,6,1133.25,4,3,3,10,Champions
15769.0,6.0,46,88612.51999999999,4,4,4,12,Champions
17686.0,6.0,9,8296.810000000007,4,4,4,12,Champions
14493.0,6.0,10,5087.859999999999,4,4,4,12,Champions
14560.0,6.0,44,6114.029999999996,4,4,4,12,Champions
17221.0,6.0,5,976.6199999999998,4,3,3,10,Champions
14031.0,6.0,44,39019.51000000003,4,4,4,12,Champions
14788.0,6.0,3,1156.32,4,2,3,9,Loyal
14428.0,6.0,5,1224.0600000000004,4,3,3,10,Champions
17567.0,6.0,9,4838.08,4,4,4,12,Champions
18055.0,6.0,14,10142.640000000014,4,4,4,12,Champions
15539.0,6.0,1,538.4600000000003,4,1,2,7,At Risk
13969.0,6.0,35,12973.459999999985,4,4,4,12,Champions
15123.0,6.0,5,4656.170000000005,4,3,4,11,Champions
16359.0,6.0,16,2697.7500000000014,4,4,4,12,Champions
13458.0,6.0,16,11959.269999999988,4,4,4,12,Champions
14023.0,6.0,2,584.0699999999999,4,2,2,8,Loyal
12962.0,6.0,2,266.39,4,2,1,7,At Risk
13884.0,6.0,10,1825.0300000000004,4,4,3,11,Champions
13868.0,6.0,2,3192.54,4,2,4,10,Champions
14865.0,6.0,4,92.52000000000001,4,3,1,8,Loyal
13780.0,6.0,3,732.0700000000003,4,3,2,9,Loyal
18245.0,6.0,20,6324.979999999998,4,4,4,12,Champions
18174.0,6.0,2,162.5,4,2,1,7,At Risk
16561.0,5.0,2,511.12000000000006,4,2,2,8,Loyal
15773.0,5.0,2,774.5200000000001,4,2,2,8,Loyal
12952.0,5.0,4,1387.7900000000004,4,3,3,10,Champions
17114.0,5.0,8,801.1199999999998,4,4,2,10,Champions
14583.0,5.0,8,1660.2900000000016,4,4,3,11,Champions
17618.0,5.0,11,4001.640000000001,4,4,4,12,Champions
18065.0,5.0,29,5866.629999999994,4,4,4,12,Champions
14354.0,5.0,2,163.62,4,2,1,7,At Risk
16283.0,5.0,8,4350.320000000007,4,4,4,12,Champions
13153.0,5.0,1,486.22000000000014,4,1,2,7,At Risk
13596.0,5.0,2,664.1099999999997,4,2,2,8,Loyal
13558.0,5.0,4,594.5199999999994,4,3,2,9,Loyal
13808.0,5.0,5,1747.6600000000003,4,3,3,10,Champions
14720.0,5.0,3,663.8100000000002,4,3,2,9,Loyal
16326.0,5.0,24,4721.25,4,4,4,12,Champions
13838.0,5.0,10,1690.0700000000058,4,4,3,11,Champions
17629.0,5.0,10,2455.519999999999,4,4,4,12,Champions
16033.0,5.0,27,10608.809999999972,4,4,4,12,Champions
17858.0,5.0,30,12518.650000000003,4,4,4,12,Champions
12827.0,5.0,3,430.15000000000003,4,2,2,8,Loyal
13822.0,5.0,2,631.9999999999998,4,2,2,8,Loyal
16438.0,5.0,5,798.3499999999998,4,3,2,9,Loyal
16931.0,4.0,23,5032.219999999993,4,4,4,12,Champions
14658.0,4.0,2,247.14999999999995,4,2,1,7,At Risk
15628.0,4.0,17,5333.079999999998,4,4,4,12,Champions
17827.0,4.0,6,2376.17,4,3,4,11,Champions
17579.0,4.0,4,753.2800000000003,4,3,2,9,Loyal
16746.0,4.0,42,18046.749999999996,4,4,4,12,Champions
14456.0,4.0,9,3017.279999999999,4,4,4,12,Champions
13435.0,4.0,9,4447.330000000001,4,4,4,12,Champions
16905.0,4.0,17,4706.77,4,4,4,12,Champions
16535.0,4.0,3,972.04,4,2,3,9,Loyal
13417.0,4.0,6,1669.4900000000005,4,3,3,10,Champions
12490.0,4.0,21,9823.640000000003,4,4,4,12,Champions
15358.0,4.0,42,16425.86000000004,4,4,4,12,Champions
16988.0,4.0,2,382.67,4,2,2,8,Loyal
15867.0,4.0,31,8923.299999999981,4,4,4,12,Champions
17173.0,4.0,8,3766.599999999999,4,4,4,12,Champions
14075.0,4.0,6,1734.8700000000003,4,3,3,10,Champions
16811.0,4.0,2,547.07,4,2,2,8,Loyal
17750.0,4.0,9,1710.4499999999998,4,4,3,11,Champions
18180.0,4.0,6,1843.75,4,3,3,10,Champions
12913.0,4.0,13,6283.24,4,4,4,12,Champions
15053.0,4.0,3,693.9499999999997,4,3,2,9,Loyal
12673.0,4.0,3,1230.0200000000002,4,2,3,9,Loyal
14194.0,4.0,36,18670.589999999935,4,4,4,12,Champions
16360.0,4.0,6,3450.409999999998,4,3,4,11,Champions
15290.0,4.0,26,10496.280000000002,4,4,4,12,Champions
14649.0,4.0,9,3651.1899999999955,4,4,4,12,Champions
15033.0,4.0,10,2557.18,4,4,4,12,Champions
16682.0,4.0,5,1028.0,4,3,3,10,Champions
18223.0,4.0,26,14000.849999999982,4,4,4,12,Champions
14931.0,4.0,5,1257.68,4,3,3,10,Champions
12782.0,4.0,11,4618.239999999999,4,4,4,12,Champions
13736.0,4.0,7,2752.469999999995,4,4,4,12,Champions
15572.0,4.0,10,3965.200000000001,4,4,4,12,Champions
17131.0,4.0,5,2463.17,4,3,4,11,Champions
17254.0,4.0,3,469.47999999999945,4,2,2,8,Loyal
16500.0,4.0,9,843.91,4,4,2,10,Champions
13956.0,4.0,5,1019.2700000000003,4,3,3,10,Champions
15392.0,4.0,7,2911.6199999999985,4,4,4,12,Champions
13126.0,4.0,13,3774.809999999998,4,4,4,12,Champions
14102.0,4.0,5,1105.8799999999997,4,3,3,10,Champions
16642.0,4.0,3,1077.4500000000003,4,2,3,9,Loyal
14060.0,4.0,30,8898.240000000009,4,4,4,12,Champions
13704.0,4.0,9,2308.059999999998,4,4,4,12,Champions
17526.0,4.0,12,3939.2399999999993,4,4,4,12,Champions
16513.0,4.0,4,874.5900000000003,4,3,3,10,Champions
14546.0,4.0,11,5184.8399999999965,4,4,4,12,Champions
12646.0,4.0,2,1346.97,4,2,3,9,Loyal
14759.0,4.0,3,1625.9699999999993,4,3,3,10,Champions
17954.0,4.0,19,3804.379999999995,4,4,4,12,Champions
12841.0,4.0,40,6958.199999999988,4,4,4,12,Champions
13630.0,4.0,7,2031.7799999999997,4,4,3,11,Champions
16873.0,4.0,12,14617.390000000001,4,4,4,12,Champions
16149.0,4.0,3,422.21999999999997,4,2,2,8,Loyal
12724.0,4.0,7,2317.5200000000004,4,4,4,12,Champions
17936.0,4.0,1,380.13,4,1,2,7,At Risk
12560.0,4.0,3,2134.01,4,2,3,9,Loyal
17402.0,4.0,23,4635.559999999999,4,4,4,12,Champions
12925.0,4.0,3,729.3299999999995,4,3,2,9,Loyal
17006.0,4.0,8,1635.2699999999995,4,4,3,11,Champions
13319.0,4.0,58,21323.22,4,4,4,12,Champions
12381.0,4.0,5,1845.3100000000009,4,3,3,10,Champions
12719.0,4.0,2,644.9499999999999,4,2,2,8,Loyal
12877.0,3.0,20,2942.139999999998,4,4,4,12,Champions
13755.0,3.0,9,2108.0600000000013,4,4,3,11,Champions
14418.0,3.0,3,1937.2500000000002,4,2,3,9,Loyal
17346.0,3.0,26,4998.609999999994,4,4,4,12,Champions
12994.0,3.0,3,974.4199999999998,4,2,3,9,Loyal
14739.0,3.0,25,11573.619999999999,4,4,4,12,Champions
17857.0,3.0,24,27347.039999999997,4,4,4,12,Champions
14562.0,3.0,26,6638.1499999999905,4,4,4,12,Champions
14825.0,3.0,24,4735.080000000006,4,4,4,12,Champions
15854.0,3.0,21,5578.279999999993,4,4,4,12,Champions
15097.0,3.0,3,908.3500000000003,4,3,3,10,Champions
14140.0,3.0,2,935.0499999999998,4,2,3,9,Loyal
15274.0,3.0,2,716.5699999999998,4,2,2,8,Loyal
17404.0,3.0,23,47781.11999999998,4,4,4,12,Champions
14219.0,3.0,3,633.8299999999998,4,3,2,9,Loyal
16592.0,3.0,28,7807.909999999992,4,4,4,12,Champions
12683.0,3.0,21,11633.699999999997,4,4,4,12,Champions
15992.0,3.0,3,896.5999999999999,4,3,3,10,Champions
16379.0,3.0,4,2157.4,4,3,3,10,Champions
16597.0,3.0,1,90.04,4,2,1,7,At Risk
14121.0,3.0,4,2780.1499999999996,4,3,4,11,Champions
12478.0,3.0,1,680.9900000000001,4,1,2,7,At Risk
14737.0,3.0,4,3554.1699999999996,4,3,4,11,Champions
14110.0,3.0,33,12987.949999999992,4,4,4,12,Champions
13001.0,3.0,33,24042.64999999996,4,4,4,12,Champions
17728.0,3.0,5,4238.760000000001,4,3,4,11,Champions
17250.0,3.0,2,381.97,4,2,2,8,Loyal
13083.0,3.0,3,395.43,4,2,2,8,Loyal
14113.0,3.0,16,7092.609999999999,4,4,4,12,Champions
12723.0,3.0,5,725.07,4,3,2,9,Loyal
13305.0,3.0,16,3616.4100000000035,4,4,4,12,Champions
15621.0,3.0,4,1293.0300000000002,4,3,3,10,Champions
15031.0,3.0,14,3102.9399999999996,4,4,4,12,Champions
16353.0,3.0,38,9795.46,4,4,4,12,Champions
14629.0,3.0,2,955.2600000000006,4,2,3,9,Loyal
17481.0,3.0,4,1255.5900000000006,4,3,3,10,Champions
17666.0,3.0,5,2047.8,4,3,3,10,Champions
18283.0,3.0,22,2664.900000000004,4,4,4,12,Champions
13694.0,3.0,143,195640.69000000006,4,4,4,12,Champions
15145.0,3.0,4,1194.7300000000005,4,3,3,10,Champions
18030.0,3.0,2,230.64999999999998,4,2,1,7,At Risk
12749.0,3.0,9,6897.360000000001,4,4,4,12,Champions
15157.0,3.0,5,2654.1099999999983,4,3,4,11,Champions
17090.0,3.0,13,3080.179999999999,4,4,4,12,Champions
15690.0,3.0,2,239.76,4,2,1,7,At Risk
13881.0,3.0,43,45179.1,4,4,4,12,Champions
13021.0,3.0,17,4887.239999999999,4,4,4,12,Champions
16904.0,3.0,21,4675.359999999994,4,4,4,12,Champions
16764.0,3.0,13,2790.950000000004,4,4,4,12,Champions
13790.0,3.0,1,348.8000000000001,4,1,2,7,At Risk
17706.0,3.0,31,20272.15000000001,4,4,4,12,Champions
13994.0,3.0,6,2274.14,4,3,4,11,Champions
17914.0,3.0,1,329.35999999999984,4,1,1,6,At Risk
12628.0,3.0,3,786.46,4,2,2,8,Loyal
16949.0,3.0,6,1286.27,4,3,3,10,Champions
16790.0,3.0,6,1545.6199999999994,4,3,3,10,Champions
17811.0,3.0,47,9519.799999999988,4,4,4,12,Champions
15061.0,3.0,127,126389.02000000015,4,4,4,12,Champions
14096.0,3.0,17,65164.78999999964,4,4,4,12,Champions
13311.0,3.0,2,598.5700000000002,4,2,2,8,Loyal
18198.0,3.0,17,5425.560000000004,4,4,4,12,Champions
12766.0,3.0,9,8918.989999999998,4,4,4,12,Champions
16600.0,3.0,13,2153.41,4,4,3,11,Champions
15318.0,3.0,1,312.62000000000023,4,1,1,6,At Risk
12716.0,3.0,2,1053.4899999999998,4,2,3,9,Loyal
18015.0,3.0,1,120.03,4,1,1,6,At Risk
13079.0,3.0,6,419.17999999999995,4,3,2,9,Loyal
16620.0,3.0,6,1758.93,4,3,3,10,Champions
18044.0,3.0,18,3505.6099999999997,4,4,4,12,Champions
17676.0,3.0,10,2448.639999999999,4,4,4,12,Champions
15550.0,3.0,12,2211.049999999999,4,4,3,11,Champions
17817.0,3.0,6,788.1500000000001,4,3,2,9,Loyal
16528.0,3.0,1,244.40999999999994,4,1,1,6,At Risk
15856.0,3.0,52,32275.950000000135,4,4,4,12,Champions
12682.0,3.0,52,22950.219999999972,4,4,4,12,Champions
16200.0,3.0,12,5608.099999999982,4,4,4,12,Champions
17920.0,3.0,54,23581.780000000246,4,4,4,12,Champions
16684.0,3.0,55,147142.76999999996,4,4,4,12,Champions
17744.0,3.0,7,2649.139999999999,4,4,4,12,Champions
13709.0,3.0,18,7571.350000000004,4,4,4,12,Champions
13230.0,3.0,30,6120.009999999996,4,4,4,12,Champions
17218.0,3.0,18,3891.389999999999,4,4,4,12,Champions
16133.0,3.0,56,22992.25999999999,4,4,4,12,Champions
16968.0,3.0,2,439.4300000000002,4,2,2,8,Loyal
12584.0,3.0,9,2338.1499999999996,4,4,4,12,Champions
13985.0,3.0,22,10020.859999999991,4,4,4,12,Champions
18005.0,3.0,2,226.4699999999999,4,2,1,7,At Risk
16929.0,3.0,7,1295.3900000000006,4,4,3,11,Champions
14735.0,3.0,56,12240.159999999996,4,4,4,12,Champions
17290.0,3.0,8,1487.9600000000005,4,4,3,11,Champions
14401.0,3.0,22,6795.8999999999905,4,4,4,12,Champions
12971.0,3.0,116,15704.6,4,4,4,12,Champions
17383.0,3.0,2,304.0899999999999,4,2,1,7,At Risk
17593.0,3.0,11,8092.319999999996,4,4,4,12,Champions
14083.0,3.0,11,1082.1899999999998,4,4,3,11,Champions
13199.0,3.0,67,15964.20999999999,4,4,4,12,Champions
16015.0,3.0,3,704.5499999999995,4,3,2,9,Loyal
15932.0,3.0,8,2495.870000000001,4,4,4,12,Champions
14696.0,3.0,8,2473.28,4,4,4,12,Champions
16910.0,3.0,8,1508.9600000000016,4,4,3,11,Champions
14071.0,3.0,8,1437.5700000000027,4,4,3,11,Champions
15640.0,3.0,29,23494.31000000004,4,4,4,12,Champions
12367.0,3.0,1,168.9,4,1,1,6,At Risk
16851.0,3.0,3,342.45000000000005,4,3,2,9,Loyal
14547.0,3.0,8,3974.749999999999,4,4,4,12,Champions
15907.0,3.0,3,882.7199999999997,4,3,3,10,Champions
17884.0,3.0,20,2698.4699999999993,4,4,4,12,Champions
16013.0,3.0,84,56078.44000000004,4,4,4,12,Champions
13173.0,3.0,11,2399.820000000003,4,4,4,12,Champions
14608.0,3.0,11,3352.94,4,4,4,12,Champions
16979.0,3.0,9,2859.7399999999993,4,4,4,12,Champions
16539.0,2.0,10,3289.66,4,4,4,12,Champions
14794.0,2.0,10,1953.8999999999999,4,4,3,11,Champions
14871.0,2.0,9,1228.1700000000008,4,4,3,11,Champions
14572.0,2.0,11,5526.879999999993,4,4,4,12,Champions
13104.0,2.0,9,1709.1000000000001,4,4,3,11,Champions
12362.0,2.0,11,5356.230000000005,4,4,4,12,Champions
18272.0,2.0,9,4385.979999999996,4,4,4,12,Champions
14293.0,2.0,9,2903.0099999999998,4,4,4,12,Champions
17705.0,2.0,11,2083.899999999999,4,4,3,11,Champions
16016.0,2.0,11,2083.400000000002,4,4,3,11,Champions
16711.0,2.0,9,2868.479999999999,4,4,4,12,Champions
14578.0,2.0,1,168.63,4,1,1,6,At Risk
12820.0,2.0,11,2689.520000000002,4,4,4,12,Champions
12442.0,2.0,1,172.06,4,1,1,6,At Risk
16987.0,2.0,11,2521.4,4,4,4,12,Champions
13743.0,2.0,7,1341.5999999999997,4,4,3,11,Champions
13685.0,2.0,7,3119.4400000000014,4,4,4,12,Champions
14868.0,2.0,12,4184.010000000001,4,4,4,12,Champions
14673.0,2.0,7,3037.3200000000006,4,4,4,12,Champions
16143.0,2.0,12,4555.080000000002,4,4,4,12,Champions
12826.0,2.0,12,2800.7500000000036,4,4,4,12,Champions
17883.0,2.0,7,988.4199999999998,4,3,3,10,Champions
14503.0,2.0,6,3543.260000000001,4,3,4,11,Champions
16678.0,2.0,12,3109.990000000001,4,4,4,12,Champions
14527.0,2.0,122,27246.880000000478,4,4,4,12,Champions
15822.0,2.0,6,1840.0599999999993,4,3,3,10,Champions
12650.0,2.0,1,314.43999999999994,4,1,1,6,At Risk
12828.0,2.0,6,1018.71,4,3,3,10,Champions
16817.0,2.0,13,2560.700000000001,4,4,4,12,Champions
13949.0,2.0,6,2427.3199999999983,4,3,4,11,Champions
18237.0,2.0,5,987.0999999999998,4,3,3,10,Champions
16569.0,2.0,5,1455.23,4,3,3,10,Champions
14216.0,2.0,5,2150.0400000000004,4,3,3,10,Champions
13323.0,2.0,5,787.85,4,3,2,9,Loyal
16201.0,2.0,5,2112.1199999999994,4,3,3,10,Champions
12912.0,2.0,5,1662.3,4,3,3,10,Champions
17042.0,2.0,5,1036.5800000000004,4,3,3,10,Champions
13882.0,2.0,5,1191.1300000000003,4,3,3,10,Champions
18154.0,2.0,5,932.5999999999999,4,3,3,10,Champions
15969.0,2.0,5,1127.0500000000002,4,3,3,10,Champions
15195.0,2.0,1,3861.0,4,1,4,9,Loyal
14708.0,2.0,5,1793.2199999999998,4,3,3,10,Champions
13507.0,2.0,4,2479.159999999999,4,3,4,11,Champions
17412.0,2.0,16,4220.220000000001,4,4,4,12,Champions
14907.0,2.0,16,5547.719999999996,4,4,4,12,Champions
15136.0,2.0,4,1286.7000000000003,4,3,3,10,Champions
13225.0,2.0,16,16260.070000000002,4,4,4,12,Champions
18219.0,2.0,17,3352.700000000001,4,4,4,12,Champions
14141.0,2.0,4,915.1300000000001,4,3,3,10,Champions
17119.0,2.0,2,606.9099999999999,4,2,2,8,Loyal
14769.0,2.0,17,15514.110000000017,4,4,4,12,Champions
15750.0,2.0,18,6452.990999999984,4,4,4,12,Champions
17861.0,2.0,18,5088.289999999997,4,4,4,12,Champions
16313.0,2.0,2,274.15000000000003,4,2,1,7,At Risk
14910.0,2.0,4,434.35,4,3,2,9,Loyal
14397.0,2.0,19,2612.96,4,4,4,12,Champions
17091.0,2.0,19,7495.750000000011,4,4,4,12,Champions
17049.0,2.0,19,9942.529999999975,4,4,4,12,Champions
17730.0,2.0,20,7773.799999999994,4,4,4,12,Champions
12417.0,2.0,20,6797.41,4,4,4,12,Champions
17835.0,2.0,3,342.23999999999984,4,3,1,8,Loyal
15023.0,2.0,20,11578.64999999999,4,4,4,12,Champions
16495.0,2.0,3,648.2600000000003,4,3,2,9,Loyal
16191.0,2.0,24,15677.820000000005,4,4,4,12,Champions
14087.0,2.0,3,829.4699999999991,4,2,2,8,Loyal
14282.0,2.0,25,7250.760000000011,4,4,4,12,Champions
13089.0,2.0,203,113416.90999999936,4,4,4,12,Champions
18225.0,2.0,26,13014.799999999967,4,4,4,12,Champions
14534.0,2.0,26,6187.659999999991,4,4,4,12,Champions
12839.0,2.0,26,9669.11999999999,4,4,4,12,Champions
12583.0,2.0,27,13591.580000000009,4,4,4,12,Champions
15194.0,2.0,28,12021.529999999982,4,4,4,12,Champions
17017.0,2.0,29,12576.989999999985,4,4,4,12,Champions
15984.0,2.0,30,8393.019999999982,4,4,4,12,Champions
12720.0,2.0,30,7787.279999999995,4,4,4,12,Champions
16458.0,2.0,30,5690.890000000013,4,4,4,12,Champions
17238.0,2.0,32,7331.669999999983,4,4,4,12,Champions
12989.0,2.0,33,13551.750000000002,4,4,4,12,Champions
13668.0,2.0,35,12948.479999999994,4,4,4,12,Champions
13267.0,2.0,36,9429.81,4,4,4,12,Champions
15568.0,2.0,3,758.29,4,2,2,8,Loyal
17232.0,2.0,2,417.77,4,2,2,8,Loyal
17503.0,2.0,2,558.96,4,2,2,8,Loyal
15498.0,2.0,44,24972.860000000004,4,4,4,12,Champions
13078.0,2.0,57,29018.060000000012,4,4,4,12,Champions
17511.0,2.0,60,172132.86999999994,4,4,4,12,Champions
16000.0,2.0,3,12393.7,4,2,4,10,Champions
16271.0,2.0,10,3397.8200000000024,4,4,4,12,Champions
16076.0,2.0,10,2234.729999999999,4,4,3,11,Champions
16393.0,1.0,23,5297.769999999998,4,4,4,12,Champions
17841.0,1.0,211,68545.24999999873,4,4,4,12,Champions
16368.0,1.0,3,621.4399999999999,4,3,2,9,Loyal
13769.0,1.0,20,5478.119999999997,4,4,4,12,Champions
14395.0,1.0,20,7801.93,4,4,4,12,Champions
14138.0,1.0,2,965.8800000000002,4,2,3,9,Loyal
14132.0,1.0,11,3586.030000000001,4,4,4,12,Champions
16672.0,1.0,20,8134.94,4,4,4,12,Champions
13954.0,1.0,2,439.92,4,2,2,8,Loyal
13394.0,1.0,19,6621.699999999994,4,4,4,12,Champions
18092.0,1.0,18,14693.720000000016,4,4,4,12,Champions
18273.0,1.0,4,357.0,4,3,2,9,Loyal
14520.0,1.0,2,270.6,4,2,1,7,At Risk
14129.0,1.0,9,2591.3400000000006,4,4,4,12,Champions
15525.0,1.0,4,890.2200000000006,4,3,3,10,Champions
14204.0,1.0,4,1024.8300000000006,4,3,3,10,Champions
12569.0,1.0,32,4124.689999999999,4,4,4,12,Champions
14189.0,1.0,16,5503.149999999998,4,4,4,12,Champions
15187.0,1.0,16,4777.180000000001,4,4,4,12,Champions
14032.0,1.0,16,4546.410000000003,4,4,4,12,Champions
13314.0,1.0,3,775.9400000000002,4,2,2,8,Loyal
15237.0,1.0,4,1412.3200000000006,4,3,3,10,Champions
17856.0,1.0,4,1418.0300000000002,4,3,3,10,Champions
17590.0,1.0,3,1468.0199999999998,4,2,3,9,Loyal
17097.0,1.0,9,1143.3600000000008,4,4,3,11,Champions
14085.0,1.0,33,9720.669999999984,4,4,4,12,Champions
15701.0,1.0,4,1529.0000000000007,4,3,3,10,Champions
14904.0,1.0,4,1630.489999999999,4,3,3,10,Champions
15159.0,1.0,34,22116.73,4,4,4,12,Champions
17266.0,1.0,5,501.7199999999996,4,3,2,9,Loyal
12935.0,1.0,15,4243.860000000001,4,4,4,12,Champions
13870.0,1.0,15,5712.080000000001,4,4,4,12,Champions
17830.0,1.0,3,398.7,4,2,2,8,Loyal
16210.0,1.0,35,33750.970000000016,4,4,4,12,Champions
13534.0,1.0,35,7720.900000000022,4,4,4,12,Champions
17436.0,1.0,5,534.06,4,3,2,9,Loyal
12358.0,1.0,5,3887.0700000000024,4,3,4,11,Champions
12621.0,1.0,35,24311.200000000008,4,4,4,12,Champions
16426.0,1.0,10,1863.7599999999998,4,4,3,11,Champions
14191.0,1.0,15,4817.660000000003,4,4,4,12,Champions
14719.0,1.0,5,1581.8399999999997,4,3,3,10,Champions
14646.0,1.0,151,528602.5200000023,4,4,4,12,Champions
18109.0,1.0,38,9555.71,4,4,4,12,Champions
17602.0,1.0,14,7354.430000000005,4,4,4,12,Champions
12437.0,1.0,39,12683.400000000005,4,4,4,12,Champions
14251.0,1.0,5,2879.7,4,3,4,11,Champions
15443.0,1.0,14,5114.229999999992,4,4,4,12,Champions
17870.0,1.0,13,2753.2900000000004,4,4,4,12,Champions
17449.0,1.0,13,4868.149999999992,4,4,4,12,Champions
17522.0,1.0,5,1070.71,4,3,3,10,Champions
14698.0,1.0,5,1217.2700000000016,4,3,3,10,Champions
17315.0,1.0,43,9599.579999999989,4,4,4,12,Champions
16442.0,1.0,5,891.98,4,3,3,10,Champions
16161.0,1.0,43,12580.059999999956,4,4,4,12,Champions
17673.0,1.0,13,4173.880000000001,4,4,4,12,Champions
12783.0,1.0,6,2225.91,4,3,3,10,Champions
15520.0,1.0,1,343.5,4,1,2,7,At Risk
15471.0,1.0,3,1292.0099999999995,4,2,3,9,Loyal
16525.0,1.0,48,24151.300000000014,4,4,4,12,Champions
13924.0,1.0,6,1838.8500000000001,4,3,3,10,Champions
15453.0,1.0,7,1371.7700000000016,4,3,3,10,Champions
17631.0,1.0,7,998.4900000000002,4,3,3,10,Champions
16779.0,1.0,53,32809.03000000001,4,4,4,12,Champions
17677.0,1.0,54,35058.45999999997,4,4,4,12,Champions
17434.0,1.0,7,2373.8200000000006,4,4,4,12,Champions
18210.0,1.0,7,2768.8300000000004,4,4,4,12,Champions
13436.0,1.0,1,196.89,4,1,1,6,At Risk
16891.0,1.0,11,1727.9400000000026,4,4,3,11,Champions
12950.0,1.0,3,1843.0,4,2,3,9,Loyal
15214.0,1.0,8,1661.4400000000003,4,4,3,11,Champions
12615.0,1.0,8,5740.98,4,4,4,12,Champions
13468.0,1.0,72,12793.279999999988,4,4,4,12,Champions
13767.0,1.0,73,33903.57000000009,4,4,4,12,Champions
12471.0,1.0,79,39918.19000000004,4,4,4,12,Champions
12347.0,1.0,8,4921.529999999995,4,4,4,12,Champions
15877.0,1.0,2,490.33000000000015,4,2,2,8,Loyal
12747.0,1.0,26,8898.480000000003,4,4,4,12,Champions
17735.0,1.0,26,16790.329999999954,4,4,4,12,Champions
14135.0,1.0,24,8839.67,4,4,4,12,Champions
13408.0,1.0,106,50174.782000000014,4,4,4,12,Champions
14291.0,1.0,23,7904.099999999994,4,4,4,12,Champions
15883.0,1.0,2,396.48,4,2,2,8,Loyal
13756.0,1.0,23,8655.949999999995,4,4,4,12,Champions
14217.0,1.0,23,3298.5900000000006,4,4,4,12,Champions
15298.0,1.0,23,9061.769999999997,4,4,4,12,Champions
16523.0,1.0,28,11916.330000000007,4,4,4,12,Champions
15344.0,0.0,3,563.9399999999999,4,3,2,9,Loyal
18102.0,0.0,145,580987.0399999992,4,4,4,12,Champions
13069.0,0.0,38,9284.449999999992,4,4,4,12,Champions
13860.0,0.0,5,1245.9000000000003,4,3,3,10,Champions
14796.0,0.0,27,10169.33,4,4,4,12,Champions
16558.0,0.0,38,13304.109999999986,4,4,4,12,Champions
12518.0,0.0,5,2056.8899999999994,4,3,3,10,Champions
16358.0,0.0,5,2919.6499999999987,4,3,4,11,Champions
13426.0,0.0,22,8167.379999999987,4,4,4,12,Champions
17364.0,0.0,28,11972.920000000013,4,4,4,12,Champions
17668.0,0.0,2,347.75,4,2,2,8,Loyal
13510.0,0.0,11,4558.290000000005,4,4,4,12,Champions
13263.0,0.0,39,8676.199999999964,4,4,4,12,Champions
13269.0,0.0,28,8537.31999999999,4,4,4,12,Champions
15311.0,0.0,208,114966.41999999933,4,4,4,12,Champions
13098.0,0.0,28,28882.440000000017,4,4,4,12,Champions
13318.0,0.0,3,640.76,4,3,2,9,Loyal
16322.0,0.0,2,326.75,4,2,1,7,At Risk
16954.0,0.0,20,6081.879999999998,4,4,4,12,Champions
15399.0,0.0,3,815.77,4,2,2,8,Loyal
17644.0,0.0,20,6028.599999999998,4,4,4,12,Champions
12662.0,0.0,20,6726.540000000008,4,4,4,12,Champions
13536.0,0.0,7,3444.3899999999985,4,4,4,12,Champions
17757.0,0.0,56,9074.049999999977,4,4,4,12,Champions
14446.0,0.0,5,1200.2800000000016,4,3,3,10,Champions
14653.0,0.0,12,3593.0599999999968,4,4,4,12,Champions
15898.0,0.0,25,4996.449999999992,4,4,4,12,Champions
16446.0,0.0,2,168472.5,4,2,4,10,Champions
12985.0,0.0,2,1239.3800000000003,4,2,3,9,Loyal
16933.0,0.0,9,3099.3000000000006,4,4,4,12,Champions
13013.0,0.0,29,11097.43,4,4,4,12,Champions
14422.0,0.0,19,10271.519999999977,4,4,4,12,Champions
17001.0,0.0,19,6640.800000000001,4,4,4,12,Champions
14702.0,0.0,29,6368.779999999983,4,4,4,12,Champions
12955.0,0.0,11,4757.159999999999,4,4,4,12,Champions
14056.0,0.0,23,8152.70999999998,4,4,4,12,Champions
12423.0,0.0,10,2622.3899999999985,4,4,4,12,Champions
13798.0,0.0,110,75428.87000000011,4,4,4,12,Champions
17528.0,0.0,8,3628.5000000000014,4,4,4,12,Champions
14569.0,0.0,4,597.3300000000002,4,3,2,9,Loyal
16705.0,0.0,42,43515.05100000002,4,4,4,12,Champions
13404.0,0.0,2,252.49,4,2,1,7,At Risk
12680.0,0.0,4,880.81,4,3,3,10,Champions
15804.0,0.0,13,4206.3899999999985,4,4,4,12,Champions
13026.0,0.0,9,1733.0800000000002,4,4,3,11,Champions
17491.0,0.0,17,5653.670000000004,4,4,4,12,Champions
12748.0,0.0,336,53539.639999999774,4,4,4,12,Champions
15156.0,0.0,3,961.4900000000001,4,2,3,9,Loyal
15796.0,0.0,17,5171.629999999997,4,4,4,12,Champions
17581.0,0.0,43,17951.169999999995,4,4,4,12,Champions
16626.0,0.0,17,4413.100000000002,4,4,4,12,Champions
17144.0,0.0,2,984.5699999999998,4,2,3,9,Loyal
16688.0,0.0,4,1260.8599999999997,4,3,3,10,Champions
13777.0,0.0,61,49638.260000000024,4,4,4,12,Champions
17389.0,0.0,61,57215.32999999999,4,4,4,12,Champions
13298.0,0.0,1,360.0,4,1,2,7,At Risk
17490.0,0.0,9,2750.5,4,4,4,12,Champions
14621.0,0.0,9,3000.5700000000015,4,4,4,12,Champions
15694.0,0.0,24,9978.47999999999,4,4,4,12,Champions
14606.0,0.0,192,29951.370000000366,4,4,4,12,Champions
17428.0,0.0,45,31466.76000000006,4,4,4,12,Champions
13599.0,0.0,33,9811.039999999999,4,4,4,12,Champions
17243.0,0.0,69,20203.58000000001,4,4,4,12,Champions
16833.0,0.0,6,2409.0400000000004,4,3,4,11,Champions
17675.0,0.0,70,37642.48000000002,4,4,4,12,Champions
17754.0,0.0,13,4451.220000000003,4,4,4,12,Champions
15189.0,0.0,46,17524.379999999997,4,4,4,12,Champions
12713.0,0.0,1,848.55,4,2,2,8,Loyal
15208.0,0.0,6,970.52,4,3,3,10,Champions
13521.0,0.0,3,1071.7300000000002,4,2,3,9,Loyal
13471.0,0.0,4,2501.8399999999983,4,3,4,11,Champions
15484.0,0.0,6,4652.100000000001,4,3,4,11,Champions
14911.0,0.0,398,291420.810000001,4,4,4,12,Champions
14730.0,0.0,8,1897.5700000000043,4,4,3,11,Champions
16401.0,0.0,23,6849.149999999999,4,4,4,12,Champions
14441.0,0.0,11,4611.689999999999,4,4,4,12,Champions
13680.0,0.0,12,11419.669999999982,4,4,4,12,Champions
13077.0,0.0,11,2740.6499999999983,4,4,4,12,Champions
12526.0,0.0,3,1316.6600000000005,4,2,3,9,Loyal
16794.0,0.0,15,2052.7000000000007,4,4,3,11,Champions
17405.0,0.0,3,1031.4100000000005,4,2,3,9,Loyal
17530.0,0.0,12,2791.69,4,4,4,12,Champions
14415.0,0.0,23,11980.089999999933,4,4,4,12,Champions
17451.0,0.0,7,1721.4,4,3,3,10,Champions
17949.0,0.0,118,117314.08,4,4,4,12,Champions
15910.0,0.0,15,2661.169999999999,4,4,4,12,Champions
17554.0,0.0,5,1952.4499999999998,4,3,3,10,Champions
16892.0,0.0,7,754.7500000000003,4,4,2,10,Champions
13102.0,0.0,37,11380.099999999968,4,4,4,12,Champions
14051.0,0.0,37,21770.979999999996,4,4,4,12,Champions
12433.0,0.0,10,16794.14,4,4,4,12,Champions
13113.0,0.0,37,18230.07,4,4,4,12,Champions
13890.0,0.0,14,2927.3799999999983,4,4,4,12,Champions
